id,sku,type,sex,color,breed,feed,age_in_month,slides,sale_offer_percentage,feedlot_in_month,teeth,parts_available,height_in_inch,youtube_slug,weight_in_kg,price,is_special,is_dewormed,is_fmd_vaccinated,is_anthrax_vaccinated,is_lumpy_skin_disease,size,thumbnail,created_at,status
8286b4b3-7e70-40f1-a3c1-24f70d2dce1b,BLF 5013,COW,MALE_BULL,RED,SAHIWAL,['GRASS_GRAIN_FED'],2 Years,"[{'id': '6f57dfaa-8504-46f4-b342-5442cccddb60', 'image': 'https://uploads-master.aws.bengalmeat.com/media/cattle-image/2026/BLF_5013_2.jpg'}, {'id': '68fbab5f-dac9-4531-b75d-d1925208e70d', 'image': 'https://uploads-master.aws.bengalmeat.com/media/cattle-image/2026/BLF_5013_3.jpg'}, {'id': '23fcceb1-8af2-4933-9ca9-dd5720109778', 'image': 'https://uploads-master.aws.bengalmeat.com/media/cattle-image/2026/BLF_5013_4.jpg'}]",0.0,12 Months,2,0,44.5,nFxZe-ZUC1Y,375.0,242000.00,False,True,True,True,True,MEDIUM,https://uploads-master.aws.bengalmeat.com/media/cattle-thumbnail/2026/BLF_5013_1.jpg,2026-04-12T16:38:03.422706+06:00,AVAILABLE
4f4e3a06-3556-4280-90f5-7e8f528ac543,BLF 5007,COW,MALE_BULL,RED,LOCAL,['GRASS_GRAIN_FED'],2 Years,"[{'id': '4642bf63-f6ec-475b-8830-610d6879feaa', 'image': 'https://uploads-master.aws.bengalmeat.com/media/cattle-image/2026/BLF_5007_2.jpg'}, {'id': 'e4645b62-1bbb-44e2-a1db-0563a88ece85', 'image': 'https://uploads-master.aws.bengalmeat.com/media/cattle-image/2026/BLF_5007_3.jpg'}, {'id': 'c575a887-11ad-4254-8b75-584ebdc32ed7', 'image': 'https://uploads-master.aws.bengalmeat.com/media/cattle-image/2026/BLF_5007_4.jpg'}]",0.0,12 Months,2,0,40.4,pWeB_4ynAqc,270.0,177000.00,True,True,True,True,True,MINIMUM,https://uploads-master.aws.bengalmeat.com/media/cattle-thumbnail/2026/BLF_5007_1.jpg,2026-04-12T16:25:38.165079+06:00,ORDERED
571d00c3-e753-4079-807a-9c5b9316c494,BLF 5211,COW,MALE_BULL,NON_RED,LOCAL,['GRASS_GRAIN_FED'],2.5 Years,"[{'id': 'bdecaaa6-6f50-429b-bbdc-6edea5fccebc', 'image': 'https://uploads-master.aws.bengalmeat.com/media/cattle-image/2026/BLF_5211_2.jpg'}, {'id': 'c652147a-35b8-4610-a1f0-906c3884cbf7', 'image': 'https://uploads-master.aws.bengalmeat.com/media/cattle-image/2026/BLF_5211_3.jpg'}, {'id': '359f148e-61d8-4997-bb78-534c3a092e45', 'image': 'https://uploads-master.aws.bengalmeat.com/media/cattle-image/2026/BLF_5211_4.jpg'}]",0.0,6 Months,4,0,41.6,9kZZ-_RE_eE,230.0,154000.00,False,True,True,True,True,MINIMUM,https://uploads-master.aws.bengalmeat.com/media/cattle-thumbnail/2026/BLF_5211_1.jpg,2026-04-19T12:44:22.024686+06:00,AVAILABLE
b6f327c3-f072-441a-b0ae-309b4cea8e98,BLF 5205,COW,MALE_BULL,RED,SAHIWAL,['GRASS_GRAIN_FED'],2 Years,"[{'id': '373822bf-26f4-43f3-b26d-59b25c274f2e', 'image': 'https://uploads-master.aws.bengalmeat.com/media/cattle-image/2026/BLF_5205_2.jpg'}, {'id': '9537d0c4-6caf-49e7-b764-d922d5afb660', 'image': 'https://uploads-master.aws.bengalmeat.com/media/cattle-image/2026/BLF_5205_3.jpg'}, {'id': '4f3aabc9-46df-4b66-ad65-a116ee8bf14f', 'image': 'https://uploads-master.aws.bengalmeat.com/media/cattle-image/2026/BLF_5205_4.jpg'}]",0.0,6 Months,2,0,46.8,xe3e5DrQnQE,365.0,236000.00,False,True,True,True,True,MEDIUM,https://uploads-master.aws.bengalmeat.com/media/cattle-thumbnail/2026/BLF_5205_1.jpg,2026-04-19T11:13:02.691594+06:00,AVAILABLE
2692052d-e0bd-47f9-9bf1-561676b8e53e,BLF 5239,COW,MALE_BULL,RED,LOCAL,['GRASS_GRAIN_FED'],2 Years,"[{'id': 'e0cd06c4-f0df-41a8-a434-f1c4403da24f', 'image': 'https://uploads-master.aws.bengalmeat.com/media/cattle-image/2026/BLF_5239_2.jpg'}, {'id': '47e8aa9a-bcf1-45a1-853e-29b767babafa', 'image': 'https://uploads-master.aws.bengalmeat.com/media/cattle-image/2026/BLF_5239_3.jpg'}, {'id': 'ade940ab-5676-45e0-9407-042175d82933', 'image': 'https://uploads-master.aws.bengalmeat.com/media/cattle-image/2026/BLF_5239_4.jpg'}]",0.0,6 Months,2,0,43.0,PfSaslfNdww,220.0,145000.00,False,True,True,True,True,MINIMUM,https://uploads-master.aws.bengalmeat.com/media/cattle-thumbnail/2026/BLF_5239_1.jpg,2026-04-20T10:03:42.451740+06:00,ORDERED
79664e21-e6b1-4d9c-adb2-40195af92657,BLF 5198,COW,MALE_BULL,NON_RED,LOCAL,['GRASS_GRAIN_FED'],2.5 Years,"[{'id': 'b0581681-8d43-4b23-a890-ae92f14c7aa9', 'image': 'https://uploads-master.aws.bengalmeat.com/media/cattle-image/2026/BLF_5198_2.jpg'}, {'id': 'de866163-e762-4afd-b389-14d040535924', 'image': 'https://uploads-master.aws.bengalmeat.com/media/cattle-image/2026/BLF_5198_3.jpg'}, {'id': '94052f2b-a63f-463d-8bc7-3d98d48c42fb', 'image': 'https://uploads-master.aws.bengalmeat.com/media/cattle-image/2026/BLF_5198_4.jpg'}]",0.0,9 Months,4,0,40.7,NpZ3Q6zWk9Q,235.0,155000.00,False,True,True,True,True,MINIMUM,https://uploads-master.aws.bengalmeat.com/media/cattle-thumbnail/2026/BLF_5198_1.jpg,2026-04-15T15:07:37.831103+06:00,AVAILABLE
9d736616-1db7-4032-9212-725d2c59c3de,BLF 5167,COW,MALE_BULL,NON_RED,DHANNI,['GRASS_FED_GRASS_FINISHED'],3 Years,"[{'id': '17d7c6a4-f45f-4314-a855-413eb720dee1', 'image': 'https://uploads-master.aws.bengalmeat.com/media/cattle-image/2026/BLF_5167_2_KNxFq8F.jpg'}, {'id': 'dcacd34d-4f9d-4289-b63c-3e60f17f1260', 'image': 'https://uploads-master.aws.bengalmeat.com/media/cattle-image/2026/BLF_5167_3_3AOU2Mc.jpg'}, {'id': 'cf0c8e16-fe06-4a8a-acd1-76e6e9cc53fa', 'image': 'https://uploads-master.aws.bengalmeat.com/media/cattle-image/2026/BLF_5167_4_fnLn8C9.jpg'}]",0.0,12 Months,6,0,50.0,AU2kXP97U2o,527.0,335000.00,False,True,True,True,True,LARGE,https://uploads-master.aws.bengalmeat.com/media/cattle-thumbnail/2026/BLF_5167_1_T21VDXY.jpg,2026-04-11T22:28:06.675335+06:00,AVAILABLE
ffa27383-14db-42ec-8c32-6aec3b4b6108,BLF 5173,COW,MALE_BULL,NON_RED,LOCAL,['GRASS_FED_GRASS_FINISHED'],2 Years,"[{'id': '1d83458c-97ad-4477-9e81-d2fa02612942', 'image': 'https://uploads-master.aws.bengalmeat.com/media/cattle-image/2026/BLF_5173_2.jpg'}, {'id': '61dbf53c-8ffe-4383-be59-28d56d4aa03f', 'image': 'https://uploads-master.aws.bengalmeat.com/media/cattle-image/2026/BLF_5173_3.jpg'}, {'id': '0e478ef7-4baf-458c-95db-b984b05d2cb6', 'image': 'https://uploads-master.aws.bengalmeat.com/media/cattle-image/2026/BLF_5173_4.jpg'}]",0.0,12 Months,2,0,43.1,bbeWsmd951o,310.0,29000.00,False,True,True,True,True,MINIMUM,https://uploads-master.aws.bengalmeat.com/media/cattle-thumbnail/2026/BLF_5173_1.jpg,2026-04-18T17:20:54.621252+06:00,SHARED_ORDERED
4d514ee4-70f1-41d6-8344-8bf131d5fcc7,BLF 5172,COW,MALE_BULL,RED,SAHIWAL,['GRASS_FED_GRASS_FINISHED'],2 Years,"[{'id': '20b9e763-a8ea-4377-85af-59ffcb2d52c5', 'image': 'https://uploads-master.aws.bengalmeat.com/media/cattle-image/2026/BLF_5172_2_wq1XDya.jpg'}, {'id': '97294e00-6d1d-404c-bb67-c5499d9561ba', 'image': 'https://uploads-master.aws.bengalmeat.com/media/cattle-image/2026/BLF_5172_3_UnTq7FS.jpg'}, {'id': '62873b50-bd2c-4672-b2c2-1eac1f757672', 'image': 'https://uploads-master.aws.bengalmeat.com/media/cattle-image/2026/BLF_5172_4_EY4bdTi.jpg'}]",0.0,12 Months,2,0,45.5,psqaqiGj5yY,320.0,206000.00,False,True,True,True,True,MEDIUM,https://uploads-master.aws.bengalmeat.com/media/cattle-thumbnail/2026/BLF_5172_1_uC5ui1T.jpg,2026-04-11T22:38:47.282474+06:00,AVAILABLE
7f6e980e-756b-447b-9cba-92984d148f28,BLF 5166,COW,MALE_BULL,NON_RED,DHANNI,['GRASS_FED_GRASS_FINISHED'],2 Years,"[{'id': 'd2d395b4-b031-4c3f-b243-fae5aa15a2ee', 'image': 'https://uploads-master.aws.bengalmeat.com/media/cattle-image/2026/BLF_5166_2_9ssqxmM.jpg'}, {'id': 'd36f3d65-39da-450b-9ace-43db1dbd128e', 'image': 'https://uploads-master.aws.bengalmeat.com/media/cattle-image/2026/BLF_5166_3_aYXyhzK.jpg'}, {'id': '0bf58a3d-8ef1-41b3-b5cd-fb49baed6dcb', 'image': 'https://uploads-master.aws.bengalmeat.com/media/cattle-image/2026/BLF_5166_4_sSsnze7.jpg'}]",0.0,12 Months,2,0,46.3,1BPAqDi5wYo,350.0,226000.00,False,True,True,True,True,MEDIUM,https://uploads-master.aws.bengalmeat.com/media/cattle-thumbnail/2026/BLF_5166_1_RnV67f5.jpg,2026-04-13T16:15:06.260292+06:00,AVAILABLE
7c6aea9e-5760-4701-870b-4be43ce9223e,BLF 5238,COW,MALE_BULL,RED,LOCAL,['GRASS_GRAIN_FED'],2 Years,"[{'id': '703093ad-5645-4436-bac4-9fe0d1199abf', 'image': 'https://uploads-master.aws.bengalmeat.com/media/cattle-image/2026/BLF_5238_2.jpg'}, {'id': 'f9d00462-ab97-44b7-8de7-c44ca59e4dbd', 'image': 'https://uploads-master.aws.bengalmeat.com/media/cattle-image/2026/BLF_5238_3.jpg'}, {'id': 'bcfdd69f-d693-4c6b-98a5-ac1e1f9f50d2', 'image': 'https://uploads-master.aws.bengalmeat.com/media/cattle-image/2026/BLF_5238_4.jpg'}]",0.0,6 Months,2,0,39.0,w8H8oHEoqGQ,205.0,138000.00,True,True,True,True,True,MINIMUM,https://uploads-master.aws.bengalmeat.com/media/cattle-thumbnail/2026/BLF_5238_1.jpg,2026-04-20T10:22:34.771674+06:00,ORDERED
39415534-68c5-4a57-87a1-1c845391922d,BLF 5204,COW,MALE_BULL,RED,SAHIWAL,['GRASS_GRAIN_FED'],2 Years,"[{'id': '306da314-1b10-4aeb-9d4d-524a32fc7092', 'image': 'https://uploads-master.aws.bengalmeat.com/media/cattle-image/2026/BLF_5204_2.jpg'}, {'id': 'c7cf6822-2751-4412-88ca-191d19a27f84', 'image': 'https://uploads-master.aws.bengalmeat.com/media/cattle-image/2026/BLF_5204_3.jpg'}, {'id': 'a6b4703e-7dd6-40b9-a3f2-8e8b8f1f2e9d', 'image': 'https://uploads-master.aws.bengalmeat.com/media/cattle-image/2026/BLF_5204_4.jpg'}]",0.0,6 Months,2,0,47.0,0gAMJLsK2xg,365.0,236000.00,False,True,True,True,True,MEDIUM,https://uploads-master.aws.bengalmeat.com/media/cattle-thumbnail/2026/BLF_5204_1.jpg,2026-04-18T17:26:13.807221+06:00,AVAILABLE
f28c69f3-528d-4288-a39c-d916cb1f8834,BLF 5210,COW,MALE_BULL,NON_RED,LOCAL,['GRASS_GRAIN_FED'],2 Years,"[{'id': 'feee5e90-524a-4066-88df-19594cb87819', 'image': 'https://uploads-master.aws.bengalmeat.com/media/cattle-image/2026/BLF_5210_2.jpg'}, {'id': '5459d2d0-8ce2-4821-8489-94d1f4d37b48', 'image': 'https://uploads-master.aws.bengalmeat.com/media/cattle-image/2026/BLF_5210_3.jpg'}, {'id': '3810f506-4375-4b9a-b362-f304dcc37d3c', 'image': 'https://uploads-master.aws.bengalmeat.com/media/cattle-image/2026/BLF_5210_4.jpg'}]",0.0,6 Months,2,0,37.0,DJu_jrG3Vpk,188.0,127000.00,False,True,True,True,True,MINIMUM,https://uploads-master.aws.bengalmeat.com/media/cattle-thumbnail/2026/BLF_5210_1.jpg,2026-04-19T12:39:44.624092+06:00,ORDERED
c5976f9f-d9f6-4a89-830d-41f011a42527,BLF 5012,COW,MALE_BULL,NON_RED,LOCAL,['GRASS_GRAIN_FED'],2 Years,"[{'id': '56ee21f8-0d18-49d2-aea6-a002e9cf7392', 'image': 'https://uploads-master.aws.bengalmeat.com/media/cattle-image/2026/BLF_5012_2.jpg'}, {'id': 'd83288ec-22d9-4630-9541-4cb48b3c9da9', 'image': 'https://uploads-master.aws.bengalmeat.com/media/cattle-image/2026/BLF_5012_3.jpg'}, {'id': 'b87c4d75-d613-4947-889f-c8c75b1b150c', 'image': 'https://uploads-master.aws.bengalmeat.com/media/cattle-image/2026/BLF_5012_4.jpg'}]",0.0,12 Months,2,0,50.8,GqLjiQDdBMI,465.0,296000.00,True,True,True,True,True,LARGE,https://uploads-master.aws.bengalmeat.com/media/cattle-thumbnail/2026/BLF_5012_1.jpg,2026-04-12T16:31:32.638152+06:00,AVAILABLE
3edc79c3-5071-4484-8d61-efae3132258a,BLF 5004,COW,MALE_BULL,RED,RED_CHITTAGONG,['GRASS_GRAIN_FED'],2 Years,"[{'id': 'aef8e43a-5f23-4911-a21c-69958bda8e66', 'image': 'https://uploads-master.aws.bengalmeat.com/media/cattle-image/2026/BLF_5004_2.jpg'}, {'id': 'be52a902-7e72-492b-abcf-1ab781eec68f', 'image': 'https://uploads-master.aws.bengalmeat.com/media/cattle-image/2026/BLF_5004_3.jpg'}, {'id': 'fc01a1ce-1ecd-43f7-9a41-37c7f367ef91', 'image': 'https://uploads-master.aws.bengalmeat.com/media/cattle-image/2026/BLF_5004_4.jpg'}]",0.0,12 Months,2,0,45.0,JexSqcXVty0,320.0,210000.00,False,True,True,True,True,MEDIUM,https://uploads-master.aws.bengalmeat.com/media/cattle-thumbnail/2026/BLF_5004_1.jpg,2026-04-12T16:21:42.783711+06:00,ORDERED
a50b4478-1089-4420-a013-e5f1f8204348,BLF 5010,COW,MALE_BULL,RED,SAHIWAL,['GRASS_GRAIN_FED'],2 Years,"[{'id': 'c47b877e-4d9f-46b7-8031-14b3fbd4b69b', 'image': 'https://uploads-master.aws.bengalmeat.com/media/cattle-image/2026/BLF_5010_2.jpg'}, {'id': '2a2ecfbd-3a29-4dec-9935-5686ba217c2a', 'image': 'https://uploads-master.aws.bengalmeat.com/media/cattle-image/2026/BLF_5010_3.jpg'}, {'id': 'f9ff1e69-026c-41e9-b645-c1524c467749', 'image': 'https://uploads-master.aws.bengalmeat.com/media/cattle-image/2026/BLF_5010_4.jpg'}]",0.0,12 Months,2,0,44.0,uXM7nbfPvYk,359.0,235000.00,False,True,True,True,True,MEDIUM,https://uploads-master.aws.bengalmeat.com/media/cattle-thumbnail/2026/BLF_5010_1.jpg,2026-04-18T17:02:20.183353+06:00,AVAILABLE
572ca6da-5e69-47a0-8733-a6a2a6a57927,BLF 5038,COW,MALE_BULL,RED,SAHIWAL,['GRASS_GRAIN_FED'],2 Years,"[{'id': 'e8a3988d-37b2-43e7-8823-cc3cae7bf160', 'image': 'https://uploads-master.aws.bengalmeat.com/media/cattle-image/2026/BLF_5038_2.jpg'}, {'id': 'e368b408-2c68-4a0c-a485-ca32e652ebaa', 'image': 'https://uploads-master.aws.bengalmeat.com/media/cattle-image/2026/BLF_5038_3.jpg'}, {'id': 'f7bd0404-60dd-41d2-a07c-c941f5c95ba9', 'image': 'https://uploads-master.aws.bengalmeat.com/media/cattle-image/2026/BLF_5038_4.jpg'}]",0.0,12 Months,2,0,0.0,df4vojQMP2Q,292.0,190000.00,False,True,True,True,True,MEDIUM,https://uploads-master.aws.bengalmeat.com/media/cattle-thumbnail/2026/BLF_5038_1.jpg,2026-04-13T09:25:48.478853+06:00,ORDERED
de96dadd-4e0f-4599-8173-44733ebdd9fd,BLF 5206,COW,MALE_BULL,NON_RED,LOCAL,['GRASS_GRAIN_FED'],2 Years,"[{'id': 'eabd1fc7-cea5-40b8-bcea-f7773d69f3b5', 'image': 'https://uploads-master.aws.bengalmeat.com/media/cattle-image/2026/BLF_5206_2.jpg'}, {'id': 'a403652d-dab0-40b1-862e-5d93c8a13cc5', 'image': 'https://uploads-master.aws.bengalmeat.com/media/cattle-image/2026/BLF_5206_3.jpg'}, {'id': '7f809635-3810-4e3b-b11d-cf0406d2d463', 'image': 'https://uploads-master.aws.bengalmeat.com/media/cattle-image/2026/BLF_5206_4.jpg'}]",0.0,6 Months,2,0,41.6,sPCrFMMUr3o,248.0,163000.00,False,True,True,True,True,MINIMUM,https://uploads-master.aws.bengalmeat.com/media/cattle-thumbnail/2026/BLF_5206_1.jpg,2026-04-20T09:45:26.315296+06:00,AVAILABLE
e15562a0-d173-4498-adb1-f1bb4b0e1b48,BLF 5164,COW,MALE_BULL,RED,LOCAL,['GRASS_GRAIN_FED'],2 Years,"[{'id': '8bea70b2-a4bb-49cb-882a-31fb00d0d8b3', 'image': 'https://uploads-master.aws.bengalmeat.com/media/cattle-image/2026/BLF_5164_2.jpg'}, {'id': '5accc3c0-2b73-4a1e-ba62-6c24d4703384', 'image': 'https://uploads-master.aws.bengalmeat.com/media/cattle-image/2026/BLF_5164_3.jpg'}, {'id': '416d2ad8-5a18-4618-9f7b-cfbceb055748', 'image': 'https://uploads-master.aws.bengalmeat.com/media/cattle-image/2026/BLF_5164_4.jpg'}]",0.0,9 Months,2,0,45.6,BSYjhU23wfk,306.0,199000.00,False,True,True,True,True,MEDIUM,https://uploads-master.aws.bengalmeat.com/media/cattle-thumbnail/2026/BLF_5164_1.jpg,2026-04-18T17:18:04.856796+06:00,ORDERED
d5aad12d-0e73-4c7d-9d36-d74fb8cd5188,BLF 5158,COW,MALE_BULL,RED,RED_CHITTAGONG,['GRASS_GRAIN_FED'],2.5 Years,"[{'id': 'bb294bea-f22a-4282-b9e6-624ebdfce3f6', 'image': 'https://uploads-master.aws.bengalmeat.com/media/cattle-image/2026/BLF_5158_2.jpg'}, {'id': 'c51e638f-fb7e-401a-a9db-5c18b5a34e80', 'image': 'https://uploads-master.aws.bengalmeat.com/media/cattle-image/2026/BLF_5158_3.jpg'}, {'id': 'c5260c96-156a-48a9-a9d2-0a2574715b91', 'image': 'https://uploads-master.aws.bengalmeat.com/media/cattle-image/2026/BLF_5158_4.jpg'}]",0.0,9 Months,4,0,38.8,2SiyMfceXNo,186.0,126000.00,False,True,True,True,True,MINIMUM,https://uploads-master.aws.bengalmeat.com/media/cattle-thumbnail/2026/BLF_5158_1.jpg,2026-04-13T16:03:49.441904+06:00,ORDERED
52f1ef6c-7a31-4aa9-b669-468f12353a9c,BLF 5159,COW,MALE_BULL,NON_RED,LOCAL,['GRASS_GRAIN_FED'],2 Years,"[{'id': '29e2a733-1e96-480e-bdcc-4fbce732ff72', 'image': 'https://uploads-master.aws.bengalmeat.com/media/cattle-image/2026/BLF_5159_2.jpg'}, {'id': 'b2c21e7f-08bf-4ca0-ba55-696798b7888b', 'image': 'https://uploads-master.aws.bengalmeat.com/media/cattle-image/2026/BLF_5159_3.jpg'}, {'id': 'b41cd49e-7887-44ee-9333-f5d05d3984fe', 'image': 'https://uploads-master.aws.bengalmeat.com/media/cattle-image/2026/BLF_5159_4.jpg'}]",0.0,9 Months,2,0,40.0,HxsrUDl3WA4,260.0,170000.00,False,True,True,True,True,MINIMUM,https://uploads-master.aws.bengalmeat.com/media/cattle-thumbnail/2026/BLF_5159_1.jpg,2026-04-13T16:04:59.668479+06:00,AVAILABLE
8b4eb680-2336-429d-9cb3-0067e1dfd5f8,BLF 5165,COW,MALE_BULL,NON_RED,DHANNI,['GRASS_FED_GRASS_FINISHED'],2 Years,"[{'id': 'cb6c95ec-a9ad-46ba-8a3d-cad62bbb5147', 'image': 'https://uploads-master.aws.bengalmeat.com/media/cattle-image/2026/BLF_5165_2.jpg'}, {'id': '01eeda76-ce22-4a90-9bea-f1b7f42cc17d', 'image': 'https://uploads-master.aws.bengalmeat.com/media/cattle-image/2026/BLF_5165_3.jpg'}, {'id': '8c970716-3e5e-4f99-8cae-7eb2637f6f4b', 'image': 'https://uploads-master.aws.bengalmeat.com/media/cattle-image/2026/BLF_5165_4.jpg'}]",0.0,12 Months,2,5,49.0,SAjswMz9-Zg,456.0,43500.00,False,True,True,True,True,MEDIUM,https://uploads-master.aws.bengalmeat.com/media/cattle-thumbnail/2026/BLF_5165_1.jpg,2026-04-13T16:13:50.056386+06:00,SHARED
011c0c5c-b506-479b-b052-aa5cbd2434a9,BLF 5171,COW,MALE_BULL,RED,SAHIWAL,['GRASS_FED_GRASS_FINISHED'],2 Years,"[{'id': '5221bc71-c8a0-4606-8ca7-567e303be36d', 'image': 'https://uploads-master.aws.bengalmeat.com/media/cattle-image/2026/BLF_5171_2_61vNre0.jpg'}, {'id': 'f9755d54-a097-4153-afe2-f63ad238d9e6', 'image': 'https://uploads-master.aws.bengalmeat.com/media/cattle-image/2026/BLF_5171_3_fYKoMHW.jpg'}, {'id': '6100e4bc-53bf-4ccb-acf0-43707c282e02', 'image': 'https://uploads-master.aws.bengalmeat.com/media/cattle-image/2026/BLF_5171_4_hTntJVw.jpg'}]",0.0,12 Months,2,0,45.0,j4syUmn_5rE,330.0,213000.00,False,True,True,True,True,MEDIUM,https://uploads-master.aws.bengalmeat.com/media/cattle-thumbnail/2026/BLF_5171_1_WkLs0cz.jpg,2026-04-11T22:36:41.607129+06:00,AVAILABLE
1050b2c6-9c4b-4cd6-a36b-22c9b686a9ed,BLF 5207,COW,MALE_BULL,NON_RED,LOCAL,['GRASS_GRAIN_FED'],2 Years,"[{'id': 'b48c1e7b-f098-4f9a-93c7-76af85c40d2d', 'image': 'https://uploads-master.aws.bengalmeat.com/media/cattle-image/2026/BLF_5207_2.jpg'}, {'id': 'caeafee3-f214-44be-a698-b929f5f5d9a3', 'image': 'https://uploads-master.aws.bengalmeat.com/media/cattle-image/2026/BLF_5207_3.jpg'}, {'id': '510a6570-c6d2-47c7-8887-bd1bd8befd11', 'image': 'https://uploads-master.aws.bengalmeat.com/media/cattle-image/2026/BLF_5207_4.jpg'}]",0.0,6 Months,2,0,42.8,M3X-4bTLf7E,240.0,156000.00,False,True,True,True,True,MINIMUM,https://uploads-master.aws.bengalmeat.com/media/cattle-thumbnail/2026/BLF_5207_1.jpg,2026-04-19T11:16:00.468004+06:00,ORDERED
f62cd4c2-8143-408d-901c-292e7706a33a,BLF 5039,COW,MALE_BULL,RED,SAHIWAL,['GRASS_GRAIN_FED'],2 Years,"[{'id': '30f5d43c-ac72-4e80-b926-a639fb869ca2', 'image': 'https://uploads-master.aws.bengalmeat.com/media/cattle-image/2026/BLF_5039_2.jpg'}, {'id': 'd24cefbf-2747-4e48-86f1-d6aa19bdad1a', 'image': 'https://uploads-master.aws.bengalmeat.com/media/cattle-image/2026/BLF_5039_3.jpg'}, {'id': '61e7c743-5fdc-4fdd-9b5b-2938fd140206', 'image': 'https://uploads-master.aws.bengalmeat.com/media/cattle-image/2026/BLF_5039_4.jpg'}]",0.0,12 Months,2,0,41.6,A9WZYytZJyU,294.0,190000.00,True,True,True,True,True,MINIMUM,https://uploads-master.aws.bengalmeat.com/media/cattle-thumbnail/2026/BLF_5039_1.jpg,2026-04-13T09:27:37.402703+06:00,ORDERED
4c4efc65-d46a-4cba-925b-930054d71c43,BLF 5011,COW,MALE_BULL,RED,SAHIWAL,['GRASS_GRAIN_FED'],2 Years,"[{'id': '6017b255-3c59-4c4e-ae1d-f3dea78a3342', 'image': 'https://uploads-master.aws.bengalmeat.com/media/cattle-image/2026/BLF_5011_2.jpg'}, {'id': '692766d0-1d0c-494e-bd3a-845b7c773093', 'image': 'https://uploads-master.aws.bengalmeat.com/media/cattle-image/2026/BLF_5011_3.jpg'}, {'id': '38ea1f61-6f30-4375-988c-898e023d2005', 'image': 'https://uploads-master.aws.bengalmeat.com/media/cattle-image/2026/BLF_5011_4.jpg'}]",0.0,12 Months,2,0,46.0,O5KygdBgmqg,355.0,228000.00,False,True,True,True,True,MEDIUM,https://uploads-master.aws.bengalmeat.com/media/cattle-thumbnail/2026/BLF_5011_1.jpg,2026-04-12T16:30:11.606743+06:00,AVAILABLE
79e51a3e-f96a-4041-94f4-8a1fa7a79fe0,BLF 5005,COW,MALE_BULL,NON_RED,LOCAL,['GRASS_GRAIN_FED'],3 Years,"[{'id': '1a6da942-a118-47c9-bab9-80470e31ba16', 'image': 'https://uploads-master.aws.bengalmeat.com/media/cattle-image/2026/BLF_5005_2.jpg'}, {'id': 'f72cf230-5031-47de-b3f2-dc59e63951ce', 'image': 'https://uploads-master.aws.bengalmeat.com/media/cattle-image/2026/BLF_5005_3.jpg'}, {'id': '7a7ff97b-61ef-4602-853a-594dd761ec61', 'image': 'https://uploads-master.aws.bengalmeat.com/media/cattle-image/2026/BLF_5005_4.jpg'}]",0.0,12 Months,6,0,41.6,g107_oacnik,307.0,205000.00,True,True,True,True,True,MINIMUM,https://uploads-master.aws.bengalmeat.com/media/cattle-thumbnail/2026/BLF_5005_1.jpg,2026-04-12T16:22:48.905236+06:00,AVAILABLE
a54a4413-d3e6-4361-a16d-564a77eb4742,BLF 5029,COW,MALE_BULL,NON_RED,LOCAL,['GRASS_GRAIN_FED'],2 Years,"[{'id': '390c7fc4-5621-4a7f-83be-d793ff0c751d', 'image': 'https://uploads-master.aws.bengalmeat.com/media/cattle-image/2026/BLF_5029_2.jpg'}, {'id': '70cf3a29-5158-4be6-9994-335c612e12f0', 'image': 'https://uploads-master.aws.bengalmeat.com/media/cattle-image/2026/BLF_5029_3.jpg'}, {'id': '29b3b4a8-0f42-46f8-ba3e-bbc0e29c2bdd', 'image': 'https://uploads-master.aws.bengalmeat.com/media/cattle-image/2026/BLF_5029_4.jpg'}]",0.0,12 Months,2,0,40.0,wHaXLrxzbOw,220.0,146000.00,True,True,True,True,True,MINIMUM,https://uploads-master.aws.bengalmeat.com/media/cattle-thumbnail/2026/BLF_5029_1.jpg,2026-04-13T09:10:01.854421+06:00,ORDERED
1d4d116e-1eb5-4797-a9bb-02bae29ac9e6,BLF 5001,COW,MALE_BULL,RED,LOCAL,['GRASS_GRAIN_FED'],2 Years,"[{'id': '6c0d7869-d8d6-4651-840e-d404381edf0f', 'image': 'https://uploads-master.aws.bengalmeat.com/media/cattle-image/2026/BLF_5001_2.jpg'}, {'id': 'd2671295-2914-4220-a638-ae3c954dfb94', 'image': 'https://uploads-master.aws.bengalmeat.com/media/cattle-image/2026/BLF_5001_3.jpg'}, {'id': 'f11706a9-7c65-40de-bf06-3bc2804ac59f', 'image': 'https://uploads-master.aws.bengalmeat.com/media/cattle-image/2026/BLF_5001_4.jpg'}]",0.0,12 Months,2,0,48.3,NXkQpQqoxzU,345.0,223000.00,True,True,True,True,True,MEDIUM,https://uploads-master.aws.bengalmeat.com/media/cattle-thumbnail/2026/BLF_5001_1.jpg,2026-04-12T16:09:07.283968+06:00,AVAILABLE
067be45d-3f91-4a55-bfeb-397deb7b9c65,BLF 5015,COW,MALE_BULL,RED,SAHIWAL,['GRASS_GRAIN_FED'],2.5 Years,"[{'id': '811c653b-1986-4ae9-bc3a-f2fc454b1e16', 'image': 'https://uploads-master.aws.bengalmeat.com/media/cattle-image/2026/BLF_5015_2.jpg'}, {'id': '2414bf02-e820-45c8-859e-48203a15601c', 'image': 'https://uploads-master.aws.bengalmeat.com/media/cattle-image/2026/BLF_5015_3.jpg'}, {'id': 'fd688723-6d01-4dc4-9094-bcc6443135d9', 'image': 'https://uploads-master.aws.bengalmeat.com/media/cattle-image/2026/BLF_5015_4.jpg'}]",0.0,12 Months,4,0,44.5,hSFFhDmLags,385.0,249000.00,False,True,True,True,True,MINIMUM,https://uploads-master.aws.bengalmeat.com/media/cattle-thumbnail/2026/BLF_5015_1.jpg,2026-04-12T16:41:01.073275+06:00,AVAILABLE
96a88ba3-6b0a-44ad-9def-1d43aa519ee4,BLF 5203,COW,MALE_BULL,RED,SAHIWAL,['GRASS_GRAIN_FED'],2 Years,"[{'id': '32a663df-eb05-4fab-bdd9-75f310e792b7', 'image': 'https://uploads-master.aws.bengalmeat.com/media/cattle-image/2026/BLF_5203_2.jpg'}, {'id': 'c8580a15-fab9-4210-8e38-30fe8cbb8c4b', 'image': 'https://uploads-master.aws.bengalmeat.com/media/cattle-image/2026/BLF_5203_3.jpg'}, {'id': '73caaa92-fceb-45bf-b2a7-5f265bb75aa2', 'image': 'https://uploads-master.aws.bengalmeat.com/media/cattle-image/2026/BLF_5203_4.jpg'}]",0.0,9 Months,2,0,52.2,I2GGCOzv4L4,420.0,271000.00,False,True,True,True,True,LARGE,https://uploads-master.aws.bengalmeat.com/media/cattle-thumbnail/2026/BLF_5203_1.jpg,2026-05-02T15:10:43.204539+06:00,AVAILABLE
c07239dc-8ec0-4125-9a5d-779da0ab6fb9,BLF 5149,COW,MALE_BULL,NON_RED,LOCAL,['GRASS_GRAIN_FED'],2 Years,"[{'id': '956c5490-79c4-401b-a8fc-ef9f6f93b006', 'image': 'https://uploads-master.aws.bengalmeat.com/media/cattle-image/2026/BLF_5149_2.jpg'}, {'id': '8cbf31b0-37dd-4dab-8163-c8e070b8c2dc', 'image': 'https://uploads-master.aws.bengalmeat.com/media/cattle-image/2026/BLF_5149_3.jpg'}, {'id': '8827e102-007f-4e6e-b818-3131cdc3378d', 'image': 'https://uploads-master.aws.bengalmeat.com/media/cattle-image/2026/BLF_5149_4.jpg'}]",0.0,12 Months,2,0,39.1,3AbiLmUTGoU,242.0,158000.00,False,True,True,True,True,MEDIUM,https://uploads-master.aws.bengalmeat.com/media/cattle-thumbnail/2026/BLF_5149_1.jpg,2026-04-11T22:14:59.570934+06:00,AVAILABLE
033b4819-0f84-4755-9d55-8a8d0477d233,BLF 5175,COW,MALE_BULL,RED,LOCAL,['GRASS_GRAIN_FED'],2.5 Years,"[{'id': '8cb90016-4505-4eb9-89ab-ff48570f551f', 'image': 'https://uploads-master.aws.bengalmeat.com/media/cattle-image/2026/BLF_5175_2.jpg'}, {'id': 'bc1435b9-6fce-48dc-aea2-9408b3cfe1f3', 'image': 'https://uploads-master.aws.bengalmeat.com/media/cattle-image/2026/BLF_5175_3.jpg'}, {'id': 'a646f1b9-95d0-4aca-b511-89c10cd70d5d', 'image': 'https://uploads-master.aws.bengalmeat.com/media/cattle-image/2026/BLF_5175_4.jpg'}]",0.0,9 Months,3,0,39.1,UT_nz2qKBQg,248.0,162000.00,False,True,True,True,True,MINIMUM,https://uploads-master.aws.bengalmeat.com/media/cattle-thumbnail/2026/BLF_5175_1.jpg,2026-04-18T17:22:58.010990+06:00,ORDERED
e9ddbbe4-b0ac-4e1a-b540-5cdef4067445,BLF 5160,COW,MALE_BULL,NON_RED,LOCAL,['GRASS_GRAIN_FED'],2.5 Years,"[{'id': '17749195-e678-4377-b790-6c7f5cb1cd9a', 'image': 'https://uploads-master.aws.bengalmeat.com/media/cattle-image/2026/BLF_5160_2.jpg'}, {'id': '6c85e2c3-3f1e-4144-a989-63459e4a55e3', 'image': 'https://uploads-master.aws.bengalmeat.com/media/cattle-image/2026/BLF_5160_3.jpg'}, {'id': '50008160-21d2-4ffc-b3af-d7ae88a651b8', 'image': 'https://uploads-master.aws.bengalmeat.com/media/cattle-image/2026/BLF_5160_4.jpg'}]",0.0,9 Months,4,0,41.6,l2WQYg6iosc,225.0,149000.00,False,True,True,True,True,MINIMUM,https://uploads-master.aws.bengalmeat.com/media/cattle-thumbnail/2026/BLF_5160_1.jpg,2026-04-13T16:06:19.668456+06:00,ORDERED
24b9dd77-0c63-4c57-83d9-9447cd0e6458,BLF 5148,COW,MALE_BULL,RED,LOCAL,['GRASS_GRAIN_FED'],2 Years,"[{'id': '86ad4c7a-1be2-4123-adb2-e25c73bf6984', 'image': 'https://uploads-master.aws.bengalmeat.com/media/cattle-image/2026/BLF_5148_2.jpg'}, {'id': '9634f4de-816e-410b-907e-34b7027ca1c7', 'image': 'https://uploads-master.aws.bengalmeat.com/media/cattle-image/2026/BLF_5148_3.jpg'}, {'id': '8ba3426c-66f1-4667-bffb-8c4c376a8f73', 'image': 'https://uploads-master.aws.bengalmeat.com/media/cattle-image/2026/BLF_5148_4.jpg'}]",0.0,9 Months,2,0,40.3,Rm5S_uvQmZk,240.0,158000.00,False,True,True,True,True,MINIMUM,https://uploads-master.aws.bengalmeat.com/media/cattle-thumbnail/2026/BLF_5148_1.jpg,2026-04-30T12:35:17.654259+06:00,ORDERED
2b9ac87b-3a14-40a1-8570-98d901fa86b1,BLF 5202,COW,MALE_BULL,NON_RED,LOCAL,['GRASS_GRAIN_FED'],2 Years,"[{'id': 'c5f6f0d9-782c-4473-82d0-13ddd7b5d3c6', 'image': 'https://uploads-master.aws.bengalmeat.com/media/cattle-image/2026/BLF_5204_2_3BXCR2F.jpg'}, {'id': 'a67b9871-452f-4e58-a3d2-81a8d19837b5', 'image': 'https://uploads-master.aws.bengalmeat.com/media/cattle-image/2026/BLF_5204_3_J3aCYxQ.jpg'}, {'id': 'dbd43e2a-4727-41cb-8a69-b24a29d2816c', 'image': 'https://uploads-master.aws.bengalmeat.com/media/cattle-image/2026/BLF_5204_4_ehGLgtx.jpg'}]",0.0,9 Months,2,0,39.0,FoWdj4UMMyk,218.0,146000.00,False,True,True,True,True,MINIMUM,https://uploads-master.aws.bengalmeat.com/media/cattle-thumbnail/2026/BLF_5204_1_rDHw2V9.jpg,2026-04-19T11:01:05.622758+06:00,ORDERED
70c187f6-9a04-41bd-b53a-9a0b57787ac7,BLF 5014,COW,MALE_BULL,RED,SAHIWAL,['GRASS_GRAIN_FED'],2 Years,"[{'id': '156ede8d-8201-4954-8495-994626b96374', 'image': 'https://uploads-master.aws.bengalmeat.com/media/cattle-image/2026/BLF_5014_2.jpg'}, {'id': '25fbc324-1795-4b6e-87f5-53fa2a994d13', 'image': 'https://uploads-master.aws.bengalmeat.com/media/cattle-image/2026/BLF_5014_3.jpg'}, {'id': '039cc05e-3129-42be-8821-97f12d124545', 'image': 'https://uploads-master.aws.bengalmeat.com/media/cattle-image/2026/BLF_5014_4.jpg'}]",0.0,12 Months,2,0,44.3,-hPgwDfW-6A,370.0,35500.00,False,True,True,True,True,MINIMUM,https://uploads-master.aws.bengalmeat.com/media/cattle-thumbnail/2026/BLF_5014_1.jpg,2026-04-12T16:39:52.655176+06:00,SHARED_ORDERED
5715bcc0-4152-411d-a450-c60c7822db7e,BLF 5028,COW,MALE_BULL,NON_RED,LOCAL,['GRASS_GRAIN_FED'],2 Years,"[{'id': '74fd1ba1-81bb-4e66-b172-27474f9c026a', 'image': 'https://uploads-master.aws.bengalmeat.com/media/cattle-image/2026/BLF_5028_2.jpg'}, {'id': '7ad7968c-8b51-4099-99ab-b4b82b350889', 'image': 'https://uploads-master.aws.bengalmeat.com/media/cattle-image/2026/BLF_5028_3.jpg'}, {'id': 'a2a1976d-f695-4555-8d5c-6bb5ec673e9e', 'image': 'https://uploads-master.aws.bengalmeat.com/media/cattle-image/2026/BLF_5028_4.jpg'}]",0.0,12 Months,2,0,41.0,PRo1mKK2ecY,230.0,152000.00,False,True,True,True,True,MINIMUM,https://uploads-master.aws.bengalmeat.com/media/cattle-thumbnail/2026/BLF_5028_1.jpg,2026-04-13T09:08:53.604664+06:00,ORDERED
241a5609-2057-4b67-87f4-c0ca4a24686b,BLF 5002,COW,MALE_BULL,RED,LOCAL,['GRASS_GRAIN_FED'],2.5 Years,"[{'id': '964e0ad8-5056-499f-813c-89c2d85cf747', 'image': 'https://uploads-master.aws.bengalmeat.com/media/cattle-image/2026/BLF_5002_2.jpg'}, {'id': '6e5c7ec0-42ee-4010-a563-26e479ab828e', 'image': 'https://uploads-master.aws.bengalmeat.com/media/cattle-image/2026/BLF_5002_3.jpg'}, {'id': '0f54f9df-3aa4-4214-98c7-4856f1ecec72', 'image': 'https://uploads-master.aws.bengalmeat.com/media/cattle-image/2026/BLF_5002_4.jpg'}]",0.0,12 Months,4,0,45.0,dOMst1UmEzA,363.0,233000.00,False,True,True,True,True,MEDIUM,https://uploads-master.aws.bengalmeat.com/media/cattle-thumbnail/2026/BLF_5002_1.jpg,2026-04-12T16:12:51.125109+06:00,AVAILABLE
d0856249-860f-4a5e-9e38-6efe79f7ecc2,BLF 5228,COW,MALE_BULL,RED,LOCAL,['GRASS_GRAIN_FED'],2.5 Years,"[{'id': '15f4cad1-76f2-4601-8b66-6cbf8472994e', 'image': 'https://uploads-master.aws.bengalmeat.com/media/cattle-image/2026/BLF_5228_2.jpg'}, {'id': 'b45c98ff-a03c-40ec-80b9-4ba28f4563f9', 'image': 'https://uploads-master.aws.bengalmeat.com/media/cattle-image/2026/BLF_5228_3.jpg'}, {'id': '0c1f0866-f7a7-4601-bc81-51d7771e1d98', 'image': 'https://uploads-master.aws.bengalmeat.com/media/cattle-image/2026/BLF_5228_4.jpg'}]",0.0,6 Months,4,0,39.1,1NSXryygn8s,240.0,158000.00,False,True,True,True,True,MINIMUM,https://uploads-master.aws.bengalmeat.com/media/cattle-thumbnail/2026/BLF_5228_1.jpg,2026-05-02T15:24:15.628612+06:00,ORDERED
b397e5be-fa00-4268-b84c-e16815ca32d8,BLF 5214,COW,MALE_BULL,NON_RED,LOCAL,['GRASS_GRAIN_FED'],2.5 Years,"[{'id': '50007e6f-9106-4917-af16-c6dd4dc08e74', 'image': 'https://uploads-master.aws.bengalmeat.com/media/cattle-image/2026/BLF_5214_2.jpg'}, {'id': '89f13b32-09dc-4d17-ac9e-3cc91815b69b', 'image': 'https://uploads-master.aws.bengalmeat.com/media/cattle-image/2026/BLF_5214_3.jpg'}, {'id': '40aa0572-d1e9-4601-b44b-0c45b08ba31a', 'image': 'https://uploads-master.aws.bengalmeat.com/media/cattle-image/2026/BLF_5214_4.jpg'}]",0.0,6 Months,4,0,41.6,b0qk-y3kfr0,212.0,141000.00,False,True,True,True,True,MINIMUM,https://uploads-master.aws.bengalmeat.com/media/cattle-thumbnail/2026/BLF_5214_1.jpg,2026-04-19T12:49:21.161245+06:00,ORDERED
b00a42ad-bfe0-4559-88b1-f0f80c5ec54e,BLF 5348,COW,MALE_BULL,RED,SAHIWAL,['GRASS_GRAIN_FED'],2 Years,"[{'id': '396fd2e0-b07c-49d8-801d-580652845862', 'image': 'https://uploads-master.aws.bengalmeat.com/media/cattle-image/2026/BLF_5348_2.jpg'}, {'id': '595262ac-9e78-4d03-8d57-f48edc18080b', 'image': 'https://uploads-master.aws.bengalmeat.com/media/cattle-image/2026/BLF_5348_3.jpg'}, {'id': '592f146d-c3b6-434f-8fb0-0972126ead8f', 'image': 'https://uploads-master.aws.bengalmeat.com/media/cattle-image/2026/BLF_5348_4.jpg'}]",0.0,4 Months,2,0,48.2,-TY5pGABYT8,330.0,205000.00,False,True,True,True,True,MEDIUM,https://uploads-master.aws.bengalmeat.com/media/cattle-thumbnail/2026/BLF_5348_1.jpg,2026-05-02T18:57:09.103953+06:00,AVAILABLE
bc02cfe9-f5fc-41ff-a71a-ded6a1a88b04,BLF 5189,COW,MALE_BULL,NON_RED,LOCAL,['GRASS_GRAIN_FED'],2 Years,"[{'id': '6edffa49-082c-4cf8-bc32-613fee6f355e', 'image': 'https://uploads-master.aws.bengalmeat.com/media/cattle-image/2026/BLF_5189_2.jpg'}, {'id': '4978e84d-9711-402f-8a9b-d56363d6f6a1', 'image': 'https://uploads-master.aws.bengalmeat.com/media/cattle-image/2026/BLF_5189_3.jpg'}, {'id': 'b9adc323-88f6-48c0-a978-44e1258ebb52', 'image': 'https://uploads-master.aws.bengalmeat.com/media/cattle-image/2026/BLF_5189_4.jpg'}]",0.0,9 Months,2,0,39.0,LFQ6eKfIp_I,200.0,135000.00,False,True,True,True,True,MINIMUM,https://uploads-master.aws.bengalmeat.com/media/cattle-thumbnail/2026/BLF_5189_1.jpg,2026-04-15T14:45:13.747481+06:00,ORDERED
190bc570-58cd-423b-abe8-b35c3e8ed194,BLF 5162,COW,MALE_BULL,RED,LOCAL,['GRASS_GRAIN_FED'],3 Years,"[{'id': 'dac2e547-7018-48e3-8662-2d4860cb6a78', 'image': 'https://uploads-master.aws.bengalmeat.com/media/cattle-image/2026/BLF_5162_2.jpg'}, {'id': '57e9f608-1433-42c4-8fd0-a4474b4c62fe', 'image': 'https://uploads-master.aws.bengalmeat.com/media/cattle-image/2026/BLF_5162_3.jpg'}, {'id': '0ad5a5df-750a-441b-b539-6a68b4d3ca33', 'image': 'https://uploads-master.aws.bengalmeat.com/media/cattle-image/2026/BLF_5162_4.jpg'}]",0.0,9 Months,6,0,37.0,x4TKl_kgYi4,205.0,138000.00,False,True,True,True,True,MINIMUM,https://uploads-master.aws.bengalmeat.com/media/cattle-thumbnail/2026/BLF_5162_1.jpg,2026-04-13T16:08:36.676568+06:00,ORDERED
eb367cce-1a27-4a9a-a2c5-218f7459fc49,BLF 5176,COW,MALE_BULL,NON_RED,LOCAL,['GRASS_GRAIN_FED'],2 Years,"[{'id': '97aa2a2e-09fd-4c9c-a6a7-d6a561738b80', 'image': 'https://uploads-master.aws.bengalmeat.com/media/cattle-image/2026/BLF_5176_2.jpg'}, {'id': 'ae039405-219d-4b36-a453-09d3b33f5dc9', 'image': 'https://uploads-master.aws.bengalmeat.com/media/cattle-image/2026/BLF_5176_3.jpg'}, {'id': 'e74b385e-18fd-4789-a6f8-dd9896128c2c', 'image': 'https://uploads-master.aws.bengalmeat.com/media/cattle-image/2026/BLF_5176_4.jpg'}]",0.0,9 Months,2,0,40.3,YyxuR6awUgY,232.0,153000.00,False,True,True,True,True,MINIMUM,https://uploads-master.aws.bengalmeat.com/media/cattle-thumbnail/2026/BLF_5176_1.jpg,2026-04-21T16:18:58.793270+06:00,ORDERED
2f2983e1-ac02-4446-9170-688e16108be8,BLF 5177,COW,MALE_BULL,RED,LOCAL,['GRASS_GRAIN_FED'],2 Years,"[{'id': '8aabd98f-a16c-4544-ae4e-97fea18fa7bd', 'image': 'https://uploads-master.aws.bengalmeat.com/media/cattle-image/2026/BLF_5177_2.jpg'}, {'id': 'c5e53e0a-8277-4400-b26d-95e2eedb7679', 'image': 'https://uploads-master.aws.bengalmeat.com/media/cattle-image/2026/BLF_5177_3.jpg'}, {'id': '051e7636-15e2-4fdd-b8b8-d68d56d8a048', 'image': 'https://uploads-master.aws.bengalmeat.com/media/cattle-image/2026/BLF_5177_4.jpg'}]",0.0,9 Months,2,0,38.8,Bhbm0ezGb30,230.0,152000.00,False,True,True,True,True,MINIMUM,https://uploads-master.aws.bengalmeat.com/media/cattle-thumbnail/2026/BLF_5177_1.jpg,2026-04-13T16:17:31.529676+06:00,ORDERED
5ae86fbd-f625-4dc8-a527-c9c2b64f5c53,BLF 5163,COW,MALE_BULL,NON_RED,LOCAL,['GRASS_GRAIN_FED'],2 Years,"[{'id': '37949d9d-1514-4e10-9c46-9e1085ee0660', 'image': 'https://uploads-master.aws.bengalmeat.com/media/cattle-image/2026/BLF_5163_2.jpg'}, {'id': '72e753b8-d3c9-4ef4-92cf-65300a9c956e', 'image': 'https://uploads-master.aws.bengalmeat.com/media/cattle-image/2026/BLF_5163_3.jpg'}, {'id': 'deb4303d-0969-4eb0-9615-4d189ef06258', 'image': 'https://uploads-master.aws.bengalmeat.com/media/cattle-image/2026/BLF_5163_4.jpg'}]",0.0,9 Months,2,0,38.8,3fEHb_nF4lo,210.0,141000.00,False,True,True,True,True,MINIMUM,https://uploads-master.aws.bengalmeat.com/media/cattle-thumbnail/2026/BLF_5163_1.jpg,2026-04-13T16:11:48.792143+06:00,ORDERED
39d72da6-85ed-4ac3-a090-098422b1727a,BLF 5201,COW,MALE_BULL,NON_RED,LOCAL,['GRASS_GRAIN_FED'],2.5 Years,"[{'id': '778eac25-b59c-4719-8ccc-3affb22be64b', 'image': 'https://uploads-master.aws.bengalmeat.com/media/cattle-image/2026/BLF_5201_2.jpg'}, {'id': '1eed5f87-4ef8-4c49-991e-b7ccfa4ef366', 'image': 'https://uploads-master.aws.bengalmeat.com/media/cattle-image/2026/BLF_5201_3.jpg'}, {'id': '908d48cc-83b2-481b-8885-f120e88b2829', 'image': 'https://uploads-master.aws.bengalmeat.com/media/cattle-image/2026/BLF_5201_4.jpg'}]",0.0,9 Months,4,0,39.3,62qtynWgmWA,216.0,144000.00,False,True,True,True,True,MINIMUM,https://uploads-master.aws.bengalmeat.com/media/cattle-thumbnail/2026/BLF_5201_1.jpg,2026-04-15T15:13:11.430708+06:00,ORDERED
c5dc1d1c-e151-4de1-a67a-944063761502,BLF 5229,COW,MALE_BULL,NON_RED,LOCAL,['GRASS_GRAIN_FED'],3 Years,"[{'id': '6ed96b02-b6d5-4c28-a0ae-6d0e97b0ae19', 'image': 'https://uploads-master.aws.bengalmeat.com/media/cattle-image/2026/BLF_5229_2.jpg'}, {'id': '7fd3d9ec-1f18-454c-9df3-4b8e64c94397', 'image': 'https://uploads-master.aws.bengalmeat.com/media/cattle-image/2026/BLF_5229_3.jpg'}, {'id': '46c74682-b0a4-49f3-a437-28f08f7997af', 'image': 'https://uploads-master.aws.bengalmeat.com/media/cattle-image/2026/BLF_5229_4.jpg'}]",0.0,6 Months,6,0,40.3,kRI5aFziRx4,224.0,149000.00,False,True,True,True,True,MINIMUM,https://uploads-master.aws.bengalmeat.com/media/cattle-thumbnail/2026/BLF_5229_1.jpg,2026-04-19T14:57:05.738578+06:00,AVAILABLE
9f738730-c93b-422d-825d-41eb640fb1ff,BLF 5003,COW,MALE_BULL,NON_RED,LOCAL,['GRASS_GRAIN_FED'],2 Years,"[{'id': 'b56177dd-935c-4105-856e-817a2d2a8489', 'image': 'https://uploads-master.aws.bengalmeat.com/media/cattle-image/2026/BLF_5003_2.jpg'}, {'id': '2ce0d9d8-ce1f-4945-88dc-2d88bf6bbf1a', 'image': 'https://uploads-master.aws.bengalmeat.com/media/cattle-image/2026/BLF_5003_3.jpg'}, {'id': '3c0f9508-8c9c-458a-ba80-0a0dc34dddc2', 'image': 'https://uploads-master.aws.bengalmeat.com/media/cattle-image/2026/BLF_5003_4.jpg'}]",0.0,12 Months,2,0,39.0,plw08XFTtIY,255.0,168000.00,True,True,True,True,True,MINIMUM,https://uploads-master.aws.bengalmeat.com/media/cattle-thumbnail/2026/BLF_5003_1.jpg,2026-04-12T16:15:27.290361+06:00,AVAILABLE
4a7b580f-1513-4991-8ffa-95c014aeff23,BLF 5070,COW,MALE_BULL,NON_RED,LOCAL,['GRASS_FED_GRASS_FINISHED'],2.5 Years,"[{'id': 'e61f2f1a-e138-4d8a-9dfe-e324cf60fee7', 'image': 'https://uploads-master.aws.bengalmeat.com/media/cattle-image/2026/BLF_5070_2_1K2LLgr.jpg'}, {'id': '3976271e-ad92-45ee-90ff-e85a8bb552df', 'image': 'https://uploads-master.aws.bengalmeat.com/media/cattle-image/2026/BLF_5070_3_4ffL0j8.jpg'}, {'id': 'd2dc5db7-5c4b-456f-aad8-fc255d298f9d', 'image': 'https://uploads-master.aws.bengalmeat.com/media/cattle-image/2026/BLF_5070_4_2r5HgXv.jpg'}]",0.0,12 Months,4,0,41.6,XbcAePz8n2A,274.0,181000.00,False,True,True,True,True,MINIMUM,https://uploads-master.aws.bengalmeat.com/media/cattle-thumbnail/2026/BLF_5070_1_09SXX5u.jpg,2026-04-11T19:37:23.568244+06:00,AVAILABLE
3d50f7a2-8413-4435-ba0e-a843f59e5cee,BLF 5064,COW,MALE_BULL,NON_RED,LOCAL,['GRASS_GRAIN_FED'],2 Years,"[{'id': 'ab6e49cf-4dc7-4829-90f0-8456a5c80a07', 'image': 'https://uploads-master.aws.bengalmeat.com/media/cattle-image/2026/BLF_5064_2.jpg'}, {'id': '246d7f32-c795-465d-b861-59cc60ee2277', 'image': 'https://uploads-master.aws.bengalmeat.com/media/cattle-image/2026/BLF_5064_3.jpg'}, {'id': '3dc230fb-daef-42da-8fd4-a5a5623b8126', 'image': 'https://uploads-master.aws.bengalmeat.com/media/cattle-image/2026/BLF_5064_4.jpg'}]",0.0,12 Months,2,0,42.0,ARaV3sa7jkk,245.0,161000.00,False,True,True,True,True,MINIMUM,https://uploads-master.aws.bengalmeat.com/media/cattle-thumbnail/2026/BLF_5064_1.jpg,2026-04-11T19:18:35.333880+06:00,AVAILABLE
67ffbf7a-d1d2-468f-b1f0-cc8a55976e05,BLF 5058,COW,MALE_BULL,NON_RED,LOCAL,['GRASS_GRAIN_FED'],2.5 Years,"[{'id': 'e715cbfa-0330-43e5-800c-88edd91b918e', 'image': 'https://uploads-master.aws.bengalmeat.com/media/cattle-image/2026/BLF_5058_2.jpg'}, {'id': '10f73315-f94f-4ded-906a-7ca1607caaff', 'image': 'https://uploads-master.aws.bengalmeat.com/media/cattle-image/2026/BLF_5058_3.jpg'}, {'id': '72b8b3c2-c8ff-40cc-93a1-3acf9951cd02', 'image': 'https://uploads-master.aws.bengalmeat.com/media/cattle-image/2026/BLF_5058_4.jpg'}]",0.0,12 Months,4,0,41.5,cgvOMBmVUTo,250.0,165000.00,False,True,True,True,True,MINIMUM,https://uploads-master.aws.bengalmeat.com/media/cattle-thumbnail/2026/BLF_5058_1.jpg,2026-04-13T11:43:09.607771+06:00,AVAILABLE
9e718b5f-abc5-4a0e-95a8-94427a5010a3,BLF 5299,COW,MALE_BULL,RED,SAHIWAL,['GRASS_GRAIN_FED'],3 Years,"[{'id': '372de252-56ea-40d3-a3e5-a027d13aaea1', 'image': 'https://uploads-master.aws.bengalmeat.com/media/cattle-image/2026/BLF_5299_2.jpg'}, {'id': '49699a1f-de79-49ba-8fc5-a53f1b59cd65', 'image': 'https://uploads-master.aws.bengalmeat.com/media/cattle-image/2026/BLF_5299_3.jpg'}, {'id': '50a70af1-abe9-4e57-a458-120c7c2d6afd', 'image': 'https://uploads-master.aws.bengalmeat.com/media/cattle-image/2026/BLF_5299_4.jpg'}]",0.0,6 Months,6,0,49.0,RNY-HLLS14A,460.0,297000.00,True,True,True,True,True,MEDIUM,https://uploads-master.aws.bengalmeat.com/media/cattle-thumbnail/2026/BLF_5299_1.jpg,2026-04-21T14:44:53.663703+06:00,AVAILABLE
cb4c1aea-64e8-47d6-bfcf-0bd43c3bd440,BLF 5272,COW,MALE_BULL,RED,SAHIWAL,['GRASS_FED_GRASS_FINISHED'],2 Years,"[{'id': '351f6275-0c55-4ca4-8c3a-c5ea133115a5', 'image': 'https://uploads-master.aws.bengalmeat.com/media/cattle-image/2026/BLF_5272_2.jpg'}, {'id': '7aa7d06f-4434-4fec-a10f-53ecfd09c11b', 'image': 'https://uploads-master.aws.bengalmeat.com/media/cattle-image/2026/BLF_5272_3.jpg'}, {'id': '4f50fafd-0b9b-4b27-958b-1889d9d24461', 'image': 'https://uploads-master.aws.bengalmeat.com/media/cattle-image/2026/BLF_5272_4.jpg'}]",0.0,12 Months,2,0,47.1,83EnKT5GPrA,283.0,184000.00,False,True,True,True,True,MEDIUM,https://uploads-master.aws.bengalmeat.com/media/cattle-thumbnail/2026/BLF_5272_1.jpg,2026-04-20T11:23:30.682533+06:00,ORDERED
e76502a3-1282-4343-91f3-978b06bdecef,BLF 5266,COW,MALE_BULL,NON_RED,LOCAL,['GRASS_GRAIN_FED'],2.5 Years,"[{'id': '7ab0a6c9-e9c8-48f3-b969-05616d18f14d', 'image': 'https://uploads-master.aws.bengalmeat.com/media/cattle-image/2026/BLF_5266_2.jpg'}, {'id': '706dce17-44cc-4c08-babf-5f7ca04c7c8c', 'image': 'https://uploads-master.aws.bengalmeat.com/media/cattle-image/2026/BLF_5266_3.jpg'}, {'id': '8b4c20cc-6163-4d0c-a498-30fef4cbc20a', 'image': 'https://uploads-master.aws.bengalmeat.com/media/cattle-image/2026/BLF_5266_4.jpg'}]",0.0,6 Months,4,0,47.1,tatjzQQxFI4,345.0,224000.00,False,True,True,True,True,MEDIUM,https://uploads-master.aws.bengalmeat.com/media/cattle-thumbnail/2026/BLF_5266_1.jpg,2026-04-26T14:54:07.352705+06:00,AVAILABLE
d3b3e747-7715-4caa-a964-588443e61d90,BLF 5306,COW,MALE_BULL,NON_RED,LOCAL,['GRASS_GRAIN_FED'],2 Years,"[{'id': '22399448-7a56-473b-b24d-a7b69b30f946', 'image': 'https://uploads-master.aws.bengalmeat.com/media/cattle-image/2026/BLF_5306_2.jpg'}, {'id': 'b413b20a-df40-4f4f-96c1-9ee04514014f', 'image': 'https://uploads-master.aws.bengalmeat.com/media/cattle-image/2026/BLF_5306_3.jpg'}, {'id': 'd9430db0-03da-4ab8-aa48-34664faae664', 'image': 'https://uploads-master.aws.bengalmeat.com/media/cattle-image/2026/BLF_5306_4.jpg'}]",0.0,6 Months,2,0,43.0,sZLg01KY1Lo,325.0,210000.00,False,True,True,True,True,MINIMUM,https://uploads-master.aws.bengalmeat.com/media/cattle-thumbnail/2026/BLF_5306_1.jpg,2026-04-26T15:05:58.438884+06:00,AVAILABLE
d3088ced-9928-4d53-86f5-4e36dff7bbc6,BLF 5312,COW,MALE_BULL,NON_RED,LOCAL,['GRASS_GRAIN_FED'],2.5 Years,"[{'id': '035c2de4-df26-4e48-b8bd-044a0e8434f8', 'image': 'https://uploads-master.aws.bengalmeat.com/media/cattle-image/2026/BLF_5312_2.jpg'}, {'id': '8b8a8a95-d44a-4592-bfac-e66e47492a17', 'image': 'https://uploads-master.aws.bengalmeat.com/media/cattle-image/2026/BLF_5312_3.jpg'}, {'id': 'e0c2319d-203f-42a1-bce2-817bec946981', 'image': 'https://uploads-master.aws.bengalmeat.com/media/cattle-image/2026/BLF_5312_4.jpg'}]",0.0,6 Months,4,0,44.0,LVb5zCQ_qc4,318.0,206000.00,False,True,True,True,True,MINIMUM,https://uploads-master.aws.bengalmeat.com/media/cattle-thumbnail/2026/BLF_5312_1.jpg,2026-04-26T15:12:10.218189+06:00,AVAILABLE
5554aa43-8b02-4044-973c-5ef8654c66df,BLF 5104,COW,MALE_BULL,NON_RED,LOCAL,['GRASS_GRAIN_FED'],2 Years,"[{'id': 'd667a254-2838-4e43-a1a4-f1f46d11991d', 'image': 'https://uploads-master.aws.bengalmeat.com/media/cattle-image/2026/BLF_5104_2.jpg'}, {'id': '622e1178-4f16-4481-b0a4-a8f0cb0ad35b', 'image': 'https://uploads-master.aws.bengalmeat.com/media/cattle-image/2026/BLF_5104_3.jpg'}, {'id': '80e5d18e-cafc-470e-843f-069383086490', 'image': 'https://uploads-master.aws.bengalmeat.com/media/cattle-image/2026/BLF_5104_4.jpg'}]",0.0,12 Months,2,7,43.1,xE_KnRb2pg4,290.0,28000.00,False,True,True,True,True,MINIMUM,https://uploads-master.aws.bengalmeat.com/media/cattle-thumbnail/2026/BLF_5104_1.jpg,2026-05-02T15:00:27.002151+06:00,SHARED
6f8a6e67-a47f-497b-8d0b-a9c3900baa4b,BLF 5110,COW,MALE_BULL,RED,LOCAL,['GRASS_FED_GRASS_FINISHED'],2.5 Years,"[{'id': '690bf557-405d-4634-964a-d10614397168', 'image': 'https://uploads-master.aws.bengalmeat.com/media/cattle-image/2026/BLF_5110_2_1OqiFrD.jpg'}, {'id': '7c4d8787-f890-48e5-9700-183b789e8685', 'image': 'https://uploads-master.aws.bengalmeat.com/media/cattle-image/2026/BLF_5110_3_IDg1W7T.jpg'}, {'id': 'c0674471-b6eb-4bfb-b5e3-5740732efcb7', 'image': 'https://uploads-master.aws.bengalmeat.com/media/cattle-image/2026/BLF_5110_4_FnuatLA.jpg'}]",0.0,12 Months,4,0,45.0,kNl5yYPNkfw,295.0,191000.00,False,True,True,True,True,MEDIUM,https://uploads-master.aws.bengalmeat.com/media/cattle-thumbnail/2026/BLF_5110_1_A011lVw.jpg,2026-04-11T21:04:16.252548+06:00,AVAILABLE
aa383432-be65-4436-8579-b9e6e883833b,BLF 5138,COW,MALE_BULL,RED,LOCAL,['GRASS_GRAIN_FED'],4 Years,"[{'id': 'f6e3712b-13b8-4c1a-9cc1-c4eb94a886a7', 'image': 'https://uploads-master.aws.bengalmeat.com/media/cattle-image/2026/BLF_5138_2.jpg'}, {'id': '261bda0e-f767-4e89-91bd-8e865c1eb312', 'image': 'https://uploads-master.aws.bengalmeat.com/media/cattle-image/2026/BLF_5138_3.jpg'}, {'id': '6c69e05f-e64a-431e-8c98-46b36ab80f67', 'image': 'https://uploads-master.aws.bengalmeat.com/media/cattle-image/2026/BLF_5138_4.jpg'}]",0.0,12 Months,8,0,43.0,eHre_2DPCgM,300.0,195000.00,False,True,True,True,True,MINIMUM,https://uploads-master.aws.bengalmeat.com/media/cattle-thumbnail/2026/BLF_5138_1.jpg,2026-04-11T21:44:50.793548+06:00,AVAILABLE
21e3b61a-7c9c-463a-a0cf-2397eeed2b9e,BLF 5139,COW,MALE_BULL,RED,SAHIWAL,['GRASS_GRAIN_FED'],3 Years,"[{'id': '52c2bf86-94e8-4bb3-9a03-3f0c29849d3a', 'image': 'https://uploads-master.aws.bengalmeat.com/media/cattle-image/2026/BLF_5139_2.jpg'}, {'id': '0c44dced-e6eb-4457-9de1-0a7608277b64', 'image': 'https://uploads-master.aws.bengalmeat.com/media/cattle-image/2026/BLF_5139_3.jpg'}, {'id': 'c2b406e4-f1cb-42cc-bb4c-85679c4ab6a9', 'image': 'https://uploads-master.aws.bengalmeat.com/media/cattle-image/2026/BLF_5139_4.jpg'}]",0.0,9 Months,6,0,45.6,VZ7O2wbeho4,360.0,235000.00,False,True,True,True,True,MEDIUM,https://uploads-master.aws.bengalmeat.com/media/cattle-thumbnail/2026/BLF_5139_1.jpg,2026-04-11T21:51:56.059438+06:00,AVAILABLE
43f5c290-0967-453a-be2e-8d54fa1454bf,BLF 5105,COW,MALE_BULL,NON_RED,LOCAL,['GRASS_GRAIN_FED'],3 Years,"[{'id': '2218b124-8b48-4531-9825-63573ae5e3b8', 'image': 'https://uploads-master.aws.bengalmeat.com/media/cattle-image/2026/BLF_5105_2.jpg'}, {'id': 'f345fde8-33b7-43d1-9e17-7bd99ce4921b', 'image': 'https://uploads-master.aws.bengalmeat.com/media/cattle-image/2026/BLF_5105_3.jpg'}, {'id': 'eddf08a8-3a42-4c8f-abba-72d9db6f03e4', 'image': 'https://uploads-master.aws.bengalmeat.com/media/cattle-image/2026/BLF_5105_4.jpg'}]",0.0,12 Months,6,0,46.0,43C8c2qvarg,350.0,226000.00,False,True,True,True,True,MEDIUM,https://uploads-master.aws.bengalmeat.com/media/cattle-thumbnail/2026/BLF_5105_1.jpg,2026-04-11T20:58:37.642160+06:00,AVAILABLE
40dac459-5974-4030-ae29-26b1349b892c,BLF 5313,COW,MALE_BULL,RED,RED_CHITTAGONG,['GRASS_GRAIN_FED'],2.5 Years,"[{'id': 'ff1446f1-d2e1-446b-b7d5-2b4dd1d0fb6a', 'image': 'https://uploads-master.aws.bengalmeat.com/media/cattle-image/2026/BLF_5313_2.jpg'}, {'id': '5ae4e2cc-baba-49bc-bc1d-462b6670577f', 'image': 'https://uploads-master.aws.bengalmeat.com/media/cattle-image/2026/BLF_5313_3.jpg'}, {'id': 'e57c2dbc-1977-45ff-8760-ea274b3f371f', 'image': 'https://uploads-master.aws.bengalmeat.com/media/cattle-image/2026/BLF_5313_4.jpg'}]",0.0,6 Months,4,0,36.0,yoPZ11ymI9M,160.0,110000.00,False,True,True,True,True,MINIMUM,https://uploads-master.aws.bengalmeat.com/media/cattle-thumbnail/2026/BLF_5313_1.jpg,2026-05-02T15:29:21.645938+06:00,ORDERED
e852c955-00b2-4825-b287-f2c74cce88f8,BLF 5307,COW,MALE_BULL,NON_RED,LOCAL,['GRASS_GRAIN_FED'],2 Years,"[{'id': '4cc6bd0f-51d6-4a17-90b4-785780205b15', 'image': 'https://uploads-master.aws.bengalmeat.com/media/cattle-image/2026/BLF_5307_2.jpg'}, {'id': 'a1c8b634-cf7d-432f-b018-b81126ea9f30', 'image': 'https://uploads-master.aws.bengalmeat.com/media/cattle-image/2026/BLF_5307_3.jpg'}, {'id': 'c4e92f8e-5d85-435e-a59a-09bd3bd5497f', 'image': 'https://uploads-master.aws.bengalmeat.com/media/cattle-image/2026/BLF_5307_4.jpg'}]",0.0,6 Months,2,0,46.0,7r36zDWCsMM,308.0,199000.00,False,True,True,True,True,MEDIUM,https://uploads-master.aws.bengalmeat.com/media/cattle-thumbnail/2026/BLF_5307_1.jpg,2026-04-26T15:07:11.686455+06:00,AVAILABLE
717fa6e2-2ee7-4d7d-904f-10f8dc6941b7,BLF 5267,COW,MALE_BULL,RED,LOCAL,['GRASS_GRAIN_FED'],2.5 Years,"[{'id': '4b6541c5-eb9e-4739-af8a-fe2b57124bbf', 'image': 'https://uploads-master.aws.bengalmeat.com/media/cattle-image/2026/BLF_5267_2.jpg'}, {'id': '6f574d35-db0d-493a-9764-5738535038e0', 'image': 'https://uploads-master.aws.bengalmeat.com/media/cattle-image/2026/BLF_5267_3.jpg'}, {'id': '7d843502-c4a5-4762-bf89-cf0a7fe51432', 'image': 'https://uploads-master.aws.bengalmeat.com/media/cattle-image/2026/BLF_5267_4.jpg'}]",0.0,6 Months,4,0,50.0,buWqI1_1iRU,350.0,32500.00,False,True,True,True,True,MEDIUM,https://uploads-master.aws.bengalmeat.com/media/cattle-thumbnail/2026/BLF_5267_1.jpg,2026-04-26T14:55:37.854795+06:00,SHARED_ORDERED
6ac2b690-cf30-4f01-814d-d3187e17a2a0,BLF 5273,COW,MALE_BULL,NON_RED,HOSTINE_CROSS,['GRASS_FED_GRAIN_FINISHED'],3 Years,"[{'id': '5c1a0eee-fa88-46a4-be85-b686159f0403', 'image': 'https://uploads-master.aws.bengalmeat.com/media/cattle-image/2026/BLF_5273_2_sCGcEOX.jpg'}, {'id': '232ef8a8-f6e1-43bd-a6e0-2ff2474c4b97', 'image': 'https://uploads-master.aws.bengalmeat.com/media/cattle-image/2026/BLF_5273_3_AqSi5oW.jpg'}, {'id': '3fc14e2c-972b-4e0d-8c34-8d881ca7cd70', 'image': 'https://uploads-master.aws.bengalmeat.com/media/cattle-image/2026/BLF_5273_4_MlUmtdC.jpg'}]",0.0,12 Months,6,0,58.9,r0KweFbaxRI,800.0,510000.00,True,True,True,True,True,EXTRA_LARGE,https://uploads-master.aws.bengalmeat.com/media/cattle-thumbnail/2026/BLF_5273_1_aExjBLJ.jpg,2026-04-20T11:25:29.910468+06:00,AVAILABLE
10846146-363f-4c40-9965-294730aa5d22,BLF 5298,COW,MALE_BULL,RED,SAHIWAL,['GRASS_GRAIN_FED'],3 Years,"[{'id': '71cf2b54-8033-44c2-b726-b031c8b62061', 'image': 'https://uploads-master.aws.bengalmeat.com/media/cattle-image/2026/BLF_5298_2.jpg'}, {'id': '10aa6278-317d-4761-b149-41a02a6b5941', 'image': 'https://uploads-master.aws.bengalmeat.com/media/cattle-image/2026/BLF_5298_3.jpg'}, {'id': '94a563e6-2f32-4d1b-bf41-4f37b0e29000', 'image': 'https://uploads-master.aws.bengalmeat.com/media/cattle-image/2026/BLF_5298_4.jpg'}]",0.0,6 Months,6,0,54.9,VtwsuFfsDM0,610.0,395000.00,True,True,True,True,True,LARGE,https://uploads-master.aws.bengalmeat.com/media/cattle-thumbnail/2026/BLF_5298_1.jpg,2026-04-21T14:43:39.224753+06:00,AVAILABLE
bb6ea415-95c3-41e8-918f-b8e92f0127b7,BLF 5059,COW,MALE_STEER,RED,LOCAL,['GRASS_GRAIN_FED'],2.5 Years,"[{'id': '1459f2f0-18ff-4f87-b0a0-b7c89338ef0e', 'image': 'https://uploads-master.aws.bengalmeat.com/media/cattle-image/2026/BLF_5059_2.jpg'}, {'id': '86244ef5-73b8-4581-97cd-111a40415b54', 'image': 'https://uploads-master.aws.bengalmeat.com/media/cattle-image/2026/BLF_5059_3.jpg'}, {'id': 'd3b1b6f5-4de2-4a9d-bcb3-6d51de8e10b4', 'image': 'https://uploads-master.aws.bengalmeat.com/media/cattle-image/2026/BLF_5059_4.jpg'}]",0.0,12 Months,4,0,40.0,rZdZvSkWqQw,210.0,142000.00,False,True,True,True,True,MINIMUM,https://uploads-master.aws.bengalmeat.com/media/cattle-thumbnail/2026/BLF_5059_1.jpg,2026-04-13T11:47:16.902528+06:00,AVAILABLE
14397aa2-641e-494e-8664-251ce1433410,BLF 5065,COW,MALE_BULL,RED,LOCAL,['GRASS_GRAIN_FED'],2 Years,"[{'id': 'c2a86c07-ada5-49dd-ab23-8be9594a8394', 'image': 'https://uploads-master.aws.bengalmeat.com/media/cattle-image/2026/BLF_5065_2.jpg'}, {'id': 'b83d5f72-18e6-4b3d-a961-0add6961d208', 'image': 'https://uploads-master.aws.bengalmeat.com/media/cattle-image/2026/BLF_5065_3.jpg'}, {'id': 'e2592927-481e-457b-b073-6b30284c1593', 'image': 'https://uploads-master.aws.bengalmeat.com/media/cattle-image/2026/BLF_5065_4.jpg'}]",0.0,12 Months,2,0,41.0,irHdE2u5coo,246.0,162000.00,False,True,True,True,True,MEDIUM,https://uploads-master.aws.bengalmeat.com/media/cattle-thumbnail/2026/BLF_5065_1.jpg,2026-04-11T19:21:21.261001+06:00,ORDERED
6469a89c-b4df-4492-901f-5914ee9bfd35,BLF 5071,COW,MALE_BULL,NON_RED,LOCAL,['GRASS_FED_GRASS_FINISHED'],2.5 Years,"[{'id': 'f9546183-45ad-4f89-98c6-d1ca8d16ef3f', 'image': 'https://uploads-master.aws.bengalmeat.com/media/cattle-image/2026/BLF_5071_2_MuMfYCN.jpg'}, {'id': '15f9543d-c1fa-49ee-ab8b-aa079cb7244a', 'image': 'https://uploads-master.aws.bengalmeat.com/media/cattle-image/2026/BLF_5071_3_2erBupX.jpg'}, {'id': '8c604e69-284a-49b9-818f-5e547fa61792', 'image': 'https://uploads-master.aws.bengalmeat.com/media/cattle-image/2026/BLF_5071_4_1Yn3OM2.jpg'}]",0.0,12 Months,4,0,43.0,jw9DAX0BRzw,278.0,183000.00,False,True,True,True,True,MINIMUM,https://uploads-master.aws.bengalmeat.com/media/cattle-thumbnail/2026/BLF_5071_1_VpnIzFf.jpg,2026-04-11T19:39:58.555207+06:00,AVAILABLE
0f476986-dd0c-41ac-acc0-40d227b4dcb0,BLF 5098,COW,MALE_BULL,NON_RED,LOCAL,['GRASS_FED_GRASS_FINISHED'],2 Years,"[{'id': '3af9f087-4d8b-4568-b449-cee61b3027f0', 'image': 'https://uploads-master.aws.bengalmeat.com/media/cattle-image/2026/BLF_5098_2.jpg'}, {'id': 'af15c144-48ef-450e-8fc7-717846ce56dc', 'image': 'https://uploads-master.aws.bengalmeat.com/media/cattle-image/2026/BLF_5098_3.jpg'}, {'id': '0123a1af-a8c2-4457-a992-0f54abc09055', 'image': 'https://uploads-master.aws.bengalmeat.com/media/cattle-image/2026/BLF_5098_4.jpg'}]",0.0,12 Months,2,0,41.0,OEmQVRfW6LQ,235.0,157000.00,False,True,True,True,True,MINIMUM,https://uploads-master.aws.bengalmeat.com/media/cattle-thumbnail/2026/BLF_5098_1.jpg,2026-04-11T20:37:02.541708+06:00,AVAILABLE
f33803e7-3a8d-4f20-a90b-14b2d1c1481b,BLF 5067,COW,MALE_BULL,NON_RED,LOCAL,['GRASS_GRAIN_FED'],2.5 Years,"[{'id': '4c3ed291-0b2e-4a85-9c0a-975ab43f3376', 'image': 'https://uploads-master.aws.bengalmeat.com/media/cattle-image/2026/BLF_5067_2.jpg'}, {'id': 'db8dc921-c225-4186-9cd3-3f2053b0f57d', 'image': 'https://uploads-master.aws.bengalmeat.com/media/cattle-image/2026/BLF_5067_3.jpg'}, {'id': 'aebdb146-595e-4edc-8d22-ec77b89ea32f', 'image': 'https://uploads-master.aws.bengalmeat.com/media/cattle-image/2026/BLF_5067_4.jpg'}]",0.0,12 Months,4,0,39.0,XWKperl0JpQ,230.0,152000.00,False,True,True,True,True,MEDIUM,https://uploads-master.aws.bengalmeat.com/media/cattle-thumbnail/2026/BLF_5067_1.jpg,2026-04-11T19:27:59.486843+06:00,ORDERED
0f937149-5830-44a9-8cb0-deb60c827d31,BLF 5073,COW,MALE_BULL,NON_RED,LOCAL,['GRASS_FED_GRASS_FINISHED'],2 Years,"[{'id': 'd8c59466-c7fe-44ed-9700-a9828c369190', 'image': 'https://uploads-master.aws.bengalmeat.com/media/cattle-image/2026/BLF_5073_2.jpg'}, {'id': '12cbb556-294a-454d-bc99-45199837070f', 'image': 'https://uploads-master.aws.bengalmeat.com/media/cattle-image/2026/BLF_5073_3.jpg'}, {'id': '808d9e38-cc17-4b21-bf11-bcdbaa71c55f', 'image': 'https://uploads-master.aws.bengalmeat.com/media/cattle-image/2026/BLF_5073_4.jpg'}]",0.0,12 Months,2,0,46.0,6sJsE8a53HQ,285.0,27500.00,False,True,True,True,True,MEDIUM,https://uploads-master.aws.bengalmeat.com/media/cattle-thumbnail/2026/BLF_5073_1.jpg,2026-04-11T19:47:25.161646+06:00,SHARED_ORDERED
154d91d8-09a5-4bdb-9899-187f5be79006,BLF 5265,COW,MALE_BULL,RED,SAHIWAL,['GRASS_GRAIN_FED'],2 Years,"[{'id': '681a37f6-aeee-460d-a8fe-7489d1fad7dc', 'image': 'https://uploads-master.aws.bengalmeat.com/media/cattle-image/2026/BLF_5265_2.jpg'}, {'id': 'b09c3381-cf3e-4c33-920e-39a309de806f', 'image': 'https://uploads-master.aws.bengalmeat.com/media/cattle-image/2026/BLF_5265_3.jpg'}, {'id': 'ef583cce-8406-47b9-829e-661f9547dd9c', 'image': 'https://uploads-master.aws.bengalmeat.com/media/cattle-image/2026/BLF_5265_4.jpg'}]",0.0,6 Months,2,6,50.8,cWulI4rKR1c,430.0,40500.00,False,True,True,True,True,MEDIUM,https://uploads-master.aws.bengalmeat.com/media/cattle-thumbnail/2026/BLF_5265_1.jpg,2026-04-20T11:13:58.772249+06:00,SHARED
2435e21f-5575-4d1f-81f8-69f5e8ccd008,BLF 5271,COW,MALE_BULL,RED,SAHIWAL,['GRASS_FED_GRASS_FINISHED'],2 Years,"[{'id': '7257236c-82cf-462a-8caa-85bcc133b0ce', 'image': 'https://uploads-master.aws.bengalmeat.com/media/cattle-image/2026/BLF_5271_2_3q7kWQ7.jpg'}, {'id': '09e62d6f-6c50-4473-a6ca-e10861456403', 'image': 'https://uploads-master.aws.bengalmeat.com/media/cattle-image/2026/BLF_5271_3_Nhlp6gP.jpg'}, {'id': '43b0dbc4-b186-4755-a01b-f47b700d8fe4', 'image': 'https://uploads-master.aws.bengalmeat.com/media/cattle-image/2026/BLF_5271_4_KJVoqRJ.jpg'}]",0.0,12 Months,2,0,46.0,77-WX7PEb-M,348.0,224000.00,False,True,True,True,True,MEDIUM,https://uploads-master.aws.bengalmeat.com/media/cattle-thumbnail/2026/BLF_5271_1_yri44Bq.jpg,2026-04-20T11:20:19.886409+06:00,AVAILABLE
8ce8ca6e-2145-4eb7-8aa6-3437e517f6da,BLF 5259,COW,MALE_BULL,NON_RED,LOCAL,['GRASS_GRAIN_FED'],2 Years,"[{'id': '25f19593-29a8-4ff4-bcdf-d8e485003b13', 'image': 'https://uploads-master.aws.bengalmeat.com/media/cattle-image/2026/BLF_5259_2.jpg'}, {'id': '111ad669-5e25-42aa-9a99-947c51fb283b', 'image': 'https://uploads-master.aws.bengalmeat.com/media/cattle-image/2026/BLF_5259_3.jpg'}, {'id': '120f7538-43ea-4acc-9692-31dcb9ddb7ba', 'image': 'https://uploads-master.aws.bengalmeat.com/media/cattle-image/2026/BLF_5259_4.jpg'}]",0.0,6 Months,2,0,38.9,07if-kp86_U,198.0,133000.00,False,True,True,True,True,MINIMUM,https://uploads-master.aws.bengalmeat.com/media/cattle-thumbnail/2026/BLF_5259_1.jpg,2026-04-20T10:35:21.911297+06:00,ORDERED
0a3223c2-3f12-475d-9596-42158cd97b54,BLF 5311,COW,MALE_BULL,RED,RED_CHITTAGONG,['GRASS_GRAIN_FED'],2.5 Years,"[{'id': 'c6605197-fb02-494b-8d29-42fc68f0dfbe', 'image': 'https://uploads-master.aws.bengalmeat.com/media/cattle-image/2026/BLF_5311_2.jpg'}, {'id': '2c124fbf-c2cc-4234-bed7-61906a14f233', 'image': 'https://uploads-master.aws.bengalmeat.com/media/cattle-image/2026/BLF_5311_3.jpg'}, {'id': 'f3ddaf74-277e-4f2e-97fa-98654a3b33ad', 'image': 'https://uploads-master.aws.bengalmeat.com/media/cattle-image/2026/BLF_5311_4.jpg'}]",0.0,6 Months,4,0,47.3,tE_Oe3Cr69Q,398.0,256000.00,False,True,True,True,True,MEDIUM,https://uploads-master.aws.bengalmeat.com/media/cattle-thumbnail/2026/BLF_5311_1.jpg,2026-04-26T15:11:01.017129+06:00,AVAILABLE
c5988d40-a57e-45f1-b559-8052bc4d2e0c,BLF 5305,COW,MALE_BULL,RED,SINDHI,['GRASS_GRAIN_FED'],2 Years,"[{'id': '8a4dc978-c216-41eb-bb54-17af52f2905e', 'image': 'https://uploads-master.aws.bengalmeat.com/media/cattle-image/2026/BLF_5305_2.jpg'}, {'id': 'd10bf08f-484d-4180-afbc-b874c30fb8ac', 'image': 'https://uploads-master.aws.bengalmeat.com/media/cattle-image/2026/BLF_5305_3.jpg'}, {'id': '2886fe6f-18f7-4bc1-af78-c6bf542faa72', 'image': 'https://uploads-master.aws.bengalmeat.com/media/cattle-image/2026/BLF_5305_4.jpg'}]",0.0,6 Months,2,7,47.0,Zzz6jR-5zaU,370.0,35000.00,False,True,True,True,True,MEDIUM,https://uploads-master.aws.bengalmeat.com/media/cattle-thumbnail/2026/BLF_5305_1.jpg,2026-04-26T15:04:38.924409+06:00,SHARED
601fcb29-5cb9-41bd-830b-9ce651b86f00,BLF 5113,COW,MALE_BULL,NON_RED,LOCAL,['GRASS_GRAIN_FED'],2 Years,"[{'id': 'f2bea265-e828-44a3-b7eb-c830217bbb94', 'image': 'https://uploads-master.aws.bengalmeat.com/media/cattle-image/2026/BLF_5113_2.jpg'}, {'id': '2e184c1a-23d4-480d-97f0-055248e1b9d9', 'image': 'https://uploads-master.aws.bengalmeat.com/media/cattle-image/2026/BLF_5113_3.jpg'}, {'id': 'ca547fc7-e156-4dac-9f9a-2949f49264b5', 'image': 'https://uploads-master.aws.bengalmeat.com/media/cattle-image/2026/BLF_5113_4.jpg'}]",0.0,12 Months,2,0,40.2,mXy5pH_gcWQ,235.0,156000.00,False,True,True,True,True,MINIMUM,https://uploads-master.aws.bengalmeat.com/media/cattle-thumbnail/2026/BLF_5113_1.jpg,2026-04-11T21:08:16.108788+06:00,AVAILABLE
3e93b930-43ab-4334-8dbf-349883ba09c5,BLF 5112,COW,MALE_BULL,RED,SAHIWAL,['GRASS_GRAIN_FED'],2.5 Years,"[{'id': 'efd8fbbe-5d71-4355-ad8b-3e163bd50fdb', 'image': 'https://uploads-master.aws.bengalmeat.com/media/cattle-image/2026/BLF_5112_2.jpg'}, {'id': '3469e869-1930-4352-9e40-d2df2c560281', 'image': 'https://uploads-master.aws.bengalmeat.com/media/cattle-image/2026/BLF_5112_3.jpg'}, {'id': '59d48343-fa8d-4d25-ac0b-89cdbaf6a49c', 'image': 'https://uploads-master.aws.bengalmeat.com/media/cattle-image/2026/BLF_5112_4.jpg'}]",0.0,12 Months,4,0,45.6,i0uHJA_ZHM0,335.0,216000.00,False,True,True,True,True,MEDIUM,https://uploads-master.aws.bengalmeat.com/media/cattle-thumbnail/2026/BLF_5112_1.jpg,2026-04-11T21:06:27.900673+06:00,AVAILABLE
cdc97a9a-23fa-40f1-a883-205fb9602cfb,BLF 5304,COW,MALE_BULL,NON_RED,LOCAL,['GRASS_GRAIN_FED'],2 Years,"[{'id': '44ef6e30-b2ab-4190-a5b7-b4cbdf6eedfe', 'image': 'https://uploads-master.aws.bengalmeat.com/media/cattle-image/2026/BLF_5304_2.jpg'}, {'id': '813b4052-89ad-4a8a-a17e-234dc4ec447a', 'image': 'https://uploads-master.aws.bengalmeat.com/media/cattle-image/2026/BLF_5304_3.jpg'}, {'id': '2d40009c-d152-44eb-862b-3c8e3878d2b8', 'image': 'https://uploads-master.aws.bengalmeat.com/media/cattle-image/2026/BLF_5304_4.jpg'}]",0.0,6 Months,2,0,36.3,-kNBJyLY2T4,167.0,114000.00,False,True,True,True,True,MINIMUM,https://uploads-master.aws.bengalmeat.com/media/cattle-thumbnail/2026/BLF_5304_1.jpg,2026-04-26T15:03:21.543775+06:00,ORDERED
b395d2c9-abdc-4aba-b137-c2999a70c082,BLF 5264,COW,MALE_BULL,RED,SAHIWAL,['GRASS_GRAIN_FED'],2.5 Years,"[{'id': '171bc258-e2b4-44d4-815b-869cf13b7e76', 'image': 'https://uploads-master.aws.bengalmeat.com/media/cattle-image/2026/BLF_5264_2.jpg'}, {'id': '37255131-2f48-4e30-b1ae-80e79a3b79a2', 'image': 'https://uploads-master.aws.bengalmeat.com/media/cattle-image/2026/BLF_5264_3.jpg'}, {'id': 'e09a9285-98d3-496c-8fe9-85d5a4ec014a', 'image': 'https://uploads-master.aws.bengalmeat.com/media/cattle-image/2026/BLF_5264_4.jpg'}]",0.0,6 Months,4,4,50.8,qWGX8aAOzZg,390.0,37000.00,False,True,True,True,True,MEDIUM,https://uploads-master.aws.bengalmeat.com/media/cattle-thumbnail/2026/BLF_5264_1.jpg,2026-04-26T14:52:38.881903+06:00,SHARED
7dfd8ca6-39af-46bb-8151-0b820121a51d,BLF 5072,COW,MALE_BULL,NON_RED,LOCAL,['GRASS_FED_GRASS_FINISHED'],2.5 Years,"[{'id': 'ff6ce804-6cbd-461a-8583-cf0d6b181f6d', 'image': 'https://uploads-master.aws.bengalmeat.com/media/cattle-image/2026/BLF_5072_2_1C6w6Qt.jpg'}, {'id': '6aa7ef68-90b6-460e-a651-f4a3f28ff9d6', 'image': 'https://uploads-master.aws.bengalmeat.com/media/cattle-image/2026/BLF_5072_3_mVzwfCf.jpg'}, {'id': '2dbb95f2-17c8-44be-8185-fdce9c4d1e25', 'image': 'https://uploads-master.aws.bengalmeat.com/media/cattle-image/2026/BLF_5072_4_CWNwIgq.jpg'}]",0.0,12 Months,4,0,41.0,BgwogBQni2Q,268.0,176000.00,False,True,True,True,True,MINIMUM,https://uploads-master.aws.bengalmeat.com/media/cattle-thumbnail/2026/BLF_5072_1_hWT63AT.jpg,2026-04-11T19:42:26.731981+06:00,AVAILABLE
23302e82-4cc4-47e4-b4dd-f536bbbb3858,BLF 5066,COW,MALE_BULL,NON_RED,LOCAL,['GRASS_GRAIN_FED'],2 Years,"[{'id': '53bc0cb1-7ddd-4174-b370-fed5028e25b7', 'image': 'https://uploads-master.aws.bengalmeat.com/media/cattle-image/2026/BLF_5066_2.jpg'}, {'id': 'f5d69dc8-8887-451d-a7d0-ee251d2f389d', 'image': 'https://uploads-master.aws.bengalmeat.com/media/cattle-image/2026/BLF_5066_3.jpg'}, {'id': '5467006b-20d5-4990-a2db-79078504ab05', 'image': 'https://uploads-master.aws.bengalmeat.com/media/cattle-image/2026/BLF_5066_4.jpg'}]",0.0,12 Months,2,0,36.3,Uk400tn8mZQ,210.0,141000.00,False,True,True,True,True,MINIMUM,https://uploads-master.aws.bengalmeat.com/media/cattle-thumbnail/2026/BLF_5066_1.jpg,2026-04-11T19:24:17.369398+06:00,ORDERED
8f37a0ac-880f-476e-a430-41dd609592e7,BLF 5062,COW,MALE_BULL,NON_RED,LOCAL,['GRASS_GRAIN_FED'],2 Years,"[{'id': 'be6a785e-d94e-471f-8d3e-b5eed011e102', 'image': 'https://uploads-master.aws.bengalmeat.com/media/cattle-image/2026/BLF_5062_2.jpg'}, {'id': 'ae7da012-8a0f-4820-994e-e7a6cccdd179', 'image': 'https://uploads-master.aws.bengalmeat.com/media/cattle-image/2026/BLF_5062_3.jpg'}, {'id': '44fc0b61-70d3-49b9-a3c6-4776a162a550', 'image': 'https://uploads-master.aws.bengalmeat.com/media/cattle-image/2026/BLF_5062_4.jpg'}]",0.0,12 Months,2,0,41.0,iQKml2UJl7w,235.0,155000.00,True,True,True,True,True,MEDIUM,https://uploads-master.aws.bengalmeat.com/media/cattle-thumbnail/2026/BLF_5062_1.jpg,2026-04-11T19:12:10.383755+06:00,ORDERED
85e5cb65-015e-4b0d-9b56-e002a17d5bb4,BLF 5076,COW,MALE_BULL,RED,LOCAL,['GRASS_FED_GRASS_FINISHED'],2 Years,"[{'id': '1f6e76c8-a7aa-45a0-8236-8efde5587d81', 'image': 'https://uploads-master.aws.bengalmeat.com/media/cattle-image/2026/BLF_5076_2_lUUOrit.jpg'}, {'id': 'e59c3d9f-4615-4144-bc77-9b982b3260d0', 'image': 'https://uploads-master.aws.bengalmeat.com/media/cattle-image/2026/BLF_5076_3_SqRHBMC.jpg'}, {'id': 'd6c5cb7d-99f8-44dc-af6a-a9f6b3d1011c', 'image': 'https://uploads-master.aws.bengalmeat.com/media/cattle-image/2026/BLF_5076_4_WggP7in.jpg'}]",0.0,12 Months,2,0,46.0,g98jPFXAjpk,360.0,232000.00,True,True,True,True,True,MEDIUM,https://uploads-master.aws.bengalmeat.com/media/cattle-thumbnail/2026/BLF_5076_1_9SeKX5d.jpg,2026-04-11T19:54:57.561408+06:00,AVAILABLE
e48e926c-aff7-4c45-8728-9eb02c1329ce,BLF 5248,COW,MALE_BULL,RED,LOCAL,['GRASS_GRAIN_FED'],2 Years,"[{'id': '29dfe6cc-fb74-492d-b1bf-6de4a9cb4429', 'image': 'https://uploads-master.aws.bengalmeat.com/media/cattle-image/2026/BLF_5248_2.jpg'}, {'id': '6ec4322e-0218-48e1-b7a2-307d3df943de', 'image': 'https://uploads-master.aws.bengalmeat.com/media/cattle-image/2026/BLF_5248_3.jpg'}, {'id': 'b6e79192-1799-46fd-9248-ceea682df1fe', 'image': 'https://uploads-master.aws.bengalmeat.com/media/cattle-image/2026/BLF_5248_4.jpg'}]",0.0,6 Months,2,0,41.0,CxyB60lfr6M,240.0,159000.00,False,True,True,True,True,MINIMUM,https://uploads-master.aws.bengalmeat.com/media/cattle-thumbnail/2026/BLF_5248_1.jpg,2026-04-20T10:10:59.099850+06:00,ORDERED
8a4eb81d-fa04-4400-b9e5-42ec4ef02923,BLF 5260,COW,MALE_BULL,NON_RED,LOCAL,['GRASS_GRAIN_FED'],2 Years,"[{'id': 'b486a82f-5369-4f0c-9116-7e2bd60c87fe', 'image': 'https://uploads-master.aws.bengalmeat.com/media/cattle-image/2026/BLF_5260_2.jpg'}, {'id': '39e59533-3352-423f-b19a-6d922f3bfba6', 'image': 'https://uploads-master.aws.bengalmeat.com/media/cattle-image/2026/BLF_5260_3.jpg'}, {'id': 'affda668-23ad-4c65-8344-b569872749fa', 'image': 'https://uploads-master.aws.bengalmeat.com/media/cattle-image/2026/BLF_5260_4.jpg'}]",0.0,6 Months,2,0,46.0,JTg0hQg-K78,345.0,32500.00,False,True,True,True,True,MEDIUM,https://uploads-master.aws.bengalmeat.com/media/cattle-thumbnail/2026/BLF_5260_1.jpg,2026-04-20T10:37:00.972962+06:00,SHARED_ORDERED
a705c23a-5b0c-4274-b93b-869fc39b9531,BLF 5314,COW,MALE_BULL,NON_RED,HOSTINE_CROSS,['GRASS_GRAIN_FED'],2 Years,"[{'id': '8c218006-e38a-4cb3-b67a-1313435f9a1d', 'image': 'https://uploads-master.aws.bengalmeat.com/media/cattle-image/2026/BLF_5314_2.jpg'}, {'id': '18dbf807-3497-4cbb-b3cb-f445078d547b', 'image': 'https://uploads-master.aws.bengalmeat.com/media/cattle-image/2026/BLF_5314_3.jpg'}, {'id': 'd5143664-9915-49a1-9c53-d22c09eee993', 'image': 'https://uploads-master.aws.bengalmeat.com/media/cattle-image/2026/BLF_5314_4.jpg'}]",0.0,6 Months,2,0,48.0,-zei5vOXxW0,415.0,267000.00,False,True,True,True,True,MEDIUM,https://uploads-master.aws.bengalmeat.com/media/cattle-thumbnail/2026/BLF_5314_1.jpg,2026-05-02T15:32:04.721835+06:00,AVAILABLE
912bb9e5-57a5-4c58-a825-7f2b19ea9317,BLF 5300,COW,MALE_BULL,RED,LOCAL,['GRASS_GRAIN_FED'],3.5 Years,"[{'id': '8f679d42-2564-439f-8999-7bb1ce677723', 'image': 'https://uploads-master.aws.bengalmeat.com/media/cattle-image/2026/BLF_5300_2.jpg'}, {'id': 'efad1b95-068b-42f3-b754-23bef6a36d29', 'image': 'https://uploads-master.aws.bengalmeat.com/media/cattle-image/2026/BLF_5300_3.jpg'}, {'id': '49c26771-3884-476b-b5ef-0743c976e735', 'image': 'https://uploads-master.aws.bengalmeat.com/media/cattle-image/2026/BLF_5300_4.jpg'}]",0.0,6 Months,8,0,51.0,oEXCCWOmV_U,530.0,335000.00,True,True,True,True,True,LARGE,https://uploads-master.aws.bengalmeat.com/media/cattle-thumbnail/2026/BLF_5300_1.jpg,2026-04-21T14:46:17.242479+06:00,AVAILABLE
56e30567-8d64-4c49-a39b-01914532ba96,BLF 5116,COW,MALE_BULL,NON_RED,LOCAL,['GRASS_GRAIN_FED'],2 Years,"[{'id': '82b637c1-be21-4a57-9871-4c0ca3a5058c', 'image': 'https://uploads-master.aws.bengalmeat.com/media/cattle-image/2026/BLF_5116_2.jpg'}, {'id': '5c2e22a5-7be0-40aa-9481-8b909024c029', 'image': 'https://uploads-master.aws.bengalmeat.com/media/cattle-image/2026/BLF_5116_3.jpg'}, {'id': '77724abe-2585-44ce-8207-d8410265b431', 'image': 'https://uploads-master.aws.bengalmeat.com/media/cattle-image/2026/BLF_5116_4.jpg'}]",0.0,12 Months,2,0,47.0,SpSU7T-weOU,388.0,250000.00,False,True,True,True,True,EXTRA_LARGE,https://uploads-master.aws.bengalmeat.com/media/cattle-thumbnail/2026/BLF_5116_1.jpg,2026-04-11T21:14:39.201857+06:00,AVAILABLE
9a177430-73b2-43c2-ae43-a43b3871bd2c,BLF 5103,COW,MALE_BULL,RED,SAHIWAL,['GRASS_GRAIN_FED'],2 Years,"[{'id': '102433b2-f8a4-4924-908b-11ea3e1af59d', 'image': 'https://uploads-master.aws.bengalmeat.com/media/cattle-image/2026/BLF_5103_2.jpg'}, {'id': '7b4f28ce-ba0e-43b8-a4f8-0adbe47dc80d', 'image': 'https://uploads-master.aws.bengalmeat.com/media/cattle-image/2026/BLF_5103_3.jpg'}, {'id': '72dd12e7-290d-46af-a5b8-f281071e9d23', 'image': 'https://uploads-master.aws.bengalmeat.com/media/cattle-image/2026/BLF_5103_4.jpg'}]",0.0,12 Months,2,0,45.5,nsz_hY-knf8,315.0,203000.00,False,True,True,True,True,MEDIUM,https://uploads-master.aws.bengalmeat.com/media/cattle-thumbnail/2026/BLF_5103_1.jpg,2026-04-30T12:31:51.880514+06:00,AVAILABLE
400ff9f6-2cd7-4f33-9f70-7d9edb75546c,BLF 5315,COW,MALE_BULL,RED,SINDHI,['GRASS_GRAIN_FED'],2 Years,"[{'id': '3d0f8905-a418-4712-b1a6-9d2d379289bb', 'image': 'https://uploads-master.aws.bengalmeat.com/media/cattle-image/2026/BLF_5315_2.jpg'}, {'id': 'f9fafba9-a680-467a-b4be-126b335a2511', 'image': 'https://uploads-master.aws.bengalmeat.com/media/cattle-image/2026/BLF_5315_3.jpg'}, {'id': '776e2777-5427-432f-b5ad-0450eeecf1cb', 'image': 'https://uploads-master.aws.bengalmeat.com/media/cattle-image/2026/BLF_5315_4.jpg'}]",0.0,6 Months,2,0,50.8,oXcmGSXQD7o,442.0,285000.00,False,True,True,True,True,MEDIUM,https://uploads-master.aws.bengalmeat.com/media/cattle-thumbnail/2026/BLF_5315_1.jpg,2026-05-02T15:33:42.671389+06:00,ORDERED
4008fb07-2917-4de7-90b0-58c6165cef1a,BLF 5329,COW,MALE_BULL,NON_RED,LOCAL,['GRASS_GRAIN_FED'],2 Years,"[{'id': '64d39d88-522c-44ca-9aa9-f7c6c5938812', 'image': 'https://uploads-master.aws.bengalmeat.com/media/cattle-image/2026/BLF_5329_2.jpg'}, {'id': 'b94b7387-7bdc-4781-a07f-91866b61fec3', 'image': 'https://uploads-master.aws.bengalmeat.com/media/cattle-image/2026/BLF_5329_3.jpg'}, {'id': 'b1b52eca-d278-4439-9077-0016b8624ded', 'image': 'https://uploads-master.aws.bengalmeat.com/media/cattle-image/2026/BLF_5329_4.jpg'}]",0.0,4 Months,2,0,45.0,G92lUv3V83s,335.0,216000.00,False,True,True,True,True,MEDIUM,https://uploads-master.aws.bengalmeat.com/media/cattle-thumbnail/2026/BLF_5329_1.jpg,2026-05-02T18:40:18.575650+06:00,AVAILABLE
8e8b8b0a-3386-4ebc-ac79-752447f63207,BLF 5275,COW,MALE_BULL,NON_RED,HOSTINE_CROSS,['GRASS_FED_GRAIN_FINISHED'],2.5 Years,"[{'id': '83ef3085-2361-40ab-a115-9c86a64a3975', 'image': 'https://uploads-master.aws.bengalmeat.com/media/cattle-image/2026/BLF_5275_2_Rsi4tEn.jpg'}, {'id': '3c42c72e-55b0-4c67-af9e-217a593fe361', 'image': 'https://uploads-master.aws.bengalmeat.com/media/cattle-image/2026/BLF_5275_3_nV7EoKJ.jpg'}, {'id': '99e223c7-7b67-4cd1-83b3-850091a4e496', 'image': 'https://uploads-master.aws.bengalmeat.com/media/cattle-image/2026/BLF_5275_4_PIT7ltj.jpg'}]",0.0,12 Months,4,0,57.4,Graz9OENM-k,616.0,398000.00,True,True,True,True,True,EXTRA_LARGE,https://uploads-master.aws.bengalmeat.com/media/cattle-thumbnail/2026/BLF_5275_1_YJcPW8z.jpg,2026-04-20T11:28:41.301214+06:00,AVAILABLE
582c9059-cfc4-43c3-858f-e749bac6197b,BLF 5249,COW,MALE_BULL,RED,LOCAL,['GRASS_GRAIN_FED'],2 Years,"[{'id': '5bbf224e-f5dc-45d9-8b1b-d7e34f66faf7', 'image': 'https://uploads-master.aws.bengalmeat.com/media/cattle-image/2026/BLF_5249_2.jpg'}, {'id': 'ee62763e-ce39-4a80-b50e-7b7ee76bade9', 'image': 'https://uploads-master.aws.bengalmeat.com/media/cattle-image/2026/BLF_5249_3.jpg'}, {'id': '17dbee89-a4d0-411c-8627-4a0293541c06', 'image': 'https://uploads-master.aws.bengalmeat.com/media/cattle-image/2026/BLF_5249_4.jpg'}]",0.0,6 Months,2,0,43.0,1KUyK0o8pmA,200.0,133000.00,False,True,True,True,True,MINIMUM,https://uploads-master.aws.bengalmeat.com/media/cattle-thumbnail/2026/BLF_5249_1.jpg,2026-04-20T10:12:55.701268+06:00,ORDERED
f3ba4666-0d71-4c37-b9bf-5df9b42db774,BLF 5063,COW,MALE_BULL,RED,RED_CHITTAGONG,['GRASS_GRAIN_FED'],2 Years,"[{'id': '92b95408-ba00-4834-9058-0cc9062a0dad', 'image': 'https://uploads-master.aws.bengalmeat.com/media/cattle-image/2026/BLF_5063_2.jpg'}, {'id': '1f1e03e0-5730-40e9-9011-6f9cb62ee6aa', 'image': 'https://uploads-master.aws.bengalmeat.com/media/cattle-image/2026/BLF_5063_3.jpg'}, {'id': '964fb650-dbaa-41eb-aa10-b9c9ea1b6a33', 'image': 'https://uploads-master.aws.bengalmeat.com/media/cattle-image/2026/BLF_5063_4.jpg'}]",0.0,12 Months,2,0,37.5,axfeCbxwKUU,180.0,123000.00,False,True,True,True,True,MINIMUM,https://uploads-master.aws.bengalmeat.com/media/cattle-thumbnail/2026/BLF_5063_1.jpg,2026-04-11T19:15:43.899122+06:00,ORDERED
714546fe-7b51-4e46-8e83-b3238b99c88a,BLF 5075,COW,MALE_BULL,RED,LOCAL,['GRASS_FED_GRASS_FINISHED'],2 Years,"[{'id': '6623ced5-6c35-4d9f-a93d-e796f86947da', 'image': 'https://uploads-master.aws.bengalmeat.com/media/cattle-image/2026/BLF_5075_2.jpg'}, {'id': '7d6b48ea-964c-4015-ab3c-5bc58acfdad6', 'image': 'https://uploads-master.aws.bengalmeat.com/media/cattle-image/2026/BLF_5075_3.jpg'}, {'id': '7c61c922-c20f-4b92-a4c0-837cc651b781', 'image': 'https://uploads-master.aws.bengalmeat.com/media/cattle-image/2026/BLF_5075_4.jpg'}]",0.0,12 Months,2,0,49.0,STD-tXdxTj4,386.0,251000.00,False,True,True,True,True,MEDIUM,https://uploads-master.aws.bengalmeat.com/media/cattle-thumbnail/2026/BLF_5075_1.jpg,2026-04-18T17:04:40.436090+06:00,ORDERED
37e0e093-5c83-4bbf-9453-1c05505b81b3,BLF 5061,COW,MALE_BULL,NON_RED,LOCAL,['GRASS_GRAIN_FED'],2 Years,"[{'id': 'a5017d3b-5510-43b3-8a07-6ac4d51e8528', 'image': 'https://uploads-master.aws.bengalmeat.com/media/cattle-image/2026/BLF_5061_2.jpg'}, {'id': '3e438cf5-3bff-4425-a47d-b6ceebd18283', 'image': 'https://uploads-master.aws.bengalmeat.com/media/cattle-image/2026/BLF_5061_3.jpg'}, {'id': '7e41a7d3-ec7d-4a33-942c-c995ac1260db', 'image': 'https://uploads-master.aws.bengalmeat.com/media/cattle-image/2026/BLF_5061_4.jpg'}]",0.0,12 Months,2,0,41.0,I_GCo9bAQBU,265.0,174000.00,True,True,True,True,True,MEDIUM,https://uploads-master.aws.bengalmeat.com/media/cattle-thumbnail/2026/BLF_5061_1.jpg,2026-04-11T18:58:43.432166+06:00,ORDERED
0afff52f-1096-48c7-b593-947d1fc67802,BLF 5288,COW,MALE_BULL,RED,SAHIWAL,['GRASS_GRAIN_FED'],2 Years,"[{'id': '88f49228-f431-4cea-a4e0-2bc9600d477a', 'image': 'https://uploads-master.aws.bengalmeat.com/media/cattle-image/2026/BLF_5288_2.jpg'}, {'id': '278e01e9-8383-48fd-bd70-5e7515b292ed', 'image': 'https://uploads-master.aws.bengalmeat.com/media/cattle-image/2026/BLF_5288_3.jpg'}, {'id': 'ca3f8378-9fa6-4ba5-994c-8423d20b50c7', 'image': 'https://uploads-master.aws.bengalmeat.com/media/cattle-image/2026/BLF_5288_4.jpg'}]",0.0,6 Months,2,0,46.8,tY0IHfquKmA,345.0,222000.00,False,True,True,True,True,MEDIUM,https://uploads-master.aws.bengalmeat.com/media/cattle-thumbnail/2026/BLF_5288_1.jpg,2026-04-21T12:47:04.731376+06:00,AVAILABLE
b18500e6-6928-4db1-bd0e-ca19c080d593,BLF 5277,COW,MALE_BULL,NON_RED,HOSTINE_CROSS,['GRASS_FED_GRAIN_FINISHED'],2.5 Years,"[{'id': '0500a4c9-44e1-43dd-8cca-bda4ea7776e8', 'image': 'https://uploads-master.aws.bengalmeat.com/media/cattle-image/2026/BLF_5277_2_vaKt997.jpg'}, {'id': '4408733f-78e0-4785-b9d3-678c85a6690f', 'image': 'https://uploads-master.aws.bengalmeat.com/media/cattle-image/2026/BLF_5277_3_pnOBZ6r.jpg'}, {'id': 'fc264913-ae7b-4dfd-adac-5779efc69349', 'image': 'https://uploads-master.aws.bengalmeat.com/media/cattle-image/2026/BLF_5277_4_R36ixaT.jpg'}]",0.0,12 Months,4,0,57.6,4wBA9QCTEIg,562.0,365000.00,True,True,True,True,True,EXTRA_LARGE,https://uploads-master.aws.bengalmeat.com/media/cattle-thumbnail/2026/BLF_5277_1_HlylNlC.jpg,2026-04-20T11:31:42.458787+06:00,AVAILABLE
2400b603-865c-40eb-a62c-37507025f681,BLF 5263,COW,MALE_BULL,RED,SAHIWAL,['GRASS_GRAIN_FED'],2 Years,"[{'id': '3b26004d-6241-434c-8163-736d492edcad', 'image': 'https://uploads-master.aws.bengalmeat.com/media/cattle-image/2026/BLF_5263_2.jpg'}, {'id': '42fa5de7-b8e5-46c7-a4a9-b8c23fd2cd5d', 'image': 'https://uploads-master.aws.bengalmeat.com/media/cattle-image/2026/BLF_5263_3.jpg'}, {'id': 'f163f230-0d8e-4a09-b18d-a0eb24910e1b', 'image': 'https://uploads-master.aws.bengalmeat.com/media/cattle-image/2026/BLF_5263_4.jpg'}]",0.0,6 Months,2,0,49.0,dqo9JdbH6qA,410.0,266000.00,True,True,True,True,True,MEDIUM,https://uploads-master.aws.bengalmeat.com/media/cattle-thumbnail/2026/BLF_5263_1.jpg,2026-04-20T11:09:29.469902+06:00,AVAILABLE
acbb85dc-c6ed-47cd-aa68-eb259b1a96ec,BLF 5303,COW,MALE_BULL,NON_RED,LOCAL,['GRASS_GRAIN_FED'],2 Years,"[{'id': '0e9d8940-fd89-46e0-bf32-f8c6d18a82ae', 'image': 'https://uploads-master.aws.bengalmeat.com/media/cattle-image/2026/BLF_5303_2.jpg'}, {'id': '733b3fb7-7c4f-4329-b4a3-9d8bda626208', 'image': 'https://uploads-master.aws.bengalmeat.com/media/cattle-image/2026/BLF_5303_3.jpg'}, {'id': '7820b2ef-72c2-4d88-acc4-61a4f9f1cb1b', 'image': 'https://uploads-master.aws.bengalmeat.com/media/cattle-image/2026/BLF_5303_4.jpg'}]",0.0,6 Months,2,0,40.3,KrhPvH9TH1Q,220.0,146000.00,False,True,True,True,True,MINIMUM,https://uploads-master.aws.bengalmeat.com/media/cattle-thumbnail/2026/BLF_5303_1.jpg,2026-04-21T14:49:41.909051+06:00,ORDERED
8cb8e97f-bedd-40b1-a0c8-1933f867ae7a,BLF 5317,COW,MALE_BULL,RED,HOSTINE_CROSS,['GRASS_GRAIN_FED'],2 Years,"[{'id': '09a3b52e-c5ec-48ef-bc59-34492931a010', 'image': 'https://uploads-master.aws.bengalmeat.com/media/cattle-image/2026/BLF_5317_2.jpg'}, {'id': 'f868dd99-5479-4d41-8931-5c647d778447', 'image': 'https://uploads-master.aws.bengalmeat.com/media/cattle-image/2026/BLF_5317_3.jpg'}, {'id': '1587a8d1-3322-4631-af01-30b269c7ba01', 'image': 'https://uploads-master.aws.bengalmeat.com/media/cattle-image/2026/BLF_5317_4.jpg'}]",0.0,6 Months,2,0,49.0,jYpUGpF3yA0,367.0,232000.00,False,True,True,True,True,MEDIUM,https://uploads-master.aws.bengalmeat.com/media/cattle-thumbnail/2026/BLF_5317_1.jpg,2026-05-02T15:35:13.881895+06:00,AVAILABLE
36d79137-11e3-43d4-b07c-6e39a7c01b47,BLF 5115,COW,MALE_BULL,NON_RED,LOCAL,['GRASS_GRAIN_FED'],2 Years,"[{'id': '3c215565-c344-49ef-96e4-6962f18a415b', 'image': 'https://uploads-master.aws.bengalmeat.com/media/cattle-image/2026/BLF_5115_2.jpg'}, {'id': 'c6851983-f918-4cc3-9296-1886a28a1fbe', 'image': 'https://uploads-master.aws.bengalmeat.com/media/cattle-image/2026/BLF_5115_3.jpg'}, {'id': 'a0a02390-eb99-47ec-96af-f8f0f53c1962', 'image': 'https://uploads-master.aws.bengalmeat.com/media/cattle-image/2026/BLF_5115_4.jpg'}]",0.0,12 Months,2,0,41.5,IU-zs66Bi1Q,235.0,156000.00,False,True,True,True,True,MINIMUM,https://uploads-master.aws.bengalmeat.com/media/cattle-thumbnail/2026/BLF_5115_1.jpg,2026-04-11T21:12:07.362639+06:00,ORDERED
caed249d-316c-4ed7-9af9-20fbf9940ca1,BLF 5114,COW,MALE_BULL,NON_RED,LOCAL,['GRASS_GRAIN_FED'],2 Years,"[{'id': 'c01f5ee4-697f-4d00-8727-d48028fb7075', 'image': 'https://uploads-master.aws.bengalmeat.com/media/cattle-image/2026/BLF_5114_2.jpg'}, {'id': 'fd9ad966-072a-4bb8-b778-6fc2d7b3701b', 'image': 'https://uploads-master.aws.bengalmeat.com/media/cattle-image/2026/BLF_5114_3.jpg'}, {'id': '2161d51f-49d2-4808-9fa7-526efbb38468', 'image': 'https://uploads-master.aws.bengalmeat.com/media/cattle-image/2026/BLF_5114_4.jpg'}]",0.0,12 Months,2,0,40.3,kuVJFNdc1Cs,245.0,160000.00,False,True,True,True,True,MINIMUM,https://uploads-master.aws.bengalmeat.com/media/cattle-thumbnail/2026/BLF_5114_1.jpg,2026-04-11T21:10:28.850942+06:00,AVAILABLE
5151bc33-b9fb-495e-8aa2-17224a7d549c,BLF 5100,COW,MALE_BULL,RED,RED_CHITTAGONG,['GRASS_GRAIN_FED'],2 Years,"[{'id': '9de8e47c-8a7d-4bfe-bfde-c7c62017ed1d', 'image': 'https://uploads-master.aws.bengalmeat.com/media/cattle-image/2026/BLF_5100_2.jpg'}, {'id': '15f7a6a9-6a76-4bee-bbe7-8ea884f45bf3', 'image': 'https://uploads-master.aws.bengalmeat.com/media/cattle-image/2026/BLF_5100_3.jpg'}, {'id': 'd1239edb-aefb-4716-9fd5-5ac64ce96491', 'image': 'https://uploads-master.aws.bengalmeat.com/media/cattle-image/2026/BLF_5100_4.jpg'}]",0.0,12 Months,2,0,40.0,j21IDw8poOU,225.0,152000.00,False,True,True,True,True,MINIMUM,https://uploads-master.aws.bengalmeat.com/media/cattle-thumbnail/2026/BLF_5100_1.jpg,2026-04-11T20:50:22.643736+06:00,ORDERED
85e6fc54-b780-4fbd-a779-a1efb1dd4fa4,BLF 5128,COW,MALE_BULL,NON_RED,LOCAL,['GRASS_GRAIN_FED'],2 Years,"[{'id': '37a5d5df-4999-467f-996f-63a3c4a78c8e', 'image': 'https://uploads-master.aws.bengalmeat.com/media/cattle-image/2026/BLF_5128_2.jpg'}, {'id': 'a50f067a-6aae-4166-8ab5-497024f51829', 'image': 'https://uploads-master.aws.bengalmeat.com/media/cattle-image/2026/BLF_5128_3.jpg'}, {'id': 'f8815a47-548c-4900-b977-e1c0059e1000', 'image': 'https://uploads-master.aws.bengalmeat.com/media/cattle-image/2026/BLF_5128_4.jpg'}]",0.0,12 Months,2,0,37.5,h_dv_P8F9pk,220.0,148000.00,False,True,True,True,True,MINIMUM,https://uploads-master.aws.bengalmeat.com/media/cattle-thumbnail/2026/BLF_5128_1.jpg,2026-04-11T21:30:31.605551+06:00,ORDERED
e33a3acc-1ff1-4f84-9f67-6d4aa13bfa12,BLF 5316,COW,MALE_BULL,RED,LOCAL,['GRASS_GRAIN_FED'],2.5 Years,"[{'id': '2f0a9bd8-e01b-49d9-910a-72d9a90c2e58', 'image': 'https://uploads-master.aws.bengalmeat.com/media/cattle-image/2026/BLF_5316_2.jpg'}, {'id': '81da4cbf-1e3a-4835-9e85-5e19bb7ee175', 'image': 'https://uploads-master.aws.bengalmeat.com/media/cattle-image/2026/BLF_5316_3.jpg'}, {'id': '61070c83-8768-4c84-9311-4dab1786c159', 'image': 'https://uploads-master.aws.bengalmeat.com/media/cattle-image/2026/BLF_5316_4.jpg'}]",0.0,6 Months,4,0,43.1,C-23K-_lS_o,300.0,194000.00,False,True,True,True,True,MINIMUM,https://uploads-master.aws.bengalmeat.com/media/cattle-thumbnail/2026/BLF_5316_1.jpg,2026-04-30T12:43:47.363745+06:00,AVAILABLE
441953b3-1a50-4aa5-9078-2be52bd503b0,BLF 5302,COW,MALE_BULL,NON_RED,LOCAL,['GRASS_GRAIN_FED'],2 Years,"[{'id': 'fcd37aca-91de-4d66-89d1-d15cca67a065', 'image': 'https://uploads-master.aws.bengalmeat.com/media/cattle-image/2026/BLF_5302_2.jpg'}, {'id': 'a5bdb76c-fc86-4f99-8543-39272cd5a424', 'image': 'https://uploads-master.aws.bengalmeat.com/media/cattle-image/2026/BLF_5302_3.jpg'}, {'id': '04d6c43d-f82b-4b09-bc7c-22ab6c63eba5', 'image': 'https://uploads-master.aws.bengalmeat.com/media/cattle-image/2026/BLF_5302_4.jpg'}]",0.0,6 Months,2,0,41.0,KRLDlY4ZkCw,246.0,162000.00,False,True,True,True,True,MINIMUM,https://uploads-master.aws.bengalmeat.com/media/cattle-thumbnail/2026/BLF_5302_1.jpg,2026-04-21T14:48:35.448097+06:00,AVAILABLE
4d20d017-c677-44b9-b8d9-ae1e9b349544,BLF 5262,COW,MALE_BULL,RED,RED_CHITTAGONG,['GRASS_GRAIN_FED'],2 Years,"[{'id': '4aaefb1a-4c35-480c-b5ff-f698e3c4124c', 'image': 'https://uploads-master.aws.bengalmeat.com/media/cattle-image/2026/BLF_5262_2.jpg'}, {'id': '4af9be4a-9fb1-46bd-af8d-0470ddd97d94', 'image': 'https://uploads-master.aws.bengalmeat.com/media/cattle-image/2026/BLF_5262_3.jpg'}, {'id': 'e31f8eba-2b37-416a-9f68-1e3fabd7eba3', 'image': 'https://uploads-master.aws.bengalmeat.com/media/cattle-image/2026/BLF_5262_4.jpg'}]",0.0,6 Months,2,0,50.0,u4MHCM_P8To,450.0,290000.00,True,True,True,True,True,MEDIUM,https://uploads-master.aws.bengalmeat.com/media/cattle-thumbnail/2026/BLF_5262_1.jpg,2026-04-20T10:38:43.097056+06:00,AVAILABLE
5b9f7276-627c-4b3d-9a88-59fd6d5213ab,BLF 5276,COW,MALE_BULL,NON_RED,HOSTINE_CROSS,['GRASS_FED_GRAIN_FINISHED'],2.5 Years,"[{'id': 'eecc00fd-93d4-4430-8a11-0c9ee8c41f8d', 'image': 'https://uploads-master.aws.bengalmeat.com/media/cattle-image/2026/BLF_5276_2_vXZQuKd.jpg'}, {'id': '3824b4e2-69bd-4f30-8cb2-416d11303a1b', 'image': 'https://uploads-master.aws.bengalmeat.com/media/cattle-image/2026/BLF_5276_3_kcENmoR.jpg'}, {'id': '3e36d767-2cd5-47ec-ac9f-b672f23ef5b0', 'image': 'https://uploads-master.aws.bengalmeat.com/media/cattle-image/2026/BLF_5276_4_kYXOxUt.jpg'}]",0.0,12 Months,4,0,58.8,7l_pTbu4Jl0,635.0,410000.00,True,True,True,True,True,EXTRA_LARGE,https://uploads-master.aws.bengalmeat.com/media/cattle-thumbnail/2026/BLF_5276_1_8Bo3fpg.jpg,2026-04-20T11:30:16.008378+06:00,AVAILABLE
3dd5d9a1-cfc6-4d5a-85b4-36d2994433c9,BLF 5289,COW,MALE_BULL,RED,SAHIWAL,['GRASS_GRAIN_FED'],2 Years,"[{'id': '42fe8679-286b-41b8-a267-2fd8e530e139', 'image': 'https://uploads-master.aws.bengalmeat.com/media/cattle-image/2026/BLF_5289_2.jpg'}, {'id': 'fc9951fb-e064-4fac-9e3d-9fe8d8ec0d80', 'image': 'https://uploads-master.aws.bengalmeat.com/media/cattle-image/2026/BLF_5289_3.jpg'}, {'id': '7411fde3-8f76-449e-bfe6-198cddfd45ef', 'image': 'https://uploads-master.aws.bengalmeat.com/media/cattle-image/2026/BLF_5289_4.jpg'}]",0.0,6 Months,2,0,50.9,jTbctVRTzKk,385.0,248000.00,False,True,True,True,True,MEDIUM,https://uploads-master.aws.bengalmeat.com/media/cattle-thumbnail/2026/BLF_5289_1.jpg,2026-04-21T12:48:23.481113+06:00,AVAILABLE
c61d4e68-7f30-4544-b049-ed6843300809,BLF 5060,COW,MALE_BULL,NON_RED,LOCAL,['GRASS_GRAIN_FED'],3 Years,"[{'id': 'b092d654-6757-4bf5-8b7c-38a255b5b54d', 'image': 'https://uploads-master.aws.bengalmeat.com/media/cattle-image/2026/BLF_5060_2.jpg'}, {'id': 'dcf34bab-d1b8-439d-91c6-92bb65a7e7c0', 'image': 'https://uploads-master.aws.bengalmeat.com/media/cattle-image/2026/BLF_5060_3.jpg'}, {'id': 'acc90ce0-96a1-45d2-b596-52cdfb5a70ff', 'image': 'https://uploads-master.aws.bengalmeat.com/media/cattle-image/2026/BLF_5060_4.jpg'}]",0.0,12 Months,6,0,40.3,dmYfv5EV0cY,218.0,146000.00,False,True,True,True,True,MINIMUM,https://uploads-master.aws.bengalmeat.com/media/cattle-thumbnail/2026/BLF_5060_1.jpg,2026-04-11T18:29:30.962358+06:00,ORDERED
bcb81a2d-7c70-4ae9-9a40-67517f9633b0,BLF 5074,COW,MALE_BULL,NON_RED,LOCAL,['GRASS_FED_GRASS_FINISHED'],2 Years,"[{'id': '38d6d99f-6954-495b-baff-638521337ad1', 'image': 'https://uploads-master.aws.bengalmeat.com/media/cattle-image/2026/BLF_5074_2_m5ykhdo.jpg'}, {'id': 'da866b26-c8ec-4576-b8a8-656601e57684', 'image': 'https://uploads-master.aws.bengalmeat.com/media/cattle-image/2026/BLF_5074_3_iRbC5v3.jpg'}, {'id': '74192cf3-6187-49f8-8560-e82167cfbfb2', 'image': 'https://uploads-master.aws.bengalmeat.com/media/cattle-image/2026/BLF_5074_4_jdYfV1C.jpg'}]",0.0,12 Months,2,0,41.0,XE-SAARMixw,265.0,174000.00,False,True,True,True,True,MINIMUM,https://uploads-master.aws.bengalmeat.com/media/cattle-thumbnail/2026/BLF_5074_1_oT7IxYs.jpg,2026-04-11T19:51:07.034839+06:00,AVAILABLE
e54644c8-1b28-4626-ae28-fcd851c9465b,BLF 5092,COW,MALE_BULL,NON_RED,LOCAL,['GRASS_FED_GRASS_FINISHED'],2 Years,"[{'id': 'e9c01e3c-4542-4f1d-884b-8dd87f08cd4e', 'image': 'https://uploads-master.aws.bengalmeat.com/media/cattle-image/2026/BLF_5092_2.jpg'}, {'id': 'e31b926b-48bf-4b1c-a8f9-0dd6b434ddc8', 'image': 'https://uploads-master.aws.bengalmeat.com/media/cattle-image/2026/BLF_5092_3.jpg'}, {'id': 'fd4fa55f-3f44-453f-9da3-00e8af6f4d24', 'image': 'https://uploads-master.aws.bengalmeat.com/media/cattle-image/2026/BLF_5092_4.jpg'}]",0.0,12 Months,2,0,41.0,9O7faMDXNYA,266.0,174000.00,False,True,True,True,True,MINIMUM,https://uploads-master.aws.bengalmeat.com/media/cattle-thumbnail/2026/BLF_5092_1.jpg,2026-04-11T20:22:23.175269+06:00,ORDERED
4e9bc79b-3783-457d-bf5c-d76564cf15c4,BLF 5086,COW,MALE_BULL,RED,RED_CHITTAGONG,['GRASS_GRAIN_FED'],2.5 Years,"[{'id': '3c23118f-ab59-424e-92bb-d703c36ac580', 'image': 'https://uploads-master.aws.bengalmeat.com/media/cattle-image/2026/BLF_5086_2.jpg'}, {'id': '0270b19d-341f-4a26-afd9-1c10c87c7f95', 'image': 'https://uploads-master.aws.bengalmeat.com/media/cattle-image/2026/BLF_5086_3.jpg'}, {'id': 'a62599a2-6acd-46a7-8856-3f9f70691628', 'image': 'https://uploads-master.aws.bengalmeat.com/media/cattle-image/2026/BLF_5086_4.jpg'}]",0.0,12 Months,4,0,40.0,K3K8wJiY2zY,240.0,161000.00,False,True,True,True,True,MINIMUM,https://uploads-master.aws.bengalmeat.com/media/cattle-thumbnail/2026/BLF_5086_1.jpg,2026-04-11T20:13:46.693746+06:00,AVAILABLE
0ef9a0ab-cdc1-48aa-af42-5a4974af0fe1,BLF 5051,COW,MALE_BULL,RED,SAHIWAL,['GRASS_FED_GRASS_FINISHED'],2 Years,"[{'id': 'db5e0ab0-22e8-485d-b483-62f9181b8f3b', 'image': 'https://uploads-master.aws.bengalmeat.com/media/cattle-image/2026/BLF_5051_2_OhT2GxF.jpg'}, {'id': '564deac3-a979-4d46-a2ed-4c5aee8784d2', 'image': 'https://uploads-master.aws.bengalmeat.com/media/cattle-image/2026/BLF_5051_3_pAaUaxe.jpg'}, {'id': '71041c27-c957-49a3-b5d9-c6206d6727f6', 'image': 'https://uploads-master.aws.bengalmeat.com/media/cattle-image/2026/BLF_5051_4_Krb5b8C.jpg'}]",0.0,12 Months,2,0,44.2,BWweq7ZN_RY,355.0,227000.00,False,True,True,True,True,MEDIUM,https://uploads-master.aws.bengalmeat.com/media/cattle-thumbnail/2026/BLF_5051_1_KFmhl26.jpg,2026-04-13T11:22:26.180327+06:00,AVAILABLE
8eb30fb4-aca0-475d-8c06-6ad1d7a06fd1,BLF 5045,COW,MALE_BULL,RED,LOCAL,['GRASS_GRAIN_FED'],2 Years,"[{'id': '7f4f848a-3524-4b09-84f6-93d0851f2fbd', 'image': 'https://uploads-master.aws.bengalmeat.com/media/cattle-image/2026/BLF_5045_2.jpg'}, {'id': '3eeaa271-9eb3-4c74-baf4-1dba85e1aa08', 'image': 'https://uploads-master.aws.bengalmeat.com/media/cattle-image/2026/BLF_5045_3.jpg'}, {'id': 'e689bd75-8070-4159-bd41-bb1a6be154f2', 'image': 'https://uploads-master.aws.bengalmeat.com/media/cattle-image/2026/BLF_5045_4.jpg'}]",0.0,12 Months,2,0,45.6,T7s7HEhXeN8,275.0,178000.00,True,True,True,True,True,MEDIUM,https://uploads-master.aws.bengalmeat.com/media/cattle-thumbnail/2026/BLF_5045_1.jpg,2026-04-13T10:40:25.086102+06:00,ORDERED
2f77ab89-f567-4d2c-8210-6e3a535c6b86,BLF 5290,COW,MALE_BULL,RED,LOCAL,['GRASS_GRAIN_FED'],2 Years,"[{'id': '6720246f-bf49-4f89-9a7f-b8002fd6ebf9', 'image': 'https://uploads-master.aws.bengalmeat.com/media/cattle-image/2026/BLF_5290_2.jpg'}, {'id': '7ca8ba5e-10a9-4224-9efc-6c281ec7b963', 'image': 'https://uploads-master.aws.bengalmeat.com/media/cattle-image/2026/BLF_5290_3.jpg'}, {'id': '9b2b0340-a98d-4a35-b709-671fbb17eb68', 'image': 'https://uploads-master.aws.bengalmeat.com/media/cattle-image/2026/BLF_5290_4.jpg'}]",0.0,6 Months,2,0,47.1,NUoh2aUX_Sg,325.0,210000.00,False,True,True,True,True,MEDIUM,https://uploads-master.aws.bengalmeat.com/media/cattle-thumbnail/2026/BLF_5290_1.jpg,2026-04-21T12:49:37.923776+06:00,AVAILABLE
8428e4c9-1d4f-4d8c-a75c-f8e56957921f,BLF 5284,COW,MALE_BULL,RED,SAHIWAL,['GRASS_GRAIN_FED'],2.5 Years,"[{'id': 'ffb1ccdc-f2c3-45f0-bfbf-8002e244211b', 'image': 'https://uploads-master.aws.bengalmeat.com/media/cattle-image/2026/BLF_5284_2.jpg'}, {'id': '08fcd9c5-8617-4d0b-aecb-7ebe9a8478a2', 'image': 'https://uploads-master.aws.bengalmeat.com/media/cattle-image/2026/BLF_5284_3.jpg'}, {'id': '35a4edd8-6df7-4a79-8a39-7685db893c14', 'image': 'https://uploads-master.aws.bengalmeat.com/media/cattle-image/2026/BLF_5284_4.jpg'}]",0.0,6 Months,4,0,42.0,cZAWKrM7cQ0,320.0,207000.00,False,True,True,True,True,MINIMUM,https://uploads-master.aws.bengalmeat.com/media/cattle-thumbnail/2026/BLF_5284_1.jpg,2026-04-21T12:42:49.384946+06:00,AVAILABLE
3091e1f0-7c10-4904-8edd-126b34494e78,BLF 5247,COW,MALE_BULL,RED,LOCAL,['GRASS_GRAIN_FED'],2.5 Years,"[{'id': '39d33513-2a6f-4061-b58d-907d5649a865', 'image': 'https://uploads-master.aws.bengalmeat.com/media/cattle-image/2026/BLF_5247_2.jpg'}, {'id': '3e1e4653-2c80-4013-ae41-1f20d7c3aba7', 'image': 'https://uploads-master.aws.bengalmeat.com/media/cattle-image/2026/BLF_5247_3.jpg'}, {'id': 'e1739a8d-85f7-4290-bbc4-be7b295725b1', 'image': 'https://uploads-master.aws.bengalmeat.com/media/cattle-image/2026/BLF_5247_4.jpg'}]",0.0,6 Months,4,0,41.5,6ubdjHN25Yk,245.0,161000.00,False,True,True,True,True,MINIMUM,https://uploads-master.aws.bengalmeat.com/media/cattle-thumbnail/2026/BLF_5247_1.jpg,2026-04-20T10:27:21.433174+06:00,ORDERED
c26bda53-faaf-48ba-9c26-ceb677f33c48,BLF 5327,COW,MALE_BULL,NON_RED,LOCAL,['GRASS_GRAIN_FED'],2.5 Years,"[{'id': '71171225-fc72-417f-99dc-1720dd81f136', 'image': 'https://uploads-master.aws.bengalmeat.com/media/cattle-image/2026/BLF_5327_2.jpg'}, {'id': '562694a7-b1f3-4074-b6c6-e40920d43cd5', 'image': 'https://uploads-master.aws.bengalmeat.com/media/cattle-image/2026/BLF_5327_3.jpg'}, {'id': '5296d602-e630-4df4-b83a-2f9e24c479e9', 'image': 'https://uploads-master.aws.bengalmeat.com/media/cattle-image/2026/BLF_5327_4.jpg'}]",0.0,4 Months,4,0,46.9,yzoy1cTh_qc,378.0,243000.00,False,True,True,True,True,MEDIUM,https://uploads-master.aws.bengalmeat.com/media/cattle-thumbnail/2026/BLF_5327_1.jpg,2026-05-02T18:36:55.219792+06:00,AVAILABLE
300bd21f-3daa-4b80-a694-ae27aa04a846,BLF 5125,COW,MALE_BULL,NON_RED,LOCAL,['GRASS_GRAIN_FED'],2 Years,"[{'id': '8728bddd-acfc-47cd-9002-5e0730f0ea10', 'image': 'https://uploads-master.aws.bengalmeat.com/media/cattle-image/2026/BLF_5125_2.jpg'}, {'id': '970b0507-c718-4b85-afb8-104b8f437eeb', 'image': 'https://uploads-master.aws.bengalmeat.com/media/cattle-image/2026/BLF_5125_3.jpg'}, {'id': '94b4b0d6-27e2-40bb-bd78-382edacc776c', 'image': 'https://uploads-master.aws.bengalmeat.com/media/cattle-image/2026/BLF_5125_4.jpg'}]",0.0,12 Months,2,0,40.2,AaJ1HK20IyM,220.0,148000.00,False,True,True,True,True,MINIMUM,https://uploads-master.aws.bengalmeat.com/media/cattle-thumbnail/2026/BLF_5125_1.jpg,2026-04-11T21:27:07.371271+06:00,AVAILABLE
69abe789-b236-43f8-91ca-26d5b9e10ac8,BLF 5131,COW,MALE_BULL,NON_RED,LOCAL,['GRASS_GRAIN_FED'],2 Years,"[{'id': '1c2baf12-aad6-4f88-91b8-d9944b353160', 'image': 'https://uploads-master.aws.bengalmeat.com/media/cattle-image/2026/BLF_5131_2.jpg'}, {'id': '5b5fcd2d-d279-4521-9edb-ab11f1cb3a4f', 'image': 'https://uploads-master.aws.bengalmeat.com/media/cattle-image/2026/BLF_5131_3.jpg'}, {'id': '3804ad12-9af9-4a9f-b4b2-639cd5a8b644', 'image': 'https://uploads-master.aws.bengalmeat.com/media/cattle-image/2026/BLF_5131_4.jpg'}]",0.0,9 Months,2,0,45.2,SfnJ5IS7EH0,290.0,28000.00,False,True,True,True,True,MEDIUM,https://uploads-master.aws.bengalmeat.com/media/cattle-thumbnail/2026/BLF_5131_1.jpg,2026-04-13T15:58:23.190200+06:00,SHARED_ORDERED
46830806-34a5-4249-8354-edf92b054911,BLF 5119,COW,MALE_BULL,NON_RED,LOCAL,['GRASS_GRAIN_FED'],2.5 Years,"[{'id': '24e58ff3-0cd6-4e39-948a-0a0961cb928b', 'image': 'https://uploads-master.aws.bengalmeat.com/media/cattle-image/2026/BLF_5119_2.jpg'}, {'id': '2f783675-2054-48dc-848f-26416268429c', 'image': 'https://uploads-master.aws.bengalmeat.com/media/cattle-image/2026/BLF_5119_3.jpg'}, {'id': 'a5eab42a-5293-4b9d-8bb9-388f6b9f363e', 'image': 'https://uploads-master.aws.bengalmeat.com/media/cattle-image/2026/BLF_5119_4.jpg'}]",0.0,12 Months,4,0,41.0,9hBQXk2e3bA,215.0,144000.00,False,True,True,True,True,MINIMUM,https://uploads-master.aws.bengalmeat.com/media/cattle-thumbnail/2026/BLF_5119_1.jpg,2026-04-11T21:20:50.338268+06:00,ORDERED
aac6b209-e211-4706-85cb-89f09a863e32,BLF 5118,COW,MALE_BULL,RED,RED_CHITTAGONG,['GRASS_GRAIN_FED'],3 Years,"[{'id': '593e9322-4c0b-405d-b377-989de66dde8e', 'image': 'https://uploads-master.aws.bengalmeat.com/media/cattle-image/2026/BLF_5118_2.jpg'}, {'id': '93f85feb-9fd8-423c-aa29-74ca9d81325a', 'image': 'https://uploads-master.aws.bengalmeat.com/media/cattle-image/2026/BLF_5118_3.jpg'}, {'id': '2820ff54-85a5-4268-ad30-1061f293f019', 'image': 'https://uploads-master.aws.bengalmeat.com/media/cattle-image/2026/BLF_5118_4.jpg'}]",0.0,12 Months,6,0,42.3,to4i5puVdP0,260.0,173000.00,False,True,True,True,True,MINIMUM,https://uploads-master.aws.bengalmeat.com/media/cattle-thumbnail/2026/BLF_5118_1.jpg,2026-04-11T21:18:45.256338+06:00,ORDERED
fd54badc-bbaf-4cda-88b8-6e71d1f29a23,BLF 5130,COW,MALE_BULL,NON_RED,LOCAL,['GRASS_GRAIN_FED'],2.5 Years,"[{'id': '352eaf8d-2d47-44f3-8971-74305f6f7dc0', 'image': 'https://uploads-master.aws.bengalmeat.com/media/cattle-image/2026/BLF_5130_2.jpg'}, {'id': 'e996222e-d3c3-4667-bca9-8baa70c04270', 'image': 'https://uploads-master.aws.bengalmeat.com/media/cattle-image/2026/BLF_5130_3.jpg'}, {'id': 'e8915199-6c8f-4b5d-95fc-7e1ddbca6c62', 'image': 'https://uploads-master.aws.bengalmeat.com/media/cattle-image/2026/BLF_5130_4.jpg'}]",0.0,12 Months,4,0,43.1,Wx2tcIeBFeQ,272.0,178000.00,False,True,True,True,True,LARGE,https://uploads-master.aws.bengalmeat.com/media/cattle-thumbnail/2026/BLF_5130_1.jpg,2026-04-11T21:33:54.252455+06:00,AVAILABLE
48284226-1bfc-4b1e-80cc-f01b9763a5f0,BLF 5124,COW,MALE_BULL,RED,LOCAL,['GRASS_GRAIN_FED'],2 Years,"[{'id': '68cd7313-4ecc-4d8a-9b5f-5823cd855020', 'image': 'https://uploads-master.aws.bengalmeat.com/media/cattle-image/2026/BLF_5124_2.jpg'}, {'id': '36b9ea7a-148d-4812-9727-1bd1c07c44fc', 'image': 'https://uploads-master.aws.bengalmeat.com/media/cattle-image/2026/BLF_5124_3.jpg'}, {'id': '2a78f7ce-e124-42f8-8754-03934688b2c7', 'image': 'https://uploads-master.aws.bengalmeat.com/media/cattle-image/2026/BLF_5124_4.jpg'}]",0.0,12 Months,2,0,39.1,yKYpatWnGT0,230.0,154000.00,False,True,True,True,True,MINIMUM,https://uploads-master.aws.bengalmeat.com/media/cattle-thumbnail/2026/BLF_5124_1.jpg,2026-04-11T21:25:25.523359+06:00,ORDERED
87c7c3e8-0986-49cf-bbff-4ace0ed54408,BLF 5326,COW,MALE_BULL,RED,LOCAL,['GRASS_GRAIN_FED'],2.5 Years,"[{'id': '9e692e49-329b-46fd-8634-0cbc192d486a', 'image': 'https://uploads-master.aws.bengalmeat.com/media/cattle-image/2026/BLF_5326_2.jpg'}, {'id': 'e931df96-cbc0-4380-9220-63e1458f9067', 'image': 'https://uploads-master.aws.bengalmeat.com/media/cattle-image/2026/BLF_5326_3.jpg'}, {'id': 'dda4a9e8-104e-48e5-bbb8-7d1ae1911b66', 'image': 'https://uploads-master.aws.bengalmeat.com/media/cattle-image/2026/BLF_5326_4.jpg'}]",0.0,4 Months,4,0,46.0,n11GbrvlhBg,366.0,236000.00,False,True,True,True,True,MEDIUM,https://uploads-master.aws.bengalmeat.com/media/cattle-thumbnail/2026/BLF_5326_1.jpg,2026-05-02T18:35:07.221493+06:00,AVAILABLE
bfc642e1-993d-4420-9d63-5761a77624e4,BLF 5285,COW,MALE_BULL,NON_RED,LOCAL,['GRASS_GRAIN_FED'],2 Years,"[{'id': 'a6600e9e-0e9b-4649-abc0-8b180c138c36', 'image': 'https://uploads-master.aws.bengalmeat.com/media/cattle-image/2026/BLF_5285_2.jpg'}, {'id': '6cb2b3e8-0c62-4e4f-a9b0-7895dfeb8c3b', 'image': 'https://uploads-master.aws.bengalmeat.com/media/cattle-image/2026/BLF_5285_3.jpg'}, {'id': '311ba04a-3e12-4649-8996-8a6bfc1faac1', 'image': 'https://uploads-master.aws.bengalmeat.com/media/cattle-image/2026/BLF_5285_4.jpg'}]",0.0,6 Months,2,0,45.5,lhJsuVaffRc,308.0,199000.00,False,True,True,True,True,MEDIUM,https://uploads-master.aws.bengalmeat.com/media/cattle-thumbnail/2026/BLF_5285_1.jpg,2026-04-21T12:44:11.024015+06:00,AVAILABLE
3f973bf5-7e19-4382-8697-fa123c5ae66c,BLF 5291,COW,MALE_BULL,NON_RED,LOCAL,['GRASS_GRAIN_FED'],2 Years,"[{'id': '5f35660e-b2eb-4a21-a6f0-51480bd27849', 'image': 'https://uploads-master.aws.bengalmeat.com/media/cattle-image/2026/BLF_5291_2.jpg'}, {'id': 'e69fe2b0-3024-4882-9a8f-5f61e2b3e3f6', 'image': 'https://uploads-master.aws.bengalmeat.com/media/cattle-image/2026/BLF_5291_3.jpg'}, {'id': '54366ff5-1f40-4c90-a67b-8a67c14786b1', 'image': 'https://uploads-master.aws.bengalmeat.com/media/cattle-image/2026/BLF_5291_4.jpg'}]",0.0,6 Months,2,0,45.6,YVkgQ_W75BM,292.0,190000.00,False,True,True,True,True,MEDIUM,https://uploads-master.aws.bengalmeat.com/media/cattle-thumbnail/2026/BLF_5291_1.jpg,2026-04-21T14:34:13.428752+06:00,AVAILABLE
bab69974-8a45-46d5-8952-296e012feb9c,BLF 5078,COW,MALE_BULL,RED,LOCAL,['GRASS_FED_GRASS_FINISHED'],2 Years,"[{'id': '2d541c1d-116d-4355-ae16-e60c2cb582e9', 'image': 'https://uploads-master.aws.bengalmeat.com/media/cattle-image/2026/BLF_5078_2_sCRoa57.jpg'}, {'id': '9b72b504-fbb7-45e0-9dc5-2b5d8fc62294', 'image': 'https://uploads-master.aws.bengalmeat.com/media/cattle-image/2026/BLF_5078_3_PGILXpJ.jpg'}, {'id': 'bf05c30d-06ac-4fae-b8e3-768e071c7b2a', 'image': 'https://uploads-master.aws.bengalmeat.com/media/cattle-image/2026/BLF_5078_4_MO3eEFc.jpg'}]",0.0,12 Months,2,0,47.0,zUXAKVYxl1I,382.0,245000.00,False,True,True,True,True,MEDIUM,https://uploads-master.aws.bengalmeat.com/media/cattle-thumbnail/2026/BLF_5078_1_Tn1N6Lm.jpg,2026-04-11T19:59:21.825141+06:00,AVAILABLE
d140dab8-cc2f-45fb-806a-1e75e57aa5ff,BLF 5050,COW,MALE_BULL,RED,LOCAL,['GRASS_GRAIN_FED'],2.5 Years,"[{'id': 'ba5505ac-af4a-4ea2-96fd-e5d714245024', 'image': 'https://uploads-master.aws.bengalmeat.com/media/cattle-image/2026/BLF_5050_2.jpg'}, {'id': '40996ca5-ef14-49b2-8e73-74e71ae4fbb4', 'image': 'https://uploads-master.aws.bengalmeat.com/media/cattle-image/2026/BLF_5050_3.jpg'}, {'id': '2cb8a51d-6217-4a35-9994-d75700888356', 'image': 'https://uploads-master.aws.bengalmeat.com/media/cattle-image/2026/BLF_5050_4.jpg'}]",0.0,12 Months,4,0,46.8,f5yYOGyMeY4,362.0,230000.00,False,True,True,True,True,MEDIUM,https://uploads-master.aws.bengalmeat.com/media/cattle-thumbnail/2026/BLF_5050_1.jpg,2026-04-13T11:20:26.230629+06:00,AVAILABLE
9a1ea614-a8e3-4d7a-b28e-12239fcdf2de,BLF 5087,COW,MALE_BULL,NON_RED,LOCAL,['GRASS_GRAIN_FED'],2.5 Years,"[{'id': '5bd0c21b-cc57-4a23-b555-cec12a8e7d9e', 'image': 'https://uploads-master.aws.bengalmeat.com/media/cattle-image/2026/BLF_5087_2.jpg'}, {'id': 'f1c55e84-b6da-4e37-ac4e-466e8bd3352a', 'image': 'https://uploads-master.aws.bengalmeat.com/media/cattle-image/2026/BLF_5087_3.jpg'}, {'id': 'fa03758a-ffc4-4e65-95f9-d410ed037b75', 'image': 'https://uploads-master.aws.bengalmeat.com/media/cattle-image/2026/BLF_5087_4.jpg'}]",0.0,12 Months,4,0,42.0,-bFp1KTvY04,245.0,163000.00,False,True,True,True,True,MINIMUM,https://uploads-master.aws.bengalmeat.com/media/cattle-thumbnail/2026/BLF_5087_1.jpg,2026-04-11T20:15:45.389813+06:00,AVAILABLE
5d120106-0eda-4bbf-ad56-5000e46a9978,BLF 5093,COW,MALE_BULL,NON_RED,LOCAL,['GRASS_FED_GRASS_FINISHED'],3 Years,"[{'id': '89e17e95-2f8a-44fc-8ce5-cbe01b4af963', 'image': 'https://uploads-master.aws.bengalmeat.com/media/cattle-image/2026/BLF_5093_2_G29RyOT.jpg'}, {'id': 'd3f420cb-2f65-4658-958c-961bef5d885c', 'image': 'https://uploads-master.aws.bengalmeat.com/media/cattle-image/2026/BLF_5093_3_HgwmwAp.jpg'}, {'id': '4d7c4772-12ee-4797-86eb-76cbed979acf', 'image': 'https://uploads-master.aws.bengalmeat.com/media/cattle-image/2026/BLF_5093_4_ubWrci3.jpg'}]",0.0,12 Months,6,0,38.8,kTDJt0uvtM8,265.0,176000.00,False,True,True,True,True,MINIMUM,https://uploads-master.aws.bengalmeat.com/media/cattle-thumbnail/2026/BLF_5093_1_H5CZM76.jpg,2026-04-11T20:24:27.618058+06:00,AVAILABLE
83d6002d-59d4-4186-8c45-a968a1cb07d0,BLF 5085,COW,MALE_BULL,RED,RED_CHITTAGONG,['GRASS_GRAIN_FED'],2 Years,"[{'id': 'b736f32f-6dae-44be-9942-33fb6dfdd2de', 'image': 'https://uploads-master.aws.bengalmeat.com/media/cattle-image/2026/BLF_5085_2.jpg'}, {'id': 'cfb45b28-b5bb-4e6a-8008-34e3918e6d4c', 'image': 'https://uploads-master.aws.bengalmeat.com/media/cattle-image/2026/BLF_5085_3.jpg'}, {'id': '0da23985-6798-4200-ac32-ff2ed18b1d47', 'image': 'https://uploads-master.aws.bengalmeat.com/media/cattle-image/2026/BLF_5085_4.jpg'}]",0.0,12 Months,2,0,40.0,wbP5KtSWZUM,225.0,152000.00,False,True,True,True,True,MINIMUM,https://uploads-master.aws.bengalmeat.com/media/cattle-thumbnail/2026/BLF_5085_1.jpg,2026-04-11T20:11:10.007310+06:00,ORDERED
cb4388b8-6852-4fe2-a01a-1c77d8dfe1b8,BLF 5091,COW,MALE_BULL,NON_RED,LOCAL,['GRASS_FED_GRASS_FINISHED'],2 Years,"[{'id': 'a74258c7-5d3b-48d9-b280-b0f7238068a8', 'image': 'https://uploads-master.aws.bengalmeat.com/media/cattle-image/2026/BLF_5091_2_0oHrNiO.jpg'}, {'id': '1cd53047-6849-4271-b168-d44c003f073e', 'image': 'https://uploads-master.aws.bengalmeat.com/media/cattle-image/2026/BLF_5091_3_yB4QFsy.jpg'}, {'id': '69a49b79-b74c-4940-ae34-dbe7b96de7db', 'image': 'https://uploads-master.aws.bengalmeat.com/media/cattle-image/2026/BLF_5091_4_XJiHudf.jpg'}]",0.0,12 Months,2,0,44.0,nFFZOx0gsTU,275.0,179000.00,False,True,True,True,True,MINIMUM,https://uploads-master.aws.bengalmeat.com/media/cattle-thumbnail/2026/BLF_5091_1_SfQ1JNG.jpg,2026-04-11T20:20:42.344485+06:00,AVAILABLE
515f33c1-c973-4d7b-b9ad-edb070f2479d,BLF 5052,COW,MALE_BULL,RED,LOCAL,['GRASS_FED_GRASS_FINISHED'],2.5 Years,"[{'id': '5550956d-1112-4241-8cdb-7ad3d32ec952', 'image': 'https://uploads-master.aws.bengalmeat.com/media/cattle-image/2026/BLF_5052_2_UVIju8q.jpg'}, {'id': '42f711e3-183e-4272-bfb7-123ef1b0118e', 'image': 'https://uploads-master.aws.bengalmeat.com/media/cattle-image/2026/BLF_5052_3_VmRE5bL.jpg'}, {'id': '44617832-249e-40a3-b88f-afaa9f5b87d3', 'image': 'https://uploads-master.aws.bengalmeat.com/media/cattle-image/2026/BLF_5052_4_OzDbjr4.jpg'}]",0.0,12 Months,4,0,46.0,A_ZC99FaehA,425.0,272000.00,False,True,True,True,True,MEDIUM,https://uploads-master.aws.bengalmeat.com/media/cattle-thumbnail/2026/BLF_5052_1_8n8AhWT.jpg,2026-04-13T11:23:46.807016+06:00,AVAILABLE
77e7fb1c-bf32-4559-8762-4b44ec608d19,BLF 5287,COW,MALE_BULL,RED,SAHIWAL,['GRASS_GRAIN_FED'],2 Years,"[{'id': 'd9639a61-2ddc-4764-add6-c33bd81d6125', 'image': 'https://uploads-master.aws.bengalmeat.com/media/cattle-image/2026/BLF_5287_2.jpg'}, {'id': 'f188d562-c69f-413b-af01-c6a56314c327', 'image': 'https://uploads-master.aws.bengalmeat.com/media/cattle-image/2026/BLF_5287_3.jpg'}, {'id': 'b23a2fac-d7d5-4421-a45b-ec7655c77b35', 'image': 'https://uploads-master.aws.bengalmeat.com/media/cattle-image/2026/BLF_5287_4.jpg'}]",0.0,6 Months,2,0,46.8,Dm2QjpBPgE4,325.0,210000.00,False,True,True,True,True,MEDIUM,https://uploads-master.aws.bengalmeat.com/media/cattle-thumbnail/2026/BLF_5287_1.jpg,2026-04-26T14:57:11.395465+06:00,AVAILABLE
75df5f26-9d5e-4830-be5d-010301b7a7d1,BLF 5293,COW,MALE_BULL,NON_RED,LOCAL,['GRASS_GRAIN_FED'],2.5 Years,"[{'id': 'bc2cdd79-c0b0-4ea2-bb7a-cb2023a27688', 'image': 'https://uploads-master.aws.bengalmeat.com/media/cattle-image/2026/BLF_5293_2.jpg'}, {'id': '0419265f-ce6e-49f5-8ab3-e62e14ce7c72', 'image': 'https://uploads-master.aws.bengalmeat.com/media/cattle-image/2026/BLF_5293_3.jpg'}, {'id': 'b7f6e5d1-82f1-4774-9a9d-dd29060ea009', 'image': 'https://uploads-master.aws.bengalmeat.com/media/cattle-image/2026/BLF_5293_4.jpg'}]",0.0,6 Months,4,0,47.1,50vBDW6j51M,300.0,195000.00,False,True,True,True,True,MEDIUM,https://uploads-master.aws.bengalmeat.com/media/cattle-thumbnail/2026/BLF_5293_1.jpg,2026-04-21T14:37:13.511213+06:00,AVAILABLE
0dc4d118-04fd-40bd-8661-2a15fc215fb2,BLF 5250,COW,MALE_BULL,RED,SAHIWAL,['GRASS_GRAIN_FED'],3 Years,"[{'id': '59fbb5c4-3b16-4226-a893-3a0d1937e3cf', 'image': 'https://uploads-master.aws.bengalmeat.com/media/cattle-image/2026/BLF_5250_2.jpg'}, {'id': '88426a99-b738-4c7b-9cef-79456006093e', 'image': 'https://uploads-master.aws.bengalmeat.com/media/cattle-image/2026/BLF_5250_3.jpg'}, {'id': '6c71da96-ff0d-49d7-903e-3e07c75f025e', 'image': 'https://uploads-master.aws.bengalmeat.com/media/cattle-image/2026/BLF_5250_4.jpg'}]",0.0,6 Months,6,0,48.2,JxflzsrmSis,419.0,270000.00,True,True,True,True,True,MEDIUM,https://uploads-master.aws.bengalmeat.com/media/cattle-thumbnail/2026/BLF_5250_1.jpg,2026-04-20T10:28:53.871094+06:00,AVAILABLE
a96c97ae-f77e-41f5-bacd-2bb4713f2e70,BLF 5278,COW,MALE_BULL,RED,LOCAL,['GRASS_FED_GRASS_FINISHED'],2 Years,"[{'id': 'ea0a527b-c02f-43b8-b7ae-bbef335d363c', 'image': 'https://uploads-master.aws.bengalmeat.com/media/cattle-image/2026/BLF_5278_2.jpg'}, {'id': '20b9c449-2366-434d-83ae-5981aeeea43f', 'image': 'https://uploads-master.aws.bengalmeat.com/media/cattle-image/2026/BLF_5278_3.jpg'}, {'id': '55b3f394-9223-4f4e-8c96-290e59f9de7c', 'image': 'https://uploads-master.aws.bengalmeat.com/media/cattle-image/2026/BLF_5278_4.jpg'}]",0.0,12 Months,2,0,43.8,e9NLa5ecn8c,240.0,160000.00,False,True,True,True,True,MINIMUM,https://uploads-master.aws.bengalmeat.com/media/cattle-thumbnail/2026/BLF_5278_1.jpg,2026-04-30T12:40:10.181749+06:00,AVAILABLE
245da3ee-be50-44cb-9e73-57d59e53ff2e,BLF 5330,COW,MALE_BULL,NON_RED,LOCAL,['GRASS_GRAIN_FED'],2 Years,"[{'id': 'f0103c04-42c9-4bbc-add7-c54801351ab8', 'image': 'https://uploads-master.aws.bengalmeat.com/media/cattle-image/2026/BLF_5330_2.jpg'}, {'id': 'a17464f5-e573-4cd4-890b-8eaee9f66d83', 'image': 'https://uploads-master.aws.bengalmeat.com/media/cattle-image/2026/BLF_5330_3.jpg'}, {'id': '153bab47-af54-41f3-a93d-7db7046873d6', 'image': 'https://uploads-master.aws.bengalmeat.com/media/cattle-image/2026/BLF_5330_4.jpg'}]",0.0,4 Months,2,0,46.0,opZFDJBXxAg,305.0,197000.00,False,True,True,True,True,MEDIUM,https://uploads-master.aws.bengalmeat.com/media/cattle-thumbnail/2026/BLF_5330_1.jpg,2026-05-02T18:48:16.471703+06:00,AVAILABLE
d3e59b12-3332-45a9-b2a2-38b95f3c93df,BLF 5324,COW,MALE_BULL,RED,LOCAL,['GRASS_GRAIN_FED'],2 Years,"[{'id': '55c20fc5-47dc-428a-8ac9-243ea3c22211', 'image': 'https://uploads-master.aws.bengalmeat.com/media/cattle-image/2026/BLF_5324_2.jpg'}, {'id': 'cf8cf283-1386-4b23-8cfa-abf568b3493a', 'image': 'https://uploads-master.aws.bengalmeat.com/media/cattle-image/2026/BLF_5324_3.jpg'}, {'id': '314e1d17-0335-4a5c-b32c-513db37d5f56', 'image': 'https://uploads-master.aws.bengalmeat.com/media/cattle-image/2026/BLF_5324_4.jpg'}]",0.0,4 Months,2,0,47.0,eLZ5ZgtOCbY,320.0,207000.00,False,True,True,True,True,MEDIUM,https://uploads-master.aws.bengalmeat.com/media/cattle-thumbnail/2026/BLF_5324_1.jpg,2026-05-02T18:33:18.295718+06:00,AVAILABLE
0220302f-d2e7-4459-bd8d-4369a5ffc133,BLF 5132,COW,MALE_BULL,RED,LOCAL,['GRASS_GRAIN_FED'],2.5 Years,"[{'id': 'a0a15736-2c39-47ec-9eaf-f835d8e9d976', 'image': 'https://uploads-master.aws.bengalmeat.com/media/cattle-image/2026/BLF_5132_2.jpg'}, {'id': '1f2655d4-b928-4486-8e94-8aa66e8e78ba', 'image': 'https://uploads-master.aws.bengalmeat.com/media/cattle-image/2026/BLF_5132_3.jpg'}, {'id': '755704d4-09b5-4043-b352-e4e50f07daa2', 'image': 'https://uploads-master.aws.bengalmeat.com/media/cattle-image/2026/BLF_5132_4.jpg'}]",0.0,12 Months,4,0,42.0,NLAesdQZ9rE,280.0,184000.00,False,True,True,True,True,LARGE,https://uploads-master.aws.bengalmeat.com/media/cattle-thumbnail/2026/BLF_5132_1.jpg,2026-04-11T21:35:29.546684+06:00,AVAILABLE
bcfe2855-27db-44a7-b463-d113e4308345,BLF 5126,COW,MALE_BULL,NON_RED,LOCAL,['GRASS_GRAIN_FED'],3 Years,"[{'id': '12660599-68c5-48e6-90a9-82745684ec4f', 'image': 'https://uploads-master.aws.bengalmeat.com/media/cattle-image/2026/BLF_5126_2.jpg'}, {'id': '5c8292d5-b5ac-4609-b30c-9c6bf72f942a', 'image': 'https://uploads-master.aws.bengalmeat.com/media/cattle-image/2026/BLF_5126_3.jpg'}, {'id': 'a3bd8901-a6b1-4ba4-b656-4c27006fa1c9', 'image': 'https://uploads-master.aws.bengalmeat.com/media/cattle-image/2026/BLF_5126_4.jpg'}]",0.0,12 Months,6,0,39.1,hgifTiDqePU,235.0,154000.00,False,True,True,True,True,MINIMUM,https://uploads-master.aws.bengalmeat.com/media/cattle-thumbnail/2026/BLF_5126_1.jpg,2026-04-11T21:28:51.228516+06:00,AVAILABLE
c722171e-2a32-44c6-aa4c-687ee04cb2bc,BLF 5133,COW,MALE_BULL,RED,SAHIWAL,['GRASS_GRAIN_FED'],2.5 Years,"[{'id': 'eacc0245-962e-4f85-be10-416582d976f2', 'image': 'https://uploads-master.aws.bengalmeat.com/media/cattle-image/2026/BLF_5133_2.jpg'}, {'id': '3d4635e6-1102-4caa-a7c0-da5fe83994f7', 'image': 'https://uploads-master.aws.bengalmeat.com/media/cattle-image/2026/BLF_5133_3.jpg'}, {'id': '3d06d838-b591-4844-8eff-670533a7c5b1', 'image': 'https://uploads-master.aws.bengalmeat.com/media/cattle-image/2026/BLF_5133_4.jpg'}]",0.0,12 Months,4,0,42.0,jW093K6lVw4,275.0,180000.00,False,True,True,True,True,MINIMUM,https://uploads-master.aws.bengalmeat.com/media/cattle-thumbnail/2026/BLF_5133_1.jpg,2026-04-11T21:37:45.411145+06:00,AVAILABLE
849462bd-29c4-40b5-b0a2-7622d84606e2,BLF 5279,COW,MALE_BULL,RED,LOCAL,['GRASS_GRAIN_FED'],2 Years,"[{'id': '7b2f19d4-373a-4540-8020-29d369335c5a', 'image': 'https://uploads-master.aws.bengalmeat.com/media/cattle-image/2026/BLF_5279_2.jpg'}, {'id': '79fd61d6-763e-4c8a-94df-e5345874c7a0', 'image': 'https://uploads-master.aws.bengalmeat.com/media/cattle-image/2026/BLF_5279_3.jpg'}, {'id': 'a7c8f3fe-e3be-425f-8b2c-10ab1409942e', 'image': 'https://uploads-master.aws.bengalmeat.com/media/cattle-image/2026/BLF_5279_4.jpg'}]",0.0,6 Months,2,0,46.8,Whm7uhNzibo,362.0,234000.00,False,True,True,True,True,MEDIUM,https://uploads-master.aws.bengalmeat.com/media/cattle-thumbnail/2026/BLF_5279_1.jpg,2026-04-21T12:35:47.249765+06:00,AVAILABLE
c65bc046-1a3c-44cc-b1df-2b1248b2ab0f,BLF 5251,COW,MALE_BULL,RED,LOCAL,['GRASS_GRAIN_FED'],2.5 Years,"[{'id': 'fba390df-ecb9-4005-ab84-98f5b9b6526c', 'image': 'https://uploads-master.aws.bengalmeat.com/media/cattle-image/2026/BLF_5251_2.jpg'}, {'id': '0ec70ffb-9973-4cd9-8580-38bb42e3b852', 'image': 'https://uploads-master.aws.bengalmeat.com/media/cattle-image/2026/BLF_5251_3.jpg'}, {'id': '500a674b-ef0d-4300-950b-e01cb9a8f101', 'image': 'https://uploads-master.aws.bengalmeat.com/media/cattle-image/2026/BLF_5251_4.jpg'}]",0.0,6 Months,4,0,47.0,i7wMPhX96v4,350.0,226000.00,False,True,True,True,True,MEDIUM,https://uploads-master.aws.bengalmeat.com/media/cattle-thumbnail/2026/BLF_5251_1.jpg,2026-04-26T14:50:57.060978+06:00,AVAILABLE
4883800c-c891-4022-a0ac-602985f4e8c5,BLF 5245,COW,MALE_BULL,RED,LOCAL,['GRASS_GRAIN_FED'],2.5 Years,"[{'id': '410b0cb1-a7da-42c6-a769-cfd3b5d7548c', 'image': 'https://uploads-master.aws.bengalmeat.com/media/cattle-image/2026/BLF_5245_2.jpg'}, {'id': 'c4ca9f95-bc20-45b0-81f6-9d38c93ccd1d', 'image': 'https://uploads-master.aws.bengalmeat.com/media/cattle-image/2026/BLF_5245_3.jpg'}, {'id': '687df721-c364-464b-9354-71011d2d3efd', 'image': 'https://uploads-master.aws.bengalmeat.com/media/cattle-image/2026/BLF_5245_4.jpg'}]",0.0,6 Months,4,0,37.0,ZixxliZgS3k,180.0,123000.00,False,True,True,True,True,MINIMUM,https://uploads-master.aws.bengalmeat.com/media/cattle-thumbnail/2026/BLF_5245_1.jpg,2026-04-20T10:08:03.429195+06:00,ORDERED
39de78ce-eb24-4024-8ae0-8787c7fb458d,BLF 5292,COW,MALE_BULL,RED,LOCAL,['GRASS_GRAIN_FED'],2 Years,"[{'id': 'b2409530-32b9-45e7-893d-241d8f3f75f5', 'image': 'https://uploads-master.aws.bengalmeat.com/media/cattle-image/2026/BLF_5292_2.jpg'}, {'id': 'c4fdb87b-561c-4d7c-97ab-a97fa627e4b4', 'image': 'https://uploads-master.aws.bengalmeat.com/media/cattle-image/2026/BLF_5292_3.jpg'}, {'id': '6f0ba4c8-f42a-436e-a5f9-bc427beb641c', 'image': 'https://uploads-master.aws.bengalmeat.com/media/cattle-image/2026/BLF_5292_4.jpg'}]",0.0,6 Months,2,0,48.0,iDNpVxoPI8w,340.0,219000.00,False,True,True,True,True,MEDIUM,https://uploads-master.aws.bengalmeat.com/media/cattle-thumbnail/2026/BLF_5292_1.jpg,2026-04-21T14:36:02.964593+06:00,AVAILABLE
f407e835-16d2-4380-97ae-756f3e500e31,BLF 5286,COW,MALE_BULL,RED,LOCAL,['GRASS_GRAIN_FED'],2.5 Years,"[{'id': '5646c205-e66b-47d1-bfbe-7ca9739acc52', 'image': 'https://uploads-master.aws.bengalmeat.com/media/cattle-image/2026/BLF_5286_2.jpg'}, {'id': 'ee4b39d6-824e-4efd-a921-497ebd5ad119', 'image': 'https://uploads-master.aws.bengalmeat.com/media/cattle-image/2026/BLF_5286_3.jpg'}, {'id': '08c32f2a-99ad-437c-87a0-6c224d709392', 'image': 'https://uploads-master.aws.bengalmeat.com/media/cattle-image/2026/BLF_5286_4.jpg'}]",0.0,6 Months,4,0,46.8,oijgpakBr1Y,360.0,232000.00,False,True,True,True,True,MEDIUM,https://uploads-master.aws.bengalmeat.com/media/cattle-thumbnail/2026/BLF_5286_1.jpg,2026-04-21T12:45:38.287072+06:00,AVAILABLE
886fd01f-dc18-4e1b-acc9-4b0185c1abcb,BLF 5053,COW,MALE_BULL,RED,SAHIWAL,['GRASS_FED_GRASS_FINISHED'],2 Years,"[{'id': '687f38c5-fb91-4de9-9c00-40679dd2d01e', 'image': 'https://uploads-master.aws.bengalmeat.com/media/cattle-image/2026/BLF_5053_2.jpg'}, {'id': '07c662d7-6bce-43aa-a147-b4023a678c0b', 'image': 'https://uploads-master.aws.bengalmeat.com/media/cattle-image/2026/BLF_5053_3.jpg'}, {'id': '16ca07c9-df3e-486a-9da3-8b698d8c88a4', 'image': 'https://uploads-master.aws.bengalmeat.com/media/cattle-image/2026/BLF_5053_4.jpg'}]",0.0,12 Months,2,0,46.0,imDsqUxYM5U,350.0,34000.00,False,True,True,True,True,MEDIUM,https://uploads-master.aws.bengalmeat.com/media/cattle-thumbnail/2026/BLF_5053_1.jpg,2026-04-13T11:25:58.554596+06:00,SHARED_ORDERED
a43c30a2-fedc-443d-a337-8ec55dc95bb8,BLF 5047,COW,MALE_BULL,RED,LOCAL,['GRASS_GRAIN_FED'],2 Years,"[{'id': 'ce6d777e-2d1b-45fd-8598-4dced8a5450b', 'image': 'https://uploads-master.aws.bengalmeat.com/media/cattle-image/2026/BLF_5047_2.jpg'}, {'id': '0289e3c9-414d-4022-a339-fa8da06aed51', 'image': 'https://uploads-master.aws.bengalmeat.com/media/cattle-image/2026/BLF_5047_3.jpg'}, {'id': 'bf47fce3-071f-48d9-acfa-3fdc7eaf1a39', 'image': 'https://uploads-master.aws.bengalmeat.com/media/cattle-image/2026/BLF_5047_4.jpg'}]",0.0,12 Months,2,0,40.0,cn7hNh6tVc4,218.0,146000.00,False,True,True,True,True,MINIMUM,https://uploads-master.aws.bengalmeat.com/media/cattle-thumbnail/2026/BLF_5047_1.jpg,2026-04-13T11:09:32.961717+06:00,ORDERED
f4f30e28-67cd-49c4-a1b1-afe00ef47d85,BLF 5084,COW,MALE_BULL,NON_RED,LOCAL,['GRASS_GRAIN_FED'],2 Years,"[{'id': '4d1eca72-ec67-4687-80f3-9f7030d64d94', 'image': 'https://uploads-master.aws.bengalmeat.com/media/cattle-image/2026/BLF_5084_2.jpg'}, {'id': '4129eb9c-0d05-491f-b506-14b919d132ef', 'image': 'https://uploads-master.aws.bengalmeat.com/media/cattle-image/2026/BLF_5084_3.jpg'}, {'id': 'a7057be2-4fd9-4f18-82e8-f589297c4e63', 'image': 'https://uploads-master.aws.bengalmeat.com/media/cattle-image/2026/BLF_5084_4.jpg'}]",0.0,12 Months,2,0,41.0,dKV0AloW5Zs,233.0,154000.00,False,True,True,True,True,MINIMUM,https://uploads-master.aws.bengalmeat.com/media/cattle-thumbnail/2026/BLF_5084_1.jpg,2026-04-30T12:29:41.505895+06:00,ORDERED
7754aac5-4b37-47b5-8c7f-29707c0759dc,BLF 5080,COW,MALE_BULL,RED,LOCAL,['GRASS_FED_GRASS_FINISHED'],2 Years,"[{'id': '0e74e727-f766-49c0-92a5-27f01f700db3', 'image': 'https://uploads-master.aws.bengalmeat.com/media/cattle-image/2026/BLF_5080_2.jpg'}, {'id': 'b7a6b7b8-ebf1-4443-8adb-087b8eb6c329', 'image': 'https://uploads-master.aws.bengalmeat.com/media/cattle-image/2026/BLF_5080_3.jpg'}, {'id': '62143402-0a0c-4223-8191-241551c2b32f', 'image': 'https://uploads-master.aws.bengalmeat.com/media/cattle-image/2026/BLF_5080_4.jpg'}]",0.0,12 Months,2,0,47.6,V-29DPjeJcs,370.0,237000.00,False,True,True,True,True,MEDIUM,https://uploads-master.aws.bengalmeat.com/media/cattle-thumbnail/2026/BLF_5080_1.jpg,2026-04-18T17:07:50.142720+06:00,ORDERED
970e784b-852b-4a63-ad1a-e83f9e8ebd91,BLF 5094,COW,MALE_BULL,RED,LOCAL,['GRASS_FED_GRASS_FINISHED'],2.5 Years,"[{'id': '44ab34de-63d0-4b74-8e12-038f86b2c6c7', 'image': 'https://uploads-master.aws.bengalmeat.com/media/cattle-image/2026/BLF_5094_2.jpg'}, {'id': 'e05a306b-70ab-484f-9bf5-2fbdc18fe174', 'image': 'https://uploads-master.aws.bengalmeat.com/media/cattle-image/2026/BLF_5094_3.jpg'}, {'id': '4a7ce60c-2efa-4863-ac66-e2a21373ca47', 'image': 'https://uploads-master.aws.bengalmeat.com/media/cattle-image/2026/BLF_5094_4.jpg'}]",0.0,12 Months,4,0,41.0,YhOPMTnr2Mc,270.0,178000.00,False,True,True,True,True,MINIMUM,https://uploads-master.aws.bengalmeat.com/media/cattle-thumbnail/2026/BLF_5094_1.jpg,2026-04-11T20:26:48.270836+06:00,ORDERED
d22384e9-d4ed-411e-9bf4-dd4e31936a0e,BLF 5057,COW,MALE_BULL,NON_RED,LOCAL,['GRASS_FED_GRASS_FINISHED'],2 Years,"[{'id': '3ce2fb15-e8a1-4a14-83cf-5f70345809d4', 'image': 'https://uploads-master.aws.bengalmeat.com/media/cattle-image/2026/BLF_5057_2.jpg'}, {'id': '46438c76-0d51-419f-afc9-56f8bb7e66a9', 'image': 'https://uploads-master.aws.bengalmeat.com/media/cattle-image/2026/BLF_5057_3.jpg'}, {'id': '95d7c5a5-4b0d-4187-b244-b59631d20ed8', 'image': 'https://uploads-master.aws.bengalmeat.com/media/cattle-image/2026/BLF_5057_4.jpg'}]",0.0,12 Months,2,0,47.1,rHae4sMrZAI,420.0,40500.00,False,True,True,True,True,MEDIUM,https://uploads-master.aws.bengalmeat.com/media/cattle-thumbnail/2026/BLF_5057_1.jpg,2026-04-13T11:41:26.899892+06:00,SHARED_ORDERED
873e1ac9-ff23-45da-bea6-a35266248d2d,BLF 5282,COW,MALE_BULL,RED,HOSTINE_CROSS,['GRASS_GRAIN_FED'],2 Years,"[{'id': 'f639689b-5e5b-4799-ae44-d3900d080448', 'image': 'https://uploads-master.aws.bengalmeat.com/media/cattle-image/2026/BLF_5282_2.jpg'}, {'id': '36bf3121-31f9-45a7-a2c7-06e14088f45f', 'image': 'https://uploads-master.aws.bengalmeat.com/media/cattle-image/2026/BLF_5282_3.jpg'}, {'id': '339ec70d-0e52-4356-b680-1697ef0a3127', 'image': 'https://uploads-master.aws.bengalmeat.com/media/cattle-image/2026/BLF_5282_4.jpg'}]",0.0,6 Months,2,0,52.4,qt4Wl9amZIU,445.0,286000.00,True,True,True,True,True,LARGE,https://uploads-master.aws.bengalmeat.com/media/cattle-thumbnail/2026/BLF_5282_1.jpg,2026-04-21T12:40:00.257590+06:00,AVAILABLE
c3070d23-f529-4b7b-881a-468bb1cb558a,BLF 5296,COW,MALE_BULL,NON_RED,LOCAL,['GRASS_GRAIN_FED'],2 Years,"[{'id': '9ce66c50-1d7f-48ff-9dbd-615852e5070a', 'image': 'https://uploads-master.aws.bengalmeat.com/media/cattle-image/2026/BLF_5296_2.jpg'}, {'id': '72bd5fe5-18c0-42ff-9caa-2ddcc4743593', 'image': 'https://uploads-master.aws.bengalmeat.com/media/cattle-image/2026/BLF_5296_3.jpg'}, {'id': '9421c469-220f-41ab-9080-fdbfcccecfa6', 'image': 'https://uploads-master.aws.bengalmeat.com/media/cattle-image/2026/BLF_5296_4.jpg'}]",0.0,6 Months,2,0,46.0,p7SSFlsSGOM,330.0,31500.00,False,True,True,True,True,MEDIUM,https://uploads-master.aws.bengalmeat.com/media/cattle-thumbnail/2026/BLF_5296_1.jpg,2026-04-21T14:41:08.813371+06:00,SHARED
e855ff4c-de3a-4873-86d5-c1b0b3940c5b,BLF 5269,COW,MALE_BULL,RED,SAHIWAL,['GRASS_GRAIN_FED'],2 Years,"[{'id': '3efb2ba3-c9a7-4975-8d40-da01754e0d6f', 'image': 'https://uploads-master.aws.bengalmeat.com/media/cattle-image/2026/BLF_5269_2.jpg'}, {'id': '3fa45c83-4488-4864-bc89-9eade44e6c18', 'image': 'https://uploads-master.aws.bengalmeat.com/media/cattle-image/2026/BLF_5269_3.jpg'}, {'id': '0e97e200-8307-4bf1-9040-9842d1159e52', 'image': 'https://uploads-master.aws.bengalmeat.com/media/cattle-image/2026/BLF_5269_4.jpg'}]",0.0,6 Months,2,0,49.7,ZUMdfhAjEYw,385.0,248000.00,False,True,True,True,True,MEDIUM,https://uploads-master.aws.bengalmeat.com/media/cattle-thumbnail/2026/BLF_5269_1.jpg,2026-04-20T11:17:19.519025+06:00,AVAILABLE
e41af258-82cf-440d-92be-4a6157336573,BLF 5255,COW,MALE_BULL,RED,LOCAL,['GRASS_GRAIN_FED'],2.5 Years,"[{'id': 'e894208f-9e67-430d-859b-1eb1f76446f8', 'image': 'https://uploads-master.aws.bengalmeat.com/media/cattle-image/2026/BLF_5255_2.jpg'}, {'id': '86308366-389f-4523-8e2c-a4b62bd83097', 'image': 'https://uploads-master.aws.bengalmeat.com/media/cattle-image/2026/BLF_5255_3.jpg'}, {'id': '37df25bc-46cd-41dc-ba09-5af092289a21', 'image': 'https://uploads-master.aws.bengalmeat.com/media/cattle-image/2026/BLF_5255_4.jpg'}]",0.0,6 Months,4,0,46.8,I31WGBake6s,330.0,31500.00,False,True,True,True,True,MEDIUM,https://uploads-master.aws.bengalmeat.com/media/cattle-thumbnail/2026/BLF_5255_1.jpg,2026-04-20T10:14:44.347399+06:00,SHARED_ORDERED
d6380454-3636-475b-9f28-f64c96912f25,BLF 5309,COW,MALE_BULL,NON_RED,LOCAL,['GRASS_GRAIN_FED'],2.5 Years,"[{'id': 'd7ed3876-8961-42dd-9187-1094314f6e9e', 'image': 'https://uploads-master.aws.bengalmeat.com/media/cattle-image/2026/BLF_5309_2.jpg'}, {'id': '4a0bf4ae-882a-400e-96d9-6097d07182bc', 'image': 'https://uploads-master.aws.bengalmeat.com/media/cattle-image/2026/BLF_5309_3.jpg'}, {'id': 'bb387de1-18e0-4227-bb18-b1f158bde61a', 'image': 'https://uploads-master.aws.bengalmeat.com/media/cattle-image/2026/BLF_5309_4.jpg'}]",0.0,6 Months,4,0,45.0,Qm6UwejWUsQ,300.0,194000.00,False,True,True,True,True,MEDIUM,https://uploads-master.aws.bengalmeat.com/media/cattle-thumbnail/2026/BLF_5309_1.jpg,2026-04-26T15:09:27.800196+06:00,AVAILABLE
41e3da76-8b75-4bb1-89b2-4ce01fc7c2ba,BLF 5137,COW,MALE_BULL,NON_RED,LOCAL,['GRASS_GRAIN_FED'],2.5 Years,"[{'id': 'eb80767b-b7d2-4a19-bd0f-3bc1a3bca3fb', 'image': 'https://uploads-master.aws.bengalmeat.com/media/cattle-image/2026/BLF_5137_2.jpg'}, {'id': 'deda1747-8fc7-4414-b5e6-378cff0f7e90', 'image': 'https://uploads-master.aws.bengalmeat.com/media/cattle-image/2026/BLF_5137_3.jpg'}, {'id': 'f3848529-f3a4-42ad-b810-d0ac350e103f', 'image': 'https://uploads-master.aws.bengalmeat.com/media/cattle-image/2026/BLF_5137_4.jpg'}]",0.0,12 Months,4,0,43.0,UQakig6Z1_0,260.0,170000.00,False,True,True,True,True,MINIMUM,https://uploads-master.aws.bengalmeat.com/media/cattle-thumbnail/2026/BLF_5137_1.jpg,2026-04-11T21:43:20.596141+06:00,AVAILABLE
d141865a-b75a-4583-a5b6-4a844bd27d1f,BLF 5123,COW,MALE_BULL,NON_RED,LOCAL,['GRASS_GRAIN_FED'],3 Years,"[{'id': '7438bc5d-9169-47b9-828f-5e0cbbfcc618', 'image': 'https://uploads-master.aws.bengalmeat.com/media/cattle-image/2026/BLF_5123_2.jpg'}, {'id': 'd109b592-42ef-46e3-b7ba-c8567e313efd', 'image': 'https://uploads-master.aws.bengalmeat.com/media/cattle-image/2026/BLF_5123_3.jpg'}, {'id': '52832473-81e0-4415-b002-275cf2ee8e57', 'image': 'https://uploads-master.aws.bengalmeat.com/media/cattle-image/2026/BLF_5123_4.jpg'}]",0.0,12 Months,6,0,40.2,xbwH-hZOt68,230.0,153000.00,False,True,True,True,True,MINIMUM,https://uploads-master.aws.bengalmeat.com/media/cattle-thumbnail/2026/BLF_5123_1.jpg,2026-04-11T21:23:28.486403+06:00,ORDERED
2ab38bff-651a-4049-adca-4bc1b7ec23cf,BLF 5136,COW,MALE_BULL,NON_RED,LOCAL,['GRASS_GRAIN_FED'],2 Years,"[{'id': 'a2827bd8-75e3-4c1c-8053-9586e9604757', 'image': 'https://uploads-master.aws.bengalmeat.com/media/cattle-image/2026/BLF_5136_2.jpg'}, {'id': '8d6700f0-2ef6-4f34-8b6f-d23c59b03b15', 'image': 'https://uploads-master.aws.bengalmeat.com/media/cattle-image/2026/BLF_5136_3.jpg'}, {'id': 'f220b28d-5183-492e-a291-e6a193a93d06', 'image': 'https://uploads-master.aws.bengalmeat.com/media/cattle-image/2026/BLF_5136_4.jpg'}]",0.0,12 Months,2,0,42.8,fjoANNjNLwE,240.0,160000.00,False,True,True,True,True,MINIMUM,https://uploads-master.aws.bengalmeat.com/media/cattle-thumbnail/2026/BLF_5136_1.jpg,2026-04-11T21:41:16.850805+06:00,AVAILABLE
40f74e3e-efe2-48f7-a168-a5f4ce7c3563,BLF 5334,COW,MALE_BULL,NON_RED,HOSTINE_CROSS,['GRASS_GRAIN_FED'],2 Years,"[{'id': '3a96eb84-1c00-423f-ba90-f46800513f03', 'image': 'https://uploads-master.aws.bengalmeat.com/media/cattle-image/2026/BLF_5334_2.jpg'}, {'id': 'b85830e6-278e-446e-9a7f-55878da993b0', 'image': 'https://uploads-master.aws.bengalmeat.com/media/cattle-image/2026/BLF_5334_3.jpg'}, {'id': 'e5c63183-916c-4222-8452-c689554400cf', 'image': 'https://uploads-master.aws.bengalmeat.com/media/cattle-image/2026/BLF_5334_4.jpg'}]",0.0,4 Months,2,0,46.0,7uQHsiA6f24,325.0,210000.00,False,True,True,True,True,MEDIUM,https://uploads-master.aws.bengalmeat.com/media/cattle-thumbnail/2026/BLF_5334_1.jpg,2026-05-02T18:44:07.674509+06:00,AVAILABLE
4f344e6e-2263-431e-ba03-1db507d3020c,BLF 5308,COW,MALE_BULL,NON_RED,LOCAL,['GRASS_GRAIN_FED'],2 Years,"[{'id': '4d7147a2-5a23-466b-ae59-c2cd2ea22519', 'image': 'https://uploads-master.aws.bengalmeat.com/media/cattle-image/2026/BLF_5308_2.jpg'}, {'id': '011f46b3-78a6-4dad-ade4-d54c4f8fefd5', 'image': 'https://uploads-master.aws.bengalmeat.com/media/cattle-image/2026/BLF_5308_3.jpg'}, {'id': 'ca10f9c4-4142-4aaa-bfd8-bd00ee6e1e31', 'image': 'https://uploads-master.aws.bengalmeat.com/media/cattle-image/2026/BLF_5308_4.jpg'}]",0.0,6 Months,2,0,43.1,C_QORx4cKlQ,298.0,193000.00,False,True,True,True,True,MINIMUM,https://uploads-master.aws.bengalmeat.com/media/cattle-thumbnail/2026/BLF_5308_1.jpg,2026-04-26T15:08:16.150499+06:00,AVAILABLE
d348f7eb-3a57-479d-a4c2-9ad1706ade8c,BLF 5254,COW,MALE_BULL,RED,LOCAL,['GRASS_GRAIN_FED'],2 Years,"[{'id': '5864a7b7-721d-47b1-81b1-fde6ec344595', 'image': 'https://uploads-master.aws.bengalmeat.com/media/cattle-image/2026/BLF_5254_2.jpg'}, {'id': '4f1e0f29-13ef-48a4-b25b-1e2e465cb8a6', 'image': 'https://uploads-master.aws.bengalmeat.com/media/cattle-image/2026/BLF_5254_3.jpg'}, {'id': 'a978e911-a636-4fe5-9954-cd1163280d84', 'image': 'https://uploads-master.aws.bengalmeat.com/media/cattle-image/2026/BLF_5254_4.jpg'}]",0.0,6 Months,2,0,41.6,PPtMCesHBY8,265.0,173000.00,False,True,True,True,True,MINIMUM,https://uploads-master.aws.bengalmeat.com/media/cattle-thumbnail/2026/BLF_5254_1.jpg,2026-04-30T12:36:57.862750+06:00,AVAILABLE
d68a4662-67d5-4acd-8a14-578d575fb5c5,BLF 5268,COW,MALE_BULL,RED,LOCAL,['GRASS_GRAIN_FED'],2.5 Years,"[{'id': 'db54f073-144a-4000-bc27-9488571e762a', 'image': 'https://uploads-master.aws.bengalmeat.com/media/cattle-image/2026/BLF_5268_2.jpg'}, {'id': '3999e0e8-1d62-4f4a-8854-91bed5d2ad6a', 'image': 'https://uploads-master.aws.bengalmeat.com/media/cattle-image/2026/BLF_5268_3.jpg'}, {'id': '91b684b0-1f82-413b-b41a-60f8fdd1a0e8', 'image': 'https://uploads-master.aws.bengalmeat.com/media/cattle-image/2026/BLF_5268_4.jpg'}]",0.0,6 Months,4,0,48.3,vtAurzrbdV0,362.0,230000.00,True,True,True,True,True,MEDIUM,https://uploads-master.aws.bengalmeat.com/media/cattle-thumbnail/2026/BLF_5268_1.jpg,2026-04-20T11:15:38.687196+06:00,AVAILABLE
263ce9b9-c4e1-4caf-8dc7-307c3415e22a,BLF 5297,COW,MALE_BULL,RED,SAHIWAL,['GRASS_GRAIN_FED'],2 Years,"[{'id': 'f1778278-a8d9-4109-a3db-f57f2ffdd81f', 'image': 'https://uploads-master.aws.bengalmeat.com/media/cattle-image/2026/BLF_5297_2.jpg'}, {'id': 'dd35f7d2-47f4-4721-9cdf-14e1e8d5ee30', 'image': 'https://uploads-master.aws.bengalmeat.com/media/cattle-image/2026/BLF_5297_3.jpg'}, {'id': '6bf38918-38d5-42d6-b213-7b9b8e243cf5', 'image': 'https://uploads-master.aws.bengalmeat.com/media/cattle-image/2026/BLF_5297_4.jpg'}]",0.0,6 Months,2,0,48.3,uHVScvO7X80,421.0,271000.00,False,True,True,True,True,MEDIUM,https://uploads-master.aws.bengalmeat.com/media/cattle-thumbnail/2026/BLF_5297_1.jpg,2026-04-21T14:42:20.329573+06:00,AVAILABLE
cba46b48-6fb9-4add-ac38-d41ec88dec73,BLF 5283,COW,MALE_BULL,RED,SAHIWAL,['GRASS_GRAIN_FED'],2 Years,"[{'id': '068ee6a2-741a-4aec-a627-81838964aee0', 'image': 'https://uploads-master.aws.bengalmeat.com/media/cattle-image/2026/BLF_5283_2.jpg'}, {'id': '896db761-059e-431c-8647-b82601183e4a', 'image': 'https://uploads-master.aws.bengalmeat.com/media/cattle-image/2026/BLF_5283_3.jpg'}, {'id': 'a3c20968-9539-4f9b-954b-a6b4f895d278', 'image': 'https://uploads-master.aws.bengalmeat.com/media/cattle-image/2026/BLF_5283_4.jpg'}]",0.0,6 Months,2,0,47.1,b3Y3usLjWJo,384.0,247000.00,False,True,True,True,True,MEDIUM,https://uploads-master.aws.bengalmeat.com/media/cattle-thumbnail/2026/BLF_5283_1.jpg,2026-04-21T12:41:22.151732+06:00,AVAILABLE
05396971-a1e2-4f0b-bc19-bdb620589672,BLF 5056,COW,MALE_BULL,RED,LOCAL,['GRASS_FED_GRASS_FINISHED'],2 Years,"[{'id': '7b13e4e9-9790-4d8b-a5e0-1dab882e59ff', 'image': 'https://uploads-master.aws.bengalmeat.com/media/cattle-image/2026/BLF_5056_2_5V2lTsb.jpg'}, {'id': 'b4763fc2-2f10-4e6a-b406-838bc915432f', 'image': 'https://uploads-master.aws.bengalmeat.com/media/cattle-image/2026/BLF_5056_3_QgHMn8g.jpg'}, {'id': '2e898a64-256d-4d26-8dce-c1315ee1adfd', 'image': 'https://uploads-master.aws.bengalmeat.com/media/cattle-image/2026/BLF_5056_4_mOP2dMd.jpg'}]",0.0,12 Months,2,0,47.2,TGTBqON2gCk,405.0,260000.00,False,True,True,True,True,MEDIUM,https://uploads-master.aws.bengalmeat.com/media/cattle-thumbnail/2026/BLF_5056_1_wHUfKFv.jpg,2026-04-13T11:39:49.873373+06:00,AVAILABLE
e16d86aa-b883-4bec-8c1f-bb953911438a,BLF 5042,COW,MALE_BULL,RED,LOCAL,['GRASS_GRAIN_FED'],2 Years,"[{'id': '3f3f9046-b634-4dce-a7d5-52c07b7faf0d', 'image': 'https://uploads-master.aws.bengalmeat.com/media/cattle-image/2026/BLF_5042_2.jpg'}, {'id': 'ec7a6689-5436-423f-a87e-7c7d62555749', 'image': 'https://uploads-master.aws.bengalmeat.com/media/cattle-image/2026/BLF_5042_3.jpg'}, {'id': '1fc38bb2-ac67-4123-99ea-7f933e595dc1', 'image': 'https://uploads-master.aws.bengalmeat.com/media/cattle-image/2026/BLF_5042_4.jpg'}]",0.0,12 Months,2,6,44.0,hxoXMW1Neyw,290.0,28000.00,False,True,True,True,True,MINIMUM,https://uploads-master.aws.bengalmeat.com/media/cattle-thumbnail/2026/BLF_5042_1.jpg,2026-04-13T09:33:10.878802+06:00,SHARED
72f79ca5-1ffb-4769-a083-66656b1febb9,BLF 5095,COW,MALE_BULL,NON_RED,LOCAL,['GRASS_FED_GRASS_FINISHED'],2 Years,"[{'id': '7b44bd08-d36e-4d2f-af19-7fd72941322c', 'image': 'https://uploads-master.aws.bengalmeat.com/media/cattle-image/2026/BLF_5095_2_huLoA1b.jpg'}, {'id': '161da840-0c1a-4078-b216-b0fac69c9efe', 'image': 'https://uploads-master.aws.bengalmeat.com/media/cattle-image/2026/BLF_5095_3_nU5cQeG.jpg'}, {'id': 'fc0f723b-6635-494c-896c-6ad591266e35', 'image': 'https://uploads-master.aws.bengalmeat.com/media/cattle-image/2026/BLF_5095_4_0JbrAug.jpg'}]",0.0,12 Months,2,0,43.0,PHL8kfnvreU,285.0,185000.00,False,True,True,True,True,MINIMUM,https://uploads-master.aws.bengalmeat.com/media/cattle-thumbnail/2026/BLF_5095_1_hFCO3Du.jpg,2026-04-11T20:29:14.716898+06:00,AVAILABLE
7d86f5da-cc9e-412a-86b1-4f0639da465f,BLF 5081,COW,MALE_BULL,NON_RED,LOCAL,['GRASS_GRAIN_FED'],2 Years,"[{'id': 'ea503e7a-64a7-4621-ac99-27369c241277', 'image': 'https://uploads-master.aws.bengalmeat.com/media/cattle-image/2026/BLF_5081_2.jpg'}, {'id': '7d06c324-1aee-448c-9b82-67f4d492c5cf', 'image': 'https://uploads-master.aws.bengalmeat.com/media/cattle-image/2026/BLF_5081_3.jpg'}, {'id': '075d96ac-9c6f-46df-ac52-0650e6f3f216', 'image': 'https://uploads-master.aws.bengalmeat.com/media/cattle-image/2026/BLF_5081_4.jpg'}]",0.0,12 Months,2,0,41.0,R5lLihwTQUQ,225.0,152000.00,False,True,True,True,True,MINIMUM,https://uploads-master.aws.bengalmeat.com/media/cattle-thumbnail/2026/BLF_5081_1.jpg,2026-04-11T20:04:05.062303+06:00,ORDERED
435b5708-425f-49f6-96fc-6584b956a80a,BLF 5097,COW,MALE_BULL,NON_RED,LOCAL,['GRASS_FED_GRASS_FINISHED'],2 Years,"[{'id': '6a2aeb8b-4a85-4e72-8256-35d089ceb02a', 'image': 'https://uploads-master.aws.bengalmeat.com/media/cattle-image/2026/BLF_5097_2_3SdhRC5.jpg'}, {'id': '07e791ba-06d3-4ff0-86a6-2c8f6e026631', 'image': 'https://uploads-master.aws.bengalmeat.com/media/cattle-image/2026/BLF_5097_3_lLyOxRl.jpg'}, {'id': '0e4ea3a0-44fd-4723-b9df-8f260a4a2065', 'image': 'https://uploads-master.aws.bengalmeat.com/media/cattle-image/2026/BLF_5097_4_vAVlcW5.jpg'}]",0.0,12 Months,2,0,44.0,ZFnUJehyllw,245.0,162000.00,False,True,True,True,True,MINIMUM,https://uploads-master.aws.bengalmeat.com/media/cattle-thumbnail/2026/BLF_5097_1_cWhUQw7.jpg,2026-04-11T20:35:02.567452+06:00,AVAILABLE
3e287add-12cd-4c7a-8bd2-7100f1d01bba,BLF 5083,COW,MALE_BULL,NON_RED,LOCAL,['GRASS_GRAIN_FED'],2.5 Years,"[{'id': '265fbdd7-0ef3-4e43-90a6-2ce47a8df63a', 'image': 'https://uploads-master.aws.bengalmeat.com/media/cattle-image/2026/BLF_5083_2.jpg'}, {'id': 'a1400368-d45f-4d64-9bd1-a27e929aef21', 'image': 'https://uploads-master.aws.bengalmeat.com/media/cattle-image/2026/BLF_5083_3.jpg'}, {'id': 'bd31a3a6-de8a-4f4a-a261-b605e3de93c1', 'image': 'https://uploads-master.aws.bengalmeat.com/media/cattle-image/2026/BLF_5083_4.jpg'}]",0.0,12 Months,4,0,40.0,2u49MQroQwo,224.0,150000.00,False,True,True,True,True,MINIMUM,https://uploads-master.aws.bengalmeat.com/media/cattle-thumbnail/2026/BLF_5083_1.jpg,2026-04-11T20:08:49.069419+06:00,AVAILABLE
738beb6f-83cc-4854-a409-62f1375db0b5,BLF 5068,COW,MALE_BULL,RED,LOCAL,['GRASS_GRAIN_FED'],2 Years,"[{'id': '3a858a0b-1d69-42f7-a8a0-2dc79a878bef', 'image': 'https://uploads-master.aws.bengalmeat.com/media/cattle-image/2026/BLF_5068_2.jpg'}, {'id': 'd325bcef-9453-4541-82b4-f207a03ec2cd', 'image': 'https://uploads-master.aws.bengalmeat.com/media/cattle-image/2026/BLF_5068_3.jpg'}, {'id': '0c40e2e9-5ddf-4bfb-932e-febe3376f6c6', 'image': 'https://uploads-master.aws.bengalmeat.com/media/cattle-image/2026/BLF_5068_4.jpg'}]",0.0,12 Months,2,0,39.0,1ol1yoRstek,220.0,147000.00,False,True,True,True,True,MEDIUM,https://uploads-master.aws.bengalmeat.com/media/cattle-thumbnail/2026/BLF_5068_1.jpg,2026-04-11T19:30:18.200976+06:00,ORDERED
a661ed00-d5b9-4cff-9d6b-1cee19d49cf6,BLF 5054,COW,MALE_BULL,RED,LOCAL,['GRASS_FED_GRASS_FINISHED'],2 Years,"[{'id': 'b65a0d73-3180-47d5-b816-79cfb7ca6bfa', 'image': 'https://uploads-master.aws.bengalmeat.com/media/cattle-image/2026/BLF_5054_2.jpg'}, {'id': '575b59d3-10ed-4663-909e-f4d522096480', 'image': 'https://uploads-master.aws.bengalmeat.com/media/cattle-image/2026/BLF_5054_3.jpg'}, {'id': '7c297792-2dc6-48f7-a874-1be5ccab82e0', 'image': 'https://uploads-master.aws.bengalmeat.com/media/cattle-image/2026/BLF_5054_4.jpg'}]",0.0,12 Months,2,0,45.5,Eesc-GqfTSY,275.0,179000.00,False,True,True,True,True,MEDIUM,https://uploads-master.aws.bengalmeat.com/media/cattle-thumbnail/2026/BLF_5054_1.jpg,2026-04-13T11:35:17.939156+06:00,ORDERED
b327851a-26c4-4c48-9d8e-30de942017f7,BLF 5040,COW,MALE_BULL,RED,LOCAL,['GRASS_GRAIN_FED'],2 Years,"[{'id': '31225c1c-0a0d-49b2-b84d-83bf7ae6bdb3', 'image': 'https://uploads-master.aws.bengalmeat.com/media/cattle-image/2026/BLF_5040_2.jpg'}, {'id': 'f06b2876-9dd5-430b-a06d-115afce9a672', 'image': 'https://uploads-master.aws.bengalmeat.com/media/cattle-image/2026/BLF_5040_3.jpg'}, {'id': 'c3753f16-c376-48be-a9bb-39d1360a764c', 'image': 'https://uploads-master.aws.bengalmeat.com/media/cattle-image/2026/BLF_5040_4.jpg'}]",0.0,12 Months,2,0,48.0,AuCsN2GH44Q,347.0,221000.00,False,True,True,True,True,MEDIUM,https://uploads-master.aws.bengalmeat.com/media/cattle-thumbnail/2026/BLF_5040_1.jpg,2026-04-13T09:29:54.934010+06:00,AVAILABLE
73516e63-010d-4a32-88d0-1dc03467d4e2,BLF 5295,COW,MALE_BULL,RED,LOCAL,['GRASS_GRAIN_FED'],2 Years,"[{'id': '15f90371-7399-4cb6-876b-bf47cc46464d', 'image': 'https://uploads-master.aws.bengalmeat.com/media/cattle-image/2026/BLF_5295_2.jpg'}, {'id': '1ce931ab-ef28-44fb-9b86-3afcd26e3c6e', 'image': 'https://uploads-master.aws.bengalmeat.com/media/cattle-image/2026/BLF_5295_3.jpg'}, {'id': '13b91b1b-6607-44c3-861a-918fadda4863', 'image': 'https://uploads-master.aws.bengalmeat.com/media/cattle-image/2026/BLF_5295_4.jpg'}]",0.0,6 Months,2,0,44.0,OpqpoxikZvQ,295.0,191000.00,False,True,True,True,True,MINIMUM,https://uploads-master.aws.bengalmeat.com/media/cattle-thumbnail/2026/BLF_5295_1.jpg,2026-04-21T14:39:44.961157+06:00,AVAILABLE
87912c21-aac8-4b67-9dae-fe9d49ab823b,BLF 5281,COW,MALE_BULL,RED,SAHIWAL,['GRASS_GRAIN_FED'],2 Years,"[{'id': 'fa9443a0-2a17-4706-86a1-6074c79c3d90', 'image': 'https://uploads-master.aws.bengalmeat.com/media/cattle-image/2026/BLF_5281_2.jpg'}, {'id': 'd549016a-6e76-46f4-ae6a-68d4ef9a9820', 'image': 'https://uploads-master.aws.bengalmeat.com/media/cattle-image/2026/BLF_5281_3.jpg'}, {'id': '7cc25d3e-2d56-49b6-a5e7-2233b0939537', 'image': 'https://uploads-master.aws.bengalmeat.com/media/cattle-image/2026/BLF_5281_4.jpg'}]",0.0,6 Months,2,0,46.7,PmU1MkmnQMQ,352.0,227000.00,False,True,True,True,True,MEDIUM,https://uploads-master.aws.bengalmeat.com/media/cattle-thumbnail/2026/BLF_5281_1.jpg,2026-04-21T12:38:25.997861+06:00,AVAILABLE
c7b57382-d829-4206-9c70-9dfeea0a795b,BLF 5256,COW,MALE_BULL,NON_RED,LOCAL,['GRASS_GRAIN_FED'],2 Years,"[{'id': '4d8e6536-a63e-4215-9256-dfe63c987bdf', 'image': 'https://uploads-master.aws.bengalmeat.com/media/cattle-image/2026/BLF_5256_2.jpg'}, {'id': '33952b07-fc2c-4290-817c-45987b3d0282', 'image': 'https://uploads-master.aws.bengalmeat.com/media/cattle-image/2026/BLF_5256_3.jpg'}, {'id': 'af1671e7-393d-4369-846c-5d21b6047346', 'image': 'https://uploads-master.aws.bengalmeat.com/media/cattle-image/2026/BLF_5256_4.jpg'}]",0.0,6 Months,2,0,47.0,VuAQ_NO20Rw,320.0,206000.00,False,True,True,True,True,MEDIUM,https://uploads-master.aws.bengalmeat.com/media/cattle-thumbnail/2026/BLF_5256_1.jpg,2026-04-30T12:38:20.531313+06:00,AVAILABLE
5807f0f7-acac-498d-b451-dfb254184021,BLF 5322,COW,MALE_BULL,RED,LOCAL,['GRASS_GRAIN_FED'],2 Years,"[{'id': 'b933fd6c-171c-4376-81d7-1760632fc578', 'image': 'https://uploads-master.aws.bengalmeat.com/media/cattle-image/2026/BLF_5322_2.jpg'}, {'id': '31fa4154-2eb2-4943-9ea2-feafc1a3c459', 'image': 'https://uploads-master.aws.bengalmeat.com/media/cattle-image/2026/BLF_5322_3.jpg'}, {'id': '4dea4fcc-47db-41c4-8ba4-77139ab2b98f', 'image': 'https://uploads-master.aws.bengalmeat.com/media/cattle-image/2026/BLF_5322_4.jpg'}]",0.0,6 Months,2,0,43.1,8JBu751bFas,305.0,197000.00,False,True,True,True,True,MINIMUM,https://uploads-master.aws.bengalmeat.com/media/cattle-thumbnail/2026/BLF_5322_1.jpg,2026-05-02T15:36:50.838391+06:00,AVAILABLE
04bfef62-097e-4218-a49b-9a6beebc7437,BLF 5336,COW,MALE_BULL,RED,LOCAL,['GRASS_GRAIN_FED'],2 Years,"[{'id': 'b433f321-b5dd-4ed0-95a3-b42e9714d844', 'image': 'https://uploads-master.aws.bengalmeat.com/media/cattle-image/2026/BLF_5336_2.jpg'}, {'id': '157c0314-44d2-4914-a476-a7ffeed01b0b', 'image': 'https://uploads-master.aws.bengalmeat.com/media/cattle-image/2026/BLF_5336_3.jpg'}, {'id': '3d318b12-cfc5-4f64-8c07-99718b1b7b30', 'image': 'https://uploads-master.aws.bengalmeat.com/media/cattle-image/2026/BLF_5336_4.jpg'}]",0.0,4 Months,2,0,42.2,YbvCaRbC7NE,335.0,217000.00,False,True,True,True,True,MINIMUM,https://uploads-master.aws.bengalmeat.com/media/cattle-thumbnail/2026/BLF_5336_1.jpg,2026-05-02T18:50:02.194633+06:00,AVAILABLE
0798a618-2796-464e-9f98-6ccfd0b61727,BLF 5120,COW,MALE_BULL,RED,LOCAL,['GRASS_GRAIN_FED'],2 Years,"[{'id': 'b95a542e-1df3-408b-8dfd-89ff62940112', 'image': 'https://uploads-master.aws.bengalmeat.com/media/cattle-image/2026/BLF_5120_2.jpg'}, {'id': 'b4708160-c209-4290-a4ab-2d6d519e8165', 'image': 'https://uploads-master.aws.bengalmeat.com/media/cattle-image/2026/BLF_5120_3.jpg'}, {'id': 'b109f883-da0f-4717-b58f-e8fa8d83a5a2', 'image': 'https://uploads-master.aws.bengalmeat.com/media/cattle-image/2026/BLF_5120_4.jpg'}]",0.0,9 Months,2,0,45.6,D_nx34HOu5Q,312.0,202000.00,False,True,True,True,True,MEDIUM,https://uploads-master.aws.bengalmeat.com/media/cattle-thumbnail/2026/BLF_5120_1.jpg,2026-04-30T12:33:39.639176+06:00,AVAILABLE
ba650f03-fd36-43db-9b70-913870ceb339,BLF 5134,COW,MALE_BULL,NON_RED,LOCAL,['GRASS_GRAIN_FED'],2 Years,"[{'id': '50550f0f-2aa6-4afd-a81e-50491c312948', 'image': 'https://uploads-master.aws.bengalmeat.com/media/cattle-image/2026/BLF_5134_2.jpg'}, {'id': '05a8130a-a3fd-4ea5-9863-31c2dd38cd75', 'image': 'https://uploads-master.aws.bengalmeat.com/media/cattle-image/2026/BLF_5134_3.jpg'}, {'id': '3920c708-babd-4cdf-bc55-c0767db0ecf3', 'image': 'https://uploads-master.aws.bengalmeat.com/media/cattle-image/2026/BLF_5134_4.jpg'}]",0.0,9 Months,2,0,43.2,6MB3J6yGWA8,290.0,189000.00,False,True,True,True,True,MINIMUM,https://uploads-master.aws.bengalmeat.com/media/cattle-thumbnail/2026/BLF_5134_1.jpg,2026-04-18T17:15:13.816639+06:00,ORDERED
3fcde168-4ca1-4692-84b2-f4cc96411c5c,BLF 5135,COW,MALE_BULL,RED,LOCAL,['GRASS_GRAIN_FED'],2.5 Years,"[{'id': 'abb2fd71-013b-456c-bd8d-bc4e3d8750a6', 'image': 'https://uploads-master.aws.bengalmeat.com/media/cattle-image/2026/BLF_5135_2.jpg'}, {'id': 'be0201cb-ff7a-446a-83d9-f69d61429ff7', 'image': 'https://uploads-master.aws.bengalmeat.com/media/cattle-image/2026/BLF_5135_3.jpg'}, {'id': '02db0a7c-da99-47ba-a5c0-79a184864c55', 'image': 'https://uploads-master.aws.bengalmeat.com/media/cattle-image/2026/BLF_5135_4.jpg'}]",0.0,12 Months,4,0,42.8,xS0AQHZ3ER8,285.0,186000.00,False,True,True,True,True,MINIMUM,https://uploads-master.aws.bengalmeat.com/media/cattle-thumbnail/2026/BLF_5135_1.jpg,2026-04-11T21:39:31.625666+06:00,ORDERED
45ce7f7b-c42e-4286-bd21-f6a21cc497c4,BLF 5121,COW,MALE_BULL,NON_RED,LOCAL,['GRASS_GRAIN_FED'],2 Years,"[{'id': '90ebfa30-3f5f-48f9-a0c4-c24b2b42110e', 'image': 'https://uploads-master.aws.bengalmeat.com/media/cattle-image/2026/BLF_5121_2.jpg'}, {'id': 'a3491d08-08e6-4934-b947-9a18826b751c', 'image': 'https://uploads-master.aws.bengalmeat.com/media/cattle-image/2026/BLF_5121_3.jpg'}, {'id': 'a428dd81-a74f-4a5b-be4b-9cf600564f69', 'image': 'https://uploads-master.aws.bengalmeat.com/media/cattle-image/2026/BLF_5121_4.jpg'}]",0.0,9 Months,2,0,39.1,WPWeDRASCfE,200.0,136000.00,False,True,True,True,True,MINIMUM,https://uploads-master.aws.bengalmeat.com/media/cattle-thumbnail/2026/BLF_5121_1.jpg,2026-04-18T17:13:55.405445+06:00,ORDERED
f3c2a78c-af7c-45f2-827e-cc2c1dc34825,BLF 5109,COW,MALE_BULL,RED,SAHIWAL,['GRASS_FED_GRASS_FINISHED'],2.5 Years,"[{'id': '26dc5f7c-4940-4c7f-b7da-80a36a8f2436', 'image': 'https://uploads-master.aws.bengalmeat.com/media/cattle-image/2026/BLF_5109_2.jpg'}, {'id': '7bf6f48d-6004-4814-82d3-035143a61646', 'image': 'https://uploads-master.aws.bengalmeat.com/media/cattle-image/2026/BLF_5109_3.jpg'}, {'id': 'a79c436c-55d6-474a-944e-9e1a7a35c24b', 'image': 'https://uploads-master.aws.bengalmeat.com/media/cattle-image/2026/BLF_5109_4.jpg'}]",0.0,,4,0,45.0,Y7ItC2jdL-k,300.0,29500.00,False,True,True,True,True,MEDIUM,https://uploads-master.aws.bengalmeat.com/media/cattle-thumbnail/2026/BLF_5109_1.jpg,2026-04-11T21:01:34.742871+06:00,SHARED_ORDERED
c13d4f48-1b64-45a8-a0e6-eb50e9939317,BLF 5337,COW,MALE_BULL,RED,LOCAL,['GRASS_GRAIN_FED'],2 Years,"[{'id': '9d6d7519-d590-4efe-823f-c98c2f62190c', 'image': 'https://uploads-master.aws.bengalmeat.com/media/cattle-image/2026/BLF_5337_2.jpg'}, {'id': 'e13aac7d-0be8-43e1-ac4f-536e5ed864db', 'image': 'https://uploads-master.aws.bengalmeat.com/media/cattle-image/2026/BLF_5337_3.jpg'}, {'id': '3390f556-b8c9-4648-bef5-cf66bcf4b9f9', 'image': 'https://uploads-master.aws.bengalmeat.com/media/cattle-image/2026/BLF_5337_4.jpg'}]",0.0,4 Months,2,0,49.6,c9sQqPlBsQU,354.0,228000.00,False,True,True,True,True,MEDIUM,https://uploads-master.aws.bengalmeat.com/media/cattle-thumbnail/2026/BLF_5337_1.jpg,2026-05-02T18:51:26.388083+06:00,AVAILABLE
4b17c258-5a58-41f7-81b3-db1d523b3230,BLF 5280,COW,MALE_BULL,NON_RED,LOCAL,['GRASS_GRAIN_FED'],2.5 Years,"[{'id': '0bd6019f-7118-467a-994f-0d77c53c706a', 'image': 'https://uploads-master.aws.bengalmeat.com/media/cattle-image/2026/BLF_5280_2.jpg'}, {'id': 'c6a85466-64d7-4660-b0a0-48ecd6739827', 'image': 'https://uploads-master.aws.bengalmeat.com/media/cattle-image/2026/BLF_5280_3.jpg'}, {'id': '5e4bfca4-3869-43c1-be5c-1206f2116d06', 'image': 'https://uploads-master.aws.bengalmeat.com/media/cattle-image/2026/BLF_5280_4.jpg'}]",0.0,6 Months,4,0,46.8,mdBHdxUE9cA,362.0,233000.00,False,True,True,True,True,MEDIUM,https://uploads-master.aws.bengalmeat.com/media/cattle-thumbnail/2026/BLF_5280_1.jpg,2026-04-21T12:37:05.735880+06:00,AVAILABLE
e83ce5a3-e63d-4ce9-8ba1-9389bc3e2db6,BLF 5041,COW,MALE_BULL,RED,SAHIWAL,['GRASS_GRAIN_FED'],2.5 Years,"[{'id': '94755b22-809b-4de9-a1a8-e9a41ff59ef9', 'image': 'https://uploads-master.aws.bengalmeat.com/media/cattle-image/2026/BLF_5041_2.jpg'}, {'id': '370060e6-9c7b-41cb-bf39-b47a8eca4392', 'image': 'https://uploads-master.aws.bengalmeat.com/media/cattle-image/2026/BLF_5041_3.jpg'}, {'id': '6a8848b7-d62c-4e96-b2ff-349e0f711066', 'image': 'https://uploads-master.aws.bengalmeat.com/media/cattle-image/2026/BLF_5041_4.jpg'}]",0.0,12 Months,4,0,45.6,60vvgZ_9GMo,338.0,217000.00,False,True,True,True,True,MEDIUM,https://uploads-master.aws.bengalmeat.com/media/cattle-thumbnail/2026/BLF_5041_1.jpg,2026-04-13T09:31:34.607745+06:00,AVAILABLE
59a94f00-a869-461a-b52d-ab59c0d74139,BLF 5055,COW,MALE_BULL,NON_RED,LOCAL,['GRASS_FED_GRASS_FINISHED'],2 Years,"[{'id': 'd27c9bc4-746b-470c-9c17-1242687f964f', 'image': 'https://uploads-master.aws.bengalmeat.com/media/cattle-image/2026/BLF_5055_2.jpg'}, {'id': '7c920b48-1a33-42da-96bf-82f6928082b0', 'image': 'https://uploads-master.aws.bengalmeat.com/media/cattle-image/2026/BLF_5055_3.jpg'}, {'id': '051ccb50-7f82-456b-a353-75be390d8fbd', 'image': 'https://uploads-master.aws.bengalmeat.com/media/cattle-image/2026/BLF_5055_4.jpg'}]",0.0,12 Months,2,0,42.8,Ai4Ff8OQKWU,300.0,29000.00,False,True,True,True,True,MINIMUM,https://uploads-master.aws.bengalmeat.com/media/cattle-thumbnail/2026/BLF_5055_1.jpg,2026-04-13T11:37:23.012220+06:00,SHARED_ORDERED
7290e250-5642-437b-8561-87405f36f72d,BLF 5082,COW,MALE_BULL,NON_RED,LOCAL,['GRASS_GRAIN_FED'],2 Years,"[{'id': '8047eb46-e933-4cda-aa0b-613f264d7b62', 'image': 'https://uploads-master.aws.bengalmeat.com/media/cattle-image/2026/BLF_5082_2.jpg'}, {'id': '32a4a33e-e49c-48a1-8857-07fbd7ae2cc6', 'image': 'https://uploads-master.aws.bengalmeat.com/media/cattle-image/2026/BLF_5082_3.jpg'}, {'id': 'd3da4ad2-c7e5-42a8-b88d-b0d550051a3e', 'image': 'https://uploads-master.aws.bengalmeat.com/media/cattle-image/2026/BLF_5082_4.jpg'}]",0.0,12 Months,2,0,39.1,6FGzO7z6DqU,265.0,174000.00,False,True,True,True,True,MINIMUM,https://uploads-master.aws.bengalmeat.com/media/cattle-thumbnail/2026/BLF_5082_1.jpg,2026-04-11T20:06:34.626921+06:00,AVAILABLE
4e65861c-f1b0-4500-ade2-6595b5cc6ecb,BLF 5096,COW,MALE_BULL,NON_RED,LOCAL,['GRASS_FED_GRASS_FINISHED'],2 Years,"[{'id': '68aaa13d-0647-47b2-81f9-10da0af71152', 'image': 'https://uploads-master.aws.bengalmeat.com/media/cattle-image/2026/BLF_5096_2.jpg'}, {'id': 'eb61694f-3342-4b26-a4bc-f6db0d1f155f', 'image': 'https://uploads-master.aws.bengalmeat.com/media/cattle-image/2026/BLF_5096_3.jpg'}, {'id': '068047f5-ded7-4de1-9d16-9d7bc1ded894', 'image': 'https://uploads-master.aws.bengalmeat.com/media/cattle-image/2026/BLF_5096_4.jpg'}]",0.0,12 Months,2,0,43.1,Y4z2vI-Ws74,305.0,29500.00,False,True,True,True,True,MINIMUM,https://uploads-master.aws.bengalmeat.com/media/cattle-thumbnail/2026/BLF_5096_1.jpg,2026-04-11T20:31:33.390943+06:00,SHARED_ORDERED
6811f0a1-0c4a-4270-bd52-f454f8db31fb,BLF 5032,COW,MALE_BULL,RED,LOCAL,['GRASS_GRAIN_FED'],2 Years,"[{'id': '9468108d-0de1-4ed3-830f-329fdf08a661', 'image': 'https://uploads-master.aws.bengalmeat.com/media/cattle-image/2026/BLF_5032_2.jpg'}, {'id': 'ff38ed49-ddf5-4149-9dd3-d2151a46fcb5', 'image': 'https://uploads-master.aws.bengalmeat.com/media/cattle-image/2026/BLF_5032_3.jpg'}, {'id': '056690c4-7f26-42d9-946d-4dd67f6b68dd', 'image': 'https://uploads-master.aws.bengalmeat.com/media/cattle-image/2026/BLF_5032_4.jpg'}]",0.0,12 Months,2,0,40.8,VY0gzLcxCL0,243.0,160000.00,True,True,True,True,True,MINIMUM,https://uploads-master.aws.bengalmeat.com/media/cattle-thumbnail/2026/BLF_5032_1.jpg,2026-04-13T09:14:37.678508+06:00,ORDERED
46e0f3c7-1580-422a-82fa-b972ddaa8095,BLF 5230,COW,MALE_BULL,NON_RED,LOCAL,['GRASS_GRAIN_FED'],2 Years,"[{'id': 'a373cf40-efd3-4275-9177-a31806de629a', 'image': 'https://uploads-master.aws.bengalmeat.com/media/cattle-image/2026/BLF_5230_2.jpg'}, {'id': '3c707331-42a4-4500-b0ca-810f791d5b12', 'image': 'https://uploads-master.aws.bengalmeat.com/media/cattle-image/2026/BLF_5230_3.jpg'}, {'id': 'ad4346fa-9f12-49ee-b6c0-3780dbfd5dbe', 'image': 'https://uploads-master.aws.bengalmeat.com/media/cattle-image/2026/BLF_5230_4.jpg'}]",0.0,6 Months,2,0,42.9,mM2qO7xN52c,217.0,145000.00,False,True,True,True,True,MINIMUM,https://uploads-master.aws.bengalmeat.com/media/cattle-thumbnail/2026/BLF_5230_1.jpg,2026-04-19T14:58:34.142593+06:00,ORDERED
17cf7908-da99-47b6-8f66-fdc1cd1c94f6,BLF 5224,COW,MALE_BULL,NON_RED,LOCAL,['GRASS_GRAIN_FED'],2 Years,"[{'id': '6ca4a7a4-e169-4a1d-afcb-78a32af6b8d0', 'image': 'https://uploads-master.aws.bengalmeat.com/media/cattle-image/2026/BLF_5224_2.jpg'}, {'id': 'b42e8361-d2a6-4b9c-a734-01a28ab9d35f', 'image': 'https://uploads-master.aws.bengalmeat.com/media/cattle-image/2026/BLF_5224_3.jpg'}, {'id': 'ce136a46-8e57-4746-ae0a-d195d05a517a', 'image': 'https://uploads-master.aws.bengalmeat.com/media/cattle-image/2026/BLF_5224_4.jpg'}]",0.0,6 Months,2,0,42.0,lr2AsJ_tydY,212.0,142000.00,False,True,True,True,True,MINIMUM,https://uploads-master.aws.bengalmeat.com/media/cattle-thumbnail/2026/BLF_5224_1.jpg,2026-04-19T14:44:37.714671+06:00,ORDERED
d0e83d1d-e3fb-4e1e-89a4-5d443cc83139,BLF 5218,COW,MALE_BULL,RED,LOCAL,['GRASS_GRAIN_FED'],2 Years,"[{'id': '09a4560b-9451-4428-b28d-1617e002f63f', 'image': 'https://uploads-master.aws.bengalmeat.com/media/cattle-image/2026/BLF_5218_2.jpg'}, {'id': '1b009ec6-77d3-40b6-980b-7a25308ca81c', 'image': 'https://uploads-master.aws.bengalmeat.com/media/cattle-image/2026/BLF_5218_3.jpg'}, {'id': '0fe545a4-49db-42a3-9591-4e5e795ed790', 'image': 'https://uploads-master.aws.bengalmeat.com/media/cattle-image/2026/BLF_5218_4.jpg'}]",0.0,6 Months,2,0,41.0,YQnJ99pXmEE,250.0,164000.00,False,True,True,True,True,MINIMUM,https://uploads-master.aws.bengalmeat.com/media/cattle-thumbnail/2026/BLF_5218_1.jpg,2026-04-19T12:54:04.408781+06:00,AVAILABLE
68c25526-c278-494b-817a-419a228b26e5,BLF 5191,COW,MALE_BULL,RED,LOCAL,['GRASS_GRAIN_FED'],2 Years,"[{'id': '289cfd1b-1236-4ebd-8c1e-267034cc26c9', 'image': 'https://uploads-master.aws.bengalmeat.com/media/cattle-image/2026/BLF_5191_2.jpg'}, {'id': 'add3a8b1-9eac-489a-a9e2-083940068e94', 'image': 'https://uploads-master.aws.bengalmeat.com/media/cattle-image/2026/BLF_5191_3.jpg'}, {'id': 'eac131a7-75bb-4059-9afc-010908c798b6', 'image': 'https://uploads-master.aws.bengalmeat.com/media/cattle-image/2026/BLF_5191_4.jpg'}]",0.0,9 Months,2,0,40.0,XWem97F_l9A,204.0,137000.00,False,True,True,True,True,MINIMUM,https://uploads-master.aws.bengalmeat.com/media/cattle-thumbnail/2026/BLF_5191_1.jpg,2026-04-15T14:47:39.193178+06:00,ORDERED
e039c766-f7b5-45a0-a531-8f9ab759cefa,BLF 5146,COW,MALE_BULL,RED,LOCAL,['GRASS_GRAIN_FED'],2 Years,"[{'id': '9dc137d2-f9dd-4b4f-ad68-c64950bf7129', 'image': 'https://uploads-master.aws.bengalmeat.com/media/cattle-image/2026/BLF_5146_2.jpg'}, {'id': '16b89f3e-de83-4d10-8015-4ed5da9d3010', 'image': 'https://uploads-master.aws.bengalmeat.com/media/cattle-image/2026/BLF_5146_3.jpg'}, {'id': 'f466fbba-d506-4386-881a-b5aa1a84934e', 'image': 'https://uploads-master.aws.bengalmeat.com/media/cattle-image/2026/BLF_5146_4.jpg'}]",0.0,12 Months,2,0,41.0,asCEevMp5Z4,210.0,141000.00,False,True,True,True,True,MEDIUM,https://uploads-master.aws.bengalmeat.com/media/cattle-thumbnail/2026/BLF_5146_1.jpg,2026-04-11T22:11:24.878639+06:00,ORDERED
616bfc33-334e-4902-b835-e174807b746a,BLF 5152,COW,MALE_BULL,NON_RED,LOCAL,['GRASS_GRAIN_FED'],2 Years,"[{'id': 'caa243b7-7103-4a29-a595-1351d82f0975', 'image': 'https://uploads-master.aws.bengalmeat.com/media/cattle-image/2026/BLF_5152_2.jpg'}, {'id': '9003c9e5-7d33-4301-ab06-94bd4c945095', 'image': 'https://uploads-master.aws.bengalmeat.com/media/cattle-image/2026/BLF_5152_3.jpg'}, {'id': '7149e14d-adb0-4b4d-9a5a-7e686ba3a2cb', 'image': 'https://uploads-master.aws.bengalmeat.com/media/cattle-image/2026/BLF_5152_4.jpg'}]",0.0,9 Months,2,0,38.0,1SKfzoz3MO8,192.0,129000.00,False,True,True,True,True,MINIMUM,https://uploads-master.aws.bengalmeat.com/media/cattle-thumbnail/2026/BLF_5152_1.jpg,2026-04-11T22:18:25.655792+06:00,ORDERED
aa5093eb-3093-4cda-8fb0-1d777a69182c,BLF 5153,COW,MALE_BULL,NON_RED,LOCAL,['GRASS_GRAIN_FED'],2 Years,"[{'id': '5d3ec67c-1ee3-43a1-a9dc-aa5a4b49bbbc', 'image': 'https://uploads-master.aws.bengalmeat.com/media/cattle-image/2026/BLF_5153_2.jpg'}, {'id': '6ad4a7b5-028d-49a8-b08c-94fab70eee7c', 'image': 'https://uploads-master.aws.bengalmeat.com/media/cattle-image/2026/BLF_5153_3.jpg'}, {'id': '50f0fa6c-0cc4-4952-9ea0-e486bcce9206', 'image': 'https://uploads-master.aws.bengalmeat.com/media/cattle-image/2026/BLF_5153_4.jpg'}]",0.0,12 Months,2,0,39.0,0f9wBbQorok,210.0,141000.00,False,True,True,True,True,MEDIUM,https://uploads-master.aws.bengalmeat.com/media/cattle-thumbnail/2026/BLF_5153_1.jpg,2026-04-11T22:20:03.299695+06:00,ORDERED
7e7b821a-0277-4199-a706-e46cbe75fe1a,BLF 5147,COW,MALE_BULL,RED,LOCAL,['GRASS_GRAIN_FED'],2.5 Years,"[{'id': '81c8bcaa-afcd-43af-9edb-2cd35b87336d', 'image': 'https://uploads-master.aws.bengalmeat.com/media/cattle-image/2026/BLF_5147_2.jpg'}, {'id': 'a00261b3-2492-4909-8265-488105c84a9e', 'image': 'https://uploads-master.aws.bengalmeat.com/media/cattle-image/2026/BLF_5147_3.jpg'}, {'id': '5473698d-006e-4063-bd5c-9513a4cfb16d', 'image': 'https://uploads-master.aws.bengalmeat.com/media/cattle-image/2026/BLF_5147_4.jpg'}]",0.0,12 Months,4,0,39.0,HbnAWHs_Mek,222.0,148000.00,False,True,True,True,True,MINIMUM,https://uploads-master.aws.bengalmeat.com/media/cattle-thumbnail/2026/BLF_5147_1.jpg,2026-04-11T22:13:06.105355+06:00,ORDERED
49408604-cf08-47b7-b0a1-4a5cbf57911a,BLF 5190,COW,MALE_BULL,NON_RED,LOCAL,['GRASS_GRAIN_FED'],2 Years,"[{'id': '49d83952-9bcf-4b40-8e46-490ab17d1cb1', 'image': 'https://uploads-master.aws.bengalmeat.com/media/cattle-image/2026/BLF_5190_2.jpg'}, {'id': 'a6ca7788-8053-4a81-8be8-9390e26180e3', 'image': 'https://uploads-master.aws.bengalmeat.com/media/cattle-image/2026/BLF_5190_3.jpg'}, {'id': 'bec9d027-e7d0-491e-a6af-2fe467a402ab', 'image': 'https://uploads-master.aws.bengalmeat.com/media/cattle-image/2026/BLF_5190_4.jpg'}]",0.0,9 Months,2,0,42.8,pFmoRs12IsM,240.0,158000.00,False,True,True,True,True,MINIMUM,https://uploads-master.aws.bengalmeat.com/media/cattle-thumbnail/2026/BLF_5190_1.jpg,2026-04-15T15:03:00.249885+06:00,AVAILABLE
2706a889-150f-4585-b749-386abdc02bf9,BLF 5184,COW,MALE_BULL,NON_RED,LOCAL,['GRASS_GRAIN_FED'],2.5 Years,"[{'id': '125bc1c2-0dca-4ea8-827d-19099585c726', 'image': 'https://uploads-master.aws.bengalmeat.com/media/cattle-image/2026/BLF_5184_2.jpg'}, {'id': '4117f2f7-67b0-4dca-9c74-e626cae69f24', 'image': 'https://uploads-master.aws.bengalmeat.com/media/cattle-image/2026/BLF_5184_3.jpg'}, {'id': '12d04f5f-ddbb-4d66-8f0d-184604112842', 'image': 'https://uploads-master.aws.bengalmeat.com/media/cattle-image/2026/BLF_5184_4.jpg'}]",0.0,9 Months,4,0,40.3,huqAOYXUHj4,237.0,156000.00,False,True,True,True,True,MINIMUM,https://uploads-master.aws.bengalmeat.com/media/cattle-thumbnail/2026/BLF_5184_1.jpg,2026-04-15T14:39:16.561545+06:00,AVAILABLE
4c6568f5-fabc-4f1d-b38d-bb73e811c76b,BLF 5219,COW,MALE_BULL,NON_RED,LOCAL,['GRASS_GRAIN_FED'],2.5 Years,"[{'id': '2d370af1-1166-401c-a02e-39a5e712eb61', 'image': 'https://uploads-master.aws.bengalmeat.com/media/cattle-image/2026/BLF_5219_2.jpg'}, {'id': '3f0c6193-9bba-4dbe-b24c-543ad4f831f2', 'image': 'https://uploads-master.aws.bengalmeat.com/media/cattle-image/2026/BLF_5219_3.jpg'}, {'id': 'c5c5b292-ffdf-411b-b561-32280fc14ae1', 'image': 'https://uploads-master.aws.bengalmeat.com/media/cattle-image/2026/BLF_5219_4.jpg'}]",0.0,6 Months,4,0,37.7,3EJdqWYwrjw,230.0,151000.00,False,True,True,True,True,MINIMUM,https://uploads-master.aws.bengalmeat.com/media/cattle-thumbnail/2026/BLF_5219_1.jpg,2026-04-19T12:55:42.307118+06:00,AVAILABLE
6ce89df5-3d7a-450a-a478-206ca8a2eab6,BLF 5225,COW,MALE_BULL,RED,RED_CHITTAGONG,['GRASS_GRAIN_FED'],2 Years,"[{'id': 'd8781863-4934-4fca-8d80-77b2071a4af7', 'image': 'https://uploads-master.aws.bengalmeat.com/media/cattle-image/2026/BLF_5225_2.jpg'}, {'id': '253b9034-8268-473f-afb7-937e69a92b5b', 'image': 'https://uploads-master.aws.bengalmeat.com/media/cattle-image/2026/BLF_5225_3.jpg'}, {'id': '9b3cc141-85af-4235-8d09-2125f3271f2d', 'image': 'https://uploads-master.aws.bengalmeat.com/media/cattle-image/2026/BLF_5225_4.jpg'}]",0.0,6 Months,2,0,37.0,8xINLZAwBYY,201.0,136000.00,False,True,True,True,True,MINIMUM,https://uploads-master.aws.bengalmeat.com/media/cattle-thumbnail/2026/BLF_5225_1.jpg,2026-04-19T14:45:50.230403+06:00,ORDERED
52d157c8-df4a-4ca7-afac-ae028845c76a,BLF 5033,COW,MALE_BULL,NON_RED,LOCAL,['GRASS_GRAIN_FED'],2 Years,"[{'id': '981fca8f-ffa1-49a6-b472-25d26984c5d8', 'image': 'https://uploads-master.aws.bengalmeat.com/media/cattle-image/2026/BLF_5033_2.jpg'}, {'id': '96c3a03c-0f27-4511-94ef-f5b35628dde6', 'image': 'https://uploads-master.aws.bengalmeat.com/media/cattle-image/2026/BLF_5033_3.jpg'}, {'id': '08674660-4686-4d13-9d21-1b37c52326f0', 'image': 'https://uploads-master.aws.bengalmeat.com/media/cattle-image/2026/BLF_5033_4.jpg'}]",0.0,12 Months,2,0,39.0,3LY0TSWtkTc,232.0,153000.00,True,True,True,True,True,MINIMUM,https://uploads-master.aws.bengalmeat.com/media/cattle-thumbnail/2026/BLF_5033_1.jpg,2026-04-13T09:17:15.346934+06:00,ORDERED
ad6d9eda-48c2-4460-816d-1b510b07f3f2,BLF 5025,COW,MALE_BULL,NON_RED,LOCAL,['GRASS_GRAIN_FED'],2 Years,"[{'id': '3f7e02b0-9a06-4b4c-8b8d-5aed1645117b', 'image': 'https://uploads-master.aws.bengalmeat.com/media/cattle-image/2026/BLF_5025_2.jpg'}, {'id': 'ee915e6c-af23-4d93-85d2-86fbbb0e88c8', 'image': 'https://uploads-master.aws.bengalmeat.com/media/cattle-image/2026/BLF_5025_3.jpg'}, {'id': '5165dadd-f6c4-4999-889c-ab9de1905754', 'image': 'https://uploads-master.aws.bengalmeat.com/media/cattle-image/2026/BLF_5025_4.jpg'}]",0.0,12 Months,2,0,42.0,Uw1QoUWn4F0,285.0,186000.00,False,True,True,True,True,MINIMUM,https://uploads-master.aws.bengalmeat.com/media/cattle-thumbnail/2026/BLF_5025_1.jpg,2026-04-12T16:59:56.406414+06:00,AVAILABLE
c1bc366d-ce28-43e3-8e77-4bf556366132,BLF 5031,COW,MALE_BULL,RED,LOCAL,['GRASS_GRAIN_FED'],2.5 Years,"[{'id': '16ad486c-6469-4e75-b099-26c5284b847d', 'image': 'https://uploads-master.aws.bengalmeat.com/media/cattle-image/2026/BLF_5031_2.jpg'}, {'id': '9863a60b-b55b-4194-91bd-1765935c58fa', 'image': 'https://uploads-master.aws.bengalmeat.com/media/cattle-image/2026/BLF_5031_3.jpg'}, {'id': '838ce0d4-9250-4a28-9f2a-6a34d02fe5c9', 'image': 'https://uploads-master.aws.bengalmeat.com/media/cattle-image/2026/BLF_5031_4.jpg'}]",0.0,12 Months,4,0,40.6,tsMG8cheGPA,240.0,158000.00,False,True,True,True,True,MINIMUM,https://uploads-master.aws.bengalmeat.com/media/cattle-thumbnail/2026/BLF_5031_1.jpg,2026-04-13T09:13:16.251020+06:00,ORDERED
e932d625-b14d-46be-86fc-2036f49672fd,BLF 5019,COW,MALE_BULL,NON_RED,LOCAL,['GRASS_GRAIN_FED'],2 Years,"[{'id': 'cf8a2371-5257-4674-bf48-978f8898aa19', 'image': 'https://uploads-master.aws.bengalmeat.com/media/cattle-image/2026/BLF_5019_2.jpg'}, {'id': '09648f5d-9bb5-4cc9-82a9-84ad3cd483a0', 'image': 'https://uploads-master.aws.bengalmeat.com/media/cattle-image/2026/BLF_5019_3.jpg'}, {'id': '9fedb8e2-6560-4741-9927-e35bdbfa6ea4', 'image': 'https://uploads-master.aws.bengalmeat.com/media/cattle-image/2026/BLF_5019_4.jpg'}]",0.0,12 Months,2,0,39.0,F99XB59-BBg,220.0,148000.00,False,True,True,True,True,MINIMUM,https://uploads-master.aws.bengalmeat.com/media/cattle-thumbnail/2026/BLF_5019_1.jpg,2026-04-12T16:48:21.358023+06:00,ORDERED
c8233069-9b2f-45b7-a0ee-72509c066301,BLF 5233,COW,MALE_BULL,RED,LOCAL,['GRASS_GRAIN_FED'],2 Years,"[{'id': 'c23efcc1-37a2-483a-97ab-4840f95b9a51', 'image': 'https://uploads-master.aws.bengalmeat.com/media/cattle-image/2026/BLF_5233_2.jpg'}, {'id': '4e126d57-093b-4962-ac70-46b19764228e', 'image': 'https://uploads-master.aws.bengalmeat.com/media/cattle-image/2026/BLF_5233_3.jpg'}, {'id': '4f9fc303-a752-4806-b6c9-7d91d8792264', 'image': 'https://uploads-master.aws.bengalmeat.com/media/cattle-image/2026/BLF_5233_4.jpg'}]",0.0,6 Months,2,0,42.8,ojgarpxBPX8,238.0,157000.00,False,True,True,True,True,MINIMUM,https://uploads-master.aws.bengalmeat.com/media/cattle-thumbnail/2026/BLF_5233_1.jpg,2026-04-20T09:47:33.316962+06:00,ORDERED
e1a83a0e-6712-4dec-9b1c-56f050d26172,BLF 5347,COW,MALE_BULL,NON_RED,LOCAL,['GRASS_GRAIN_FED'],2 Years,"[{'id': 'f7e2541d-3a9f-4af0-ab23-7b82123ad0ac', 'image': 'https://uploads-master.aws.bengalmeat.com/media/cattle-image/2026/BLF_5347_2.jpg'}, {'id': 'b56f9405-b7a8-42f0-a29c-ae8e6e0f66b0', 'image': 'https://uploads-master.aws.bengalmeat.com/media/cattle-image/2026/BLF_5347_3.jpg'}, {'id': 'ec074846-281c-4628-bd44-83f30dfa15d1', 'image': 'https://uploads-master.aws.bengalmeat.com/media/cattle-image/2026/BLF_5347_4.jpg'}]",0.0,4 Months,2,0,45.6,bIP_Hl1FEYE,350.0,226000.00,False,True,True,True,True,MEDIUM,https://uploads-master.aws.bengalmeat.com/media/cattle-thumbnail/2026/BLF_5347_1.jpg,2026-05-02T18:55:16.967778+06:00,AVAILABLE
09adf1be-5859-4b4e-b8f2-c0a23f13f50c,BLF 5192,COW,MALE_BULL,RED,LOCAL,['GRASS_GRAIN_FED'],2 Years,"[{'id': '782eaa5d-a160-4a38-a0ce-cf1a2c79fe0a', 'image': 'https://uploads-master.aws.bengalmeat.com/media/cattle-image/2026/BLF_5192_2.jpg'}, {'id': '6067eafd-b2e9-427c-8ee0-d3419a84352d', 'image': 'https://uploads-master.aws.bengalmeat.com/media/cattle-image/2026/BLF_5192_3.jpg'}, {'id': 'a0e3103c-9ef4-418b-a2bd-f0670375838b', 'image': 'https://uploads-master.aws.bengalmeat.com/media/cattle-image/2026/BLF_5192_4.jpg'}]",0.0,9 Months,2,0,41.6,G6voGTUtZRw,243.0,160000.00,False,True,True,True,True,MINIMUM,https://uploads-master.aws.bengalmeat.com/media/cattle-thumbnail/2026/BLF_5192_1.jpg,2026-04-15T14:48:58.437212+06:00,AVAILABLE
499c9e80-4850-4211-97d7-99ee4c8bafa9,BLF 5186,COW,MALE_BULL,NON_RED,LOCAL,['GRASS_GRAIN_FED'],3 Years,"[{'id': '9c1e56f5-be8c-474e-b1be-714c2a95481b', 'image': 'https://uploads-master.aws.bengalmeat.com/media/cattle-image/2026/BLF_5186_2.jpg'}, {'id': 'b469a6b7-5ebe-4598-b691-d4fecbfaac57', 'image': 'https://uploads-master.aws.bengalmeat.com/media/cattle-image/2026/BLF_5186_3.jpg'}, {'id': '834c2bd2-64b0-4d0b-9cbe-ce2e66a6232c', 'image': 'https://uploads-master.aws.bengalmeat.com/media/cattle-image/2026/BLF_5186_4.jpg'}]",0.0,9 Months,6,0,40.3,ULxD1HfEO_0,218.0,146000.00,False,True,True,True,True,MINIMUM,https://uploads-master.aws.bengalmeat.com/media/cattle-thumbnail/2026/BLF_5186_1.jpg,2026-04-15T14:41:06.138459+06:00,ORDERED
499f1cc8-eec8-4fa4-a675-c7989bae964e,BLF 5151,COW,MALE_BULL,NON_RED,LOCAL,['GRASS_GRAIN_FED'],2.5 Years,"[{'id': '9b0e9416-f656-4635-9d40-02d5d82d488d', 'image': 'https://uploads-master.aws.bengalmeat.com/media/cattle-image/2026/BLF_5151_2.jpg'}, {'id': '11385dd2-a3ae-4ce4-a85a-63758ef84dac', 'image': 'https://uploads-master.aws.bengalmeat.com/media/cattle-image/2026/BLF_5151_3.jpg'}, {'id': '014d80cd-d975-491d-bf3d-53c887cf94ab', 'image': 'https://uploads-master.aws.bengalmeat.com/media/cattle-image/2026/BLF_5151_4.jpg'}]",0.0,9 Months,4,0,39.1,Def-8OTDEY0,212.0,141000.00,False,True,True,True,True,MINIMUM,https://uploads-master.aws.bengalmeat.com/media/cattle-thumbnail/2026/BLF_5151_1.jpg,2026-04-18T17:16:54.576167+06:00,ORDERED
df02abd3-1079-4526-a713-81ad6c2c267e,BLF 5145,COW,MALE_BULL,NON_RED,LOCAL,['GRASS_GRAIN_FED'],2 Years,"[{'id': 'c6248f9d-c7c9-4cf6-9319-d5dc31938181', 'image': 'https://uploads-master.aws.bengalmeat.com/media/cattle-image/2026/BLF_5145_2.jpg'}, {'id': '34231476-de83-4931-b362-26436cfc33c7', 'image': 'https://uploads-master.aws.bengalmeat.com/media/cattle-image/2026/BLF_5145_3.jpg'}, {'id': 'b0817c7c-010f-451e-a312-6014a0cd7769', 'image': 'https://uploads-master.aws.bengalmeat.com/media/cattle-image/2026/BLF_5145_4.jpg'}]",0.0,12 Months,2,0,39.0,vIiZOrdabxM,216.0,145000.00,False,True,True,True,True,MEDIUM,https://uploads-master.aws.bengalmeat.com/media/cattle-thumbnail/2026/BLF_5145_1.jpg,2026-04-11T22:09:39.315338+06:00,ORDERED
4c9273a7-e6f6-4c3c-abc0-d0edc68b4022,BLF 5178,COW,MALE_BULL,RED,LOCAL,['GRASS_GRAIN_FED'],2 Years,"[{'id': 'ca3b3e8e-7503-42ac-9634-f127d6b2f19e', 'image': 'https://uploads-master.aws.bengalmeat.com/media/cattle-image/2026/BLF_5178_2.jpg'}, {'id': '9596c6ba-0562-4667-a492-739e0874f74e', 'image': 'https://uploads-master.aws.bengalmeat.com/media/cattle-image/2026/BLF_5178_3.jpg'}, {'id': 'a59ad071-c510-4f55-8cda-dbf928c0638e', 'image': 'https://uploads-master.aws.bengalmeat.com/media/cattle-image/2026/BLF_5178_4.jpg'}]",0.0,9 Months,2,0,40.0,uYXYCaHnmko,237.0,156000.00,False,True,True,True,True,MINIMUM,https://uploads-master.aws.bengalmeat.com/media/cattle-thumbnail/2026/BLF_5178_1.jpg,2026-04-15T14:29:41.387360+06:00,ORDERED
6345faa8-38ba-4b03-a409-190763cc704f,BLF 5144,COW,MALE_BULL,NON_RED,LOCAL,['GRASS_GRAIN_FED'],2 Years,"[{'id': '0a8077ea-2a89-484c-a1cc-f1029bdb1ff4', 'image': 'https://uploads-master.aws.bengalmeat.com/media/cattle-image/2026/BLF_5144_2.jpg'}, {'id': '4f3f83be-3bbb-4db5-aaeb-7054c55d3ff8', 'image': 'https://uploads-master.aws.bengalmeat.com/media/cattle-image/2026/BLF_5144_3.jpg'}, {'id': '4eba26df-eaaf-42ab-b1e7-64b9ddd0d86b', 'image': 'https://uploads-master.aws.bengalmeat.com/media/cattle-image/2026/BLF_5144_4.jpg'}]",0.0,9 Months,2,0,39.0,BDm5dhdsQ14,200.0,135000.00,False,True,True,True,True,MINIMUM,https://uploads-master.aws.bengalmeat.com/media/cattle-thumbnail/2026/BLF_5144_1.jpg,2026-04-11T22:08:12.901916+06:00,AVAILABLE
4243273b-bcd3-4cb9-be09-6d80e54753e2,BLF 5150,COW,MALE_BULL,RED,RED_CHITTAGONG,['GRASS_GRAIN_FED'],2 Years,"[{'id': '21ef4bde-719e-4664-ba38-43cf67268c0e', 'image': 'https://uploads-master.aws.bengalmeat.com/media/cattle-image/2026/BLF_5150_2.jpg'}, {'id': '9f64a8f7-9b91-4691-b375-5f8c88fa528a', 'image': 'https://uploads-master.aws.bengalmeat.com/media/cattle-image/2026/BLF_5150_3.jpg'}, {'id': 'ab3a0979-2f8d-45b5-a915-4bda1858c9cb', 'image': 'https://uploads-master.aws.bengalmeat.com/media/cattle-image/2026/BLF_5150_4.jpg'}]",0.0,12 Months,2,0,39.0,-mTydemapl0,230.0,153000.00,False,True,True,True,True,MEDIUM,https://uploads-master.aws.bengalmeat.com/media/cattle-thumbnail/2026/BLF_5150_1.jpg,2026-04-11T22:16:41.568754+06:00,ORDERED
e00d46cb-e82d-4cac-8e38-8ff402307c6d,BLF 5232,COW,MALE_BULL,NON_RED,LOCAL,['GRASS_GRAIN_FED'],2 Years,"[{'id': '6410cc54-7a01-49be-813f-b7929bd7cdc3', 'image': 'https://uploads-master.aws.bengalmeat.com/media/cattle-image/2026/BLF_5232_2.jpg'}, {'id': '2b841fa6-ffe6-4825-8b35-fafb53868208', 'image': 'https://uploads-master.aws.bengalmeat.com/media/cattle-image/2026/BLF_5232_3.jpg'}, {'id': '9168fb3d-fc9f-4863-8155-4a705f221aeb', 'image': 'https://uploads-master.aws.bengalmeat.com/media/cattle-image/2026/BLF_5232_4.jpg'}]",0.0,6 Months,2,0,42.0,RmayTrkxhO8,238.0,157000.00,False,True,True,True,True,MINIMUM,https://uploads-master.aws.bengalmeat.com/media/cattle-thumbnail/2026/BLF_5232_1.jpg,2026-04-19T15:01:03.695648+06:00,ORDERED
b526c29d-6c54-4136-a0d3-8be2666a75fe,BLF 5226,COW,MALE_BULL,NON_RED,LOCAL,['GRASS_GRAIN_FED'],2 Years,"[{'id': '42bfb37e-f2a5-4f32-81d1-4101c6c84b97', 'image': 'https://uploads-master.aws.bengalmeat.com/media/cattle-image/2026/BLF_5226_2.jpg'}, {'id': 'fc619b7e-20af-4590-b545-b277c677ad9c', 'image': 'https://uploads-master.aws.bengalmeat.com/media/cattle-image/2026/BLF_5226_3.jpg'}, {'id': 'fe9d3ab9-0dc4-484a-9170-9839ab86e1ba', 'image': 'https://uploads-master.aws.bengalmeat.com/media/cattle-image/2026/BLF_5226_4.jpg'}]",0.0,6 Months,2,0,41.5,4cSPJ9rKoFE,252.0,165000.00,False,True,True,True,True,MINIMUM,https://uploads-master.aws.bengalmeat.com/media/cattle-thumbnail/2026/BLF_5226_1.jpg,2026-04-19T14:47:12.172197+06:00,AVAILABLE
4c6aa984-9d06-4bf5-a911-0db2cc701739,BLF 5018,COW,MALE_BULL,RED,RED_CHITTAGONG,['GRASS_GRAIN_FED'],2 Years,"[{'id': 'c8d4e06b-2ffe-43ed-90ff-d262983b3f0d', 'image': 'https://uploads-master.aws.bengalmeat.com/media/cattle-image/2026/BLF_5018_2.jpg'}, {'id': 'e4a96564-96a5-4cfc-866d-1df3a69f2b57', 'image': 'https://uploads-master.aws.bengalmeat.com/media/cattle-image/2026/BLF_5018_3.jpg'}, {'id': '830e258e-372a-40f7-8080-611a852ce514', 'image': 'https://uploads-master.aws.bengalmeat.com/media/cattle-image/2026/BLF_5018_4.jpg'}]",0.0,12 Months,2,0,41.0,gK-S6S0SoQs,218.0,148000.00,False,True,True,True,True,MINIMUM,https://uploads-master.aws.bengalmeat.com/media/cattle-thumbnail/2026/BLF_5018_1.jpg,2026-04-12T16:47:10.721353+06:00,ORDERED
51f521cf-22c3-4112-bb20-fce79d116314,BLF 5030,COW,MALE_BULL,RED,LOCAL,['GRASS_GRAIN_FED'],2 Years,"[{'id': '1a230655-3613-420a-94b6-c08f1df29b02', 'image': 'https://uploads-master.aws.bengalmeat.com/media/cattle-image/2026/BLF_5030_2.jpg'}, {'id': '6ad78a37-b9f9-432b-bab4-7c535970fe3e', 'image': 'https://uploads-master.aws.bengalmeat.com/media/cattle-image/2026/BLF_5030_3.jpg'}, {'id': '937ba912-643f-4343-937c-a222022472b2', 'image': 'https://uploads-master.aws.bengalmeat.com/media/cattle-image/2026/BLF_5030_4.jpg'}]",0.0,12 Months,2,0,39.3,lKU0JZzxHb8,220.0,147000.00,False,True,True,True,True,MINIMUM,https://uploads-master.aws.bengalmeat.com/media/cattle-thumbnail/2026/BLF_5030_1.jpg,2026-04-13T09:11:51.103879+06:00,ORDERED
8c9f5e00-1dec-477b-a4c5-9173ddeace8f,BLF 5024,COW,MALE_BULL,NON_RED,LOCAL,['GRASS_GRAIN_FED'],2 Years,"[{'id': 'bef05cc4-6088-488a-bb05-a5cbb3fe7fdc', 'image': 'https://uploads-master.aws.bengalmeat.com/media/cattle-image/2026/BLF_5024_2.jpg'}, {'id': '499c0de7-1901-4478-8443-54736690a824', 'image': 'https://uploads-master.aws.bengalmeat.com/media/cattle-image/2026/BLF_5024_3.jpg'}, {'id': '6ad3ac55-64ef-4086-853a-79ec576179f3', 'image': 'https://uploads-master.aws.bengalmeat.com/media/cattle-image/2026/BLF_5024_4.jpg'}]",0.0,12 Months,2,0,45.6,TQJcJHriYvk,320.0,206000.00,True,True,True,True,True,MEDIUM,https://uploads-master.aws.bengalmeat.com/media/cattle-thumbnail/2026/BLF_5024_1.jpg,2026-04-12T16:58:45.233780+06:00,ORDERED
eb279411-453c-4f88-b2f5-beb772f49510,BLF 5008,COW,MALE_BULL,NON_RED,LOCAL,['GRASS_GRAIN_FED'],2.5 Years,"[{'id': '5d2c0ca4-f6c6-48dd-9d9e-03d839f68ab1', 'image': 'https://uploads-master.aws.bengalmeat.com/media/cattle-image/2026/BLF_5008_2.jpg'}, {'id': '4fd293bf-3822-48de-bfa8-66e73a96e42e', 'image': 'https://uploads-master.aws.bengalmeat.com/media/cattle-image/2026/BLF_5008_3.jpg'}, {'id': 'ccb54ee6-0a80-4334-875e-1338f288e112', 'image': 'https://uploads-master.aws.bengalmeat.com/media/cattle-image/2026/BLF_5008_4.jpg'}]",0.0,12 Months,4,0,42.0,QyF0nVGRXOc,280.0,181000.00,True,True,True,True,True,MINIMUM,https://uploads-master.aws.bengalmeat.com/media/cattle-thumbnail/2026/BLF_5008_1.jpg,2026-04-12T16:26:45.918609+06:00,AVAILABLE
08199cb8-ade9-4214-a512-869c5b2fa8b2,BLF 5020,COW,MALE_BULL,NON_RED,LOCAL,['GRASS_GRAIN_FED'],2 Years,"[{'id': '0d316d03-ba94-41df-9af8-e2e683326d02', 'image': 'https://uploads-master.aws.bengalmeat.com/media/cattle-image/2026/BLF_5020_2.jpg'}, {'id': '4d99f7cf-3a0b-4a4c-8348-4de2a9846084', 'image': 'https://uploads-master.aws.bengalmeat.com/media/cattle-image/2026/BLF_5020_3.jpg'}, {'id': 'e7dcdfc6-bfe9-4e3f-bcfe-8965a8f44b94', 'image': 'https://uploads-master.aws.bengalmeat.com/media/cattle-image/2026/BLF_5020_4.jpg'}]",0.0,12 Months,2,0,45.0,F52t_qwclaw,325.0,209000.00,True,True,True,True,True,MEDIUM,https://uploads-master.aws.bengalmeat.com/media/cattle-thumbnail/2026/BLF_5020_1.jpg,2026-04-12T16:53:36.613398+06:00,ORDERED
e14c5ec6-61bc-494d-bc50-aa6eda76832b,BLF 5034,COW,MALE_BULL,NON_RED,LOCAL,['GRASS_GRAIN_FED'],2 Years,"[{'id': '1a8ec89e-4309-4940-a378-480d5b907c35', 'image': 'https://uploads-master.aws.bengalmeat.com/media/cattle-image/2026/BLF_5034_2.jpg'}, {'id': 'c7271c59-a5ff-4fd3-a554-5f8be7760d87', 'image': 'https://uploads-master.aws.bengalmeat.com/media/cattle-image/2026/BLF_5034_3.jpg'}, {'id': '32da16fd-1930-4505-9757-18b790e6f100', 'image': 'https://uploads-master.aws.bengalmeat.com/media/cattle-image/2026/BLF_5034_4.jpg'}]",0.0,12 Months,2,0,40.0,yHgwyhq7CYg,245.0,161000.00,False,True,True,True,True,MINIMUM,https://uploads-master.aws.bengalmeat.com/media/cattle-thumbnail/2026/BLF_5034_1.jpg,2026-04-15T14:59:24.454862+06:00,ORDERED
acbbda18-67df-4b6a-a331-e7b3fe6076f8,BLF 5342,COW,MALE_BULL,NON_RED,HOSTINE_CROSS,['GRASS_GRAIN_FED'],2.5 Years,"[{'id': 'd64619d7-6d12-4c7e-939c-da0de557589d', 'image': 'https://uploads-master.aws.bengalmeat.com/media/cattle-image/2026/BLF_5342_2.jpg'}, {'id': 'c52228f7-d437-4761-b2bb-ce8d09003765', 'image': 'https://uploads-master.aws.bengalmeat.com/media/cattle-image/2026/BLF_5342_3.jpg'}, {'id': '536fe49e-be5e-4cce-85cb-48ee303c5232', 'image': 'https://uploads-master.aws.bengalmeat.com/media/cattle-image/2026/BLF_5342_4.jpg'}]",0.0,4 Months,4,0,47.0,DsK7ZpmeMIo,340.0,219000.00,False,True,True,True,True,MEDIUM,https://uploads-master.aws.bengalmeat.com/media/cattle-thumbnail/2026/BLF_5342_1.jpg,2026-05-02T18:53:06.065761+06:00,AVAILABLE
f527636b-f433-4587-bff3-4bb41edc5118,BLF 5197,COW,MALE_BULL,NON_RED,LOCAL,['GRASS_GRAIN_FED'],2 Years,"[{'id': 'df7230bb-0ee4-4a01-a6ec-23da44713eaf', 'image': 'https://uploads-master.aws.bengalmeat.com/media/cattle-image/2026/BLF_5197_2.jpg'}, {'id': '4be95926-8889-485e-ba4e-a5821f23a6a9', 'image': 'https://uploads-master.aws.bengalmeat.com/media/cattle-image/2026/BLF_5197_3.jpg'}, {'id': '9d20f220-b1bc-471c-a448-d4e83928f094', 'image': 'https://uploads-master.aws.bengalmeat.com/media/cattle-image/2026/BLF_5197_4.jpg'}]",0.0,9 Months,2,0,38.0,-veh0AdnjJQ,195.0,132000.00,False,True,True,True,True,MINIMUM,https://uploads-master.aws.bengalmeat.com/media/cattle-thumbnail/2026/BLF_5197_1.jpg,2026-04-15T15:06:29.451630+06:00,ORDERED
79b4bbfc-c342-4f6b-b937-a17a51c9d005,BLF 5183,COW,MALE_BULL,NON_RED,LOCAL,['GRASS_GRAIN_FED'],2.5 Years,"[{'id': '262fba7d-6272-45fe-a9c9-63ecda78a0f2', 'image': 'https://uploads-master.aws.bengalmeat.com/media/cattle-image/2026/BLF_5183_2.jpg'}, {'id': '00d81cc7-cbad-4017-9387-ea9d4a4950bc', 'image': 'https://uploads-master.aws.bengalmeat.com/media/cattle-image/2026/BLF_5183_3.jpg'}, {'id': 'af29e111-e25e-4e88-9283-feb467b07ed5', 'image': 'https://uploads-master.aws.bengalmeat.com/media/cattle-image/2026/BLF_5183_4.jpg'}]",0.0,9 Months,4,0,37.0,8xIpxMdy46k,225.0,150000.00,False,True,True,True,True,MINIMUM,https://uploads-master.aws.bengalmeat.com/media/cattle-thumbnail/2026/BLF_5183_1.jpg,2026-04-15T14:38:03.387399+06:00,AVAILABLE
e4b852c7-1d3d-4260-b3c3-0a5de1592dc2,BLF 5168,COW,MALE_BULL,NON_RED,DHANNI,['GRASS_FED_GRASS_FINISHED'],2.5 Years,"[{'id': '369f9de5-09a9-4a21-b8ec-98cb29224a89', 'image': 'https://uploads-master.aws.bengalmeat.com/media/cattle-image/2026/BLF_5168_2_uelseAA.jpg'}, {'id': 'a9847bf0-201a-4ffe-80f4-37a18b8f82ab', 'image': 'https://uploads-master.aws.bengalmeat.com/media/cattle-image/2026/BLF_5168_3_i197AFt.jpg'}, {'id': 'c0c8b888-1341-476b-b090-fbb930486cf5', 'image': 'https://uploads-master.aws.bengalmeat.com/media/cattle-image/2026/BLF_5168_4_N4pyUCl.jpg'}]",0.0,12 Months,4,0,45.0,ClQgPaQIHgs,360.0,232000.00,False,True,True,True,True,MEDIUM,https://uploads-master.aws.bengalmeat.com/media/cattle-thumbnail/2026/BLF_5168_1_RFOXd7g.jpg,2026-04-11T22:31:19.607224+06:00,AVAILABLE
babc7f39-1386-465e-9553-63dea38fb57c,BLF 5154,COW,MALE_BULL,NON_RED,LOCAL,['GRASS_GRAIN_FED'],2 Years,"[{'id': '494bdda2-6279-4358-acfd-db797227907a', 'image': 'https://uploads-master.aws.bengalmeat.com/media/cattle-image/2026/BLF_5154_2.jpg'}, {'id': '57449be7-69ae-4e80-8635-ab6e86c83e0e', 'image': 'https://uploads-master.aws.bengalmeat.com/media/cattle-image/2026/BLF_5154_3.jpg'}, {'id': 'f1be3555-e10f-4774-bb4d-13f701f69314', 'image': 'https://uploads-master.aws.bengalmeat.com/media/cattle-image/2026/BLF_5154_4.jpg'}]",0.0,12 Months,2,0,39.0,xDv1XA2P5T0,228.0,150000.00,False,True,True,True,True,MEDIUM,https://uploads-master.aws.bengalmeat.com/media/cattle-thumbnail/2026/BLF_5154_1.jpg,2026-04-11T22:24:07.127002+06:00,ORDERED
219321e6-f283-4489-ba7f-8221638828d0,BLF 5140,COW,MALE_BULL,NON_RED,LOCAL,['GRASS_GRAIN_FED'],2 Years,"[{'id': 'e504476f-3257-42d3-8710-3ab7530f6806', 'image': 'https://uploads-master.aws.bengalmeat.com/media/cattle-image/2026/BLF_5140_2.jpg'}, {'id': '4b39700f-7bed-4bf6-bb79-abbd45b8780e', 'image': 'https://uploads-master.aws.bengalmeat.com/media/cattle-image/2026/BLF_5140_3.jpg'}, {'id': '6f252e32-f243-47a7-a6fb-a1ee41dbf0fd', 'image': 'https://uploads-master.aws.bengalmeat.com/media/cattle-image/2026/BLF_5140_4.jpg'}]",0.0,12 Months,2,0,40.0,g6m1fSq0tV8,216.0,144000.00,False,True,True,True,True,MEDIUM,https://uploads-master.aws.bengalmeat.com/media/cattle-thumbnail/2026/BLF_5140_1.jpg,2026-04-11T21:54:10.613828+06:00,ORDERED
145059e1-3ace-4bb3-a77f-7dbbe94e681c,BLF 5155,COW,MALE_BULL,NON_RED,LOCAL,['GRASS_GRAIN_FED'],2 Years,"[{'id': '501f17d0-989b-450e-8752-234d40c70ad4', 'image': 'https://uploads-master.aws.bengalmeat.com/media/cattle-image/2026/BLF_5155_2.jpg'}, {'id': 'ac107892-ea08-434e-b260-ec7f8e4a49c2', 'image': 'https://uploads-master.aws.bengalmeat.com/media/cattle-image/2026/BLF_5155_3.jpg'}, {'id': 'f6d68f84-4873-469b-8856-0abe794b0519', 'image': 'https://uploads-master.aws.bengalmeat.com/media/cattle-image/2026/BLF_5155_4.jpg'}]",0.0,12 Months,2,0,38.0,WxGU_Qh0pPw,210.0,140000.00,False,True,True,True,True,MEDIUM,https://uploads-master.aws.bengalmeat.com/media/cattle-thumbnail/2026/BLF_5155_1.jpg,2026-04-11T22:25:44.553473+06:00,ORDERED
5db06cdb-ea68-43d2-b634-ed0ba50289e6,BLF 5169,COW,MALE_BULL,RED,SAHIWAL,['GRASS_FED_GRASS_FINISHED'],2 Years,"[{'id': '8b80ccd8-c775-4e63-9e4c-3c7611cfa216', 'image': 'https://uploads-master.aws.bengalmeat.com/media/cattle-image/2026/BLF_5169_2.jpg'}, {'id': '17a536ce-8f7d-4e09-bdc6-11bec4c855d8', 'image': 'https://uploads-master.aws.bengalmeat.com/media/cattle-image/2026/BLF_5169_3.jpg'}, {'id': '7e92b3d9-4a60-4bd8-bdff-975e3b91c6a7', 'image': 'https://uploads-master.aws.bengalmeat.com/media/cattle-image/2026/BLF_5169_4.jpg'}]",0.0,12 Months,2,0,45.5,6EIfezDCC4I,330.0,213000.00,False,True,True,True,True,MEDIUM,https://uploads-master.aws.bengalmeat.com/media/cattle-thumbnail/2026/BLF_5169_1.jpg,2026-04-11T22:33:06.956559+06:00,ORDERED
d772fb6b-5ce1-4819-8b6c-56be8b5e3404,BLF 5182,COW,MALE_BULL,RED,LOCAL,['GRASS_GRAIN_FED'],2.5 Years,"[{'id': 'ff4fd2fd-a752-4be9-b957-819f5622e0d5', 'image': 'https://uploads-master.aws.bengalmeat.com/media/cattle-image/2026/BLF_5182_2.jpg'}, {'id': '3752481f-290c-4e8b-abcc-096577293c40', 'image': 'https://uploads-master.aws.bengalmeat.com/media/cattle-image/2026/BLF_5182_3.jpg'}, {'id': '8ee94271-1995-4ee6-a055-d2983b268c47', 'image': 'https://uploads-master.aws.bengalmeat.com/media/cattle-image/2026/BLF_5182_4.jpg'}]",0.0,9 Months,4,0,38.0,Dsspegq47FY,210.0,141000.00,False,True,True,True,True,MINIMUM,https://uploads-master.aws.bengalmeat.com/media/cattle-thumbnail/2026/BLF_5182_1.jpg,2026-04-15T14:36:08.790380+06:00,ORDERED
96c22173-550b-48e3-8fb7-7e4aaf93f1f0,BLF 5196,COW,MALE_BULL,NON_RED,LOCAL,['GRASS_GRAIN_FED'],2.5 Years,"[{'id': '6b11a90c-60c2-4578-9047-7652c7d392ca', 'image': 'https://uploads-master.aws.bengalmeat.com/media/cattle-image/2026/BLF_5196_2.jpg'}, {'id': '5e42edda-7e61-4bf6-8903-5afa4fe7ef4e', 'image': 'https://uploads-master.aws.bengalmeat.com/media/cattle-image/2026/BLF_5196_3.jpg'}, {'id': 'c99e6ec7-74e8-4a68-a107-ac92880f316a', 'image': 'https://uploads-master.aws.bengalmeat.com/media/cattle-image/2026/BLF_5196_4.jpg'}]",0.0,9 Months,4,0,36.0,msWrmXBFmUM,190.0,128000.00,False,True,True,True,True,MINIMUM,https://uploads-master.aws.bengalmeat.com/media/cattle-thumbnail/2026/BLF_5196_1.jpg,2026-04-15T15:05:18.700425+06:00,ORDERED
b952ed7b-a345-4e14-891e-f083b1d89ea8,BLF 5237,COW,MALE_BULL,RED,SINDHI,['GRASS_GRAIN_FED'],2.5 Years,"[{'id': '9d4dbcfb-b0f5-462b-bba5-8278e1d6ba13', 'image': 'https://uploads-master.aws.bengalmeat.com/media/cattle-image/2026/BLF_5237_2.jpg'}, {'id': '36337247-fd17-430e-8e82-bc219d1d5d49', 'image': 'https://uploads-master.aws.bengalmeat.com/media/cattle-image/2026/BLF_5237_3.jpg'}, {'id': '9d38b0aa-be94-4a00-9d2a-058ca33e0891', 'image': 'https://uploads-master.aws.bengalmeat.com/media/cattle-image/2026/BLF_5237_4.jpg'}]",0.0,6 Months,4,0,45.0,8rNv5zGJVgE,270.0,175000.00,False,True,True,True,True,MEDIUM,https://uploads-master.aws.bengalmeat.com/media/cattle-thumbnail/2026/BLF_5237_1.jpg,2026-04-20T10:21:07.503662+06:00,ORDERED
cf0ce338-52cc-4ec4-9cd0-d353084e4d21,BLF 5223,COW,MALE_BULL,RED,LOCAL,['GRASS_GRAIN_FED'],2 Years,"[{'id': 'b4110573-e8c8-42a3-aca8-fd16773713bc', 'image': 'https://uploads-master.aws.bengalmeat.com/media/cattle-image/2026/BLF_5223_2.jpg'}, {'id': '375c4507-88e0-458e-a94e-a25e2d078b78', 'image': 'https://uploads-master.aws.bengalmeat.com/media/cattle-image/2026/BLF_5223_3.jpg'}, {'id': 'f52220aa-19fa-4250-b3af-f1255e9b6528', 'image': 'https://uploads-master.aws.bengalmeat.com/media/cattle-image/2026/BLF_5223_4.jpg'}]",0.0,6 Months,2,0,39.1,ZOziUqkI7Hk,226.0,149000.00,False,True,True,True,True,MINIMUM,https://uploads-master.aws.bengalmeat.com/media/cattle-thumbnail/2026/BLF_5223_1.jpg,2026-04-19T14:43:28.170754+06:00,ORDERED
e4c59c80-28d1-4556-988d-6737fe73755b,BLF 5035,COW,MALE_BULL,RED,,['GRASS_GRAIN_FED'],2 Years,"[{'id': '2bfdc488-1c97-4dac-90af-d192cd90ac84', 'image': 'https://uploads-master.aws.bengalmeat.com/media/cattle-image/2026/BLF_5035_2_7Q0hv2r.jpg'}, {'id': '9dacc387-192c-4e02-a120-c3a560e6e201', 'image': 'https://uploads-master.aws.bengalmeat.com/media/cattle-image/2026/BLF_5035_3_1HyFFpS.jpg'}, {'id': '51155264-0da6-41ef-ba46-0265d3c74008', 'image': 'https://uploads-master.aws.bengalmeat.com/media/cattle-image/2026/BLF_5035_4_RWAZ17z.jpg'}]",0.0,12 Months,2,0,38.7,ym9M2KBo_bY,220.0,147000.00,False,True,True,True,True,MEDIUM,https://uploads-master.aws.bengalmeat.com/media/cattle-thumbnail/2026/BLF_5035_1.jpg,2026-04-11T18:19:04.627428+06:00,ORDERED
0b87d5fd-4eec-4d0e-af69-18ae0259cf1e,BLF 5021,COW,MALE_BULL,RED,LOCAL,['GRASS_GRAIN_FED'],2 Years,"[{'id': '965dc574-1726-481e-b7b0-0320e0d0a349', 'image': 'https://uploads-master.aws.bengalmeat.com/media/cattle-image/2026/BLF_5021_2.jpg'}, {'id': 'f253e0ba-6a2d-43de-b214-736120a2f3d9', 'image': 'https://uploads-master.aws.bengalmeat.com/media/cattle-image/2026/BLF_5021_3.jpg'}, {'id': 'ffd25a5d-91db-4270-9ff5-589561bb92ca', 'image': 'https://uploads-master.aws.bengalmeat.com/media/cattle-image/2026/BLF_5021_4.jpg'}]",0.0,12 Months,2,0,44.5,bW0Zgt8yxKs,328.0,212000.00,True,True,True,True,True,MEDIUM,https://uploads-master.aws.bengalmeat.com/media/cattle-thumbnail/2026/BLF_5021_1.jpg,2026-04-12T16:54:41.028950+06:00,AVAILABLE
60ef6f84-2405-4134-9f9f-558d27c3da1e,BLF 5009,COW,MALE_BULL,NON_RED,LOCAL,['GRASS_GRAIN_FED'],2 Years,"[{'id': '39319c6e-0bdb-4577-a046-4e7c70b21423', 'image': 'https://uploads-master.aws.bengalmeat.com/media/cattle-image/2026/BLF_5009_2.jpg'}, {'id': 'a47eccb1-99d0-4b1c-9e2a-578a49360b9f', 'image': 'https://uploads-master.aws.bengalmeat.com/media/cattle-image/2026/BLF_5009_3.jpg'}, {'id': '0c82f597-9b11-4910-b267-5ac593d2d13f', 'image': 'https://uploads-master.aws.bengalmeat.com/media/cattle-image/2026/BLF_5009_4.jpg'}]",0.0,12 Months,2,0,38.0,tXaF-HFlDg0,210.0,141000.00,False,True,True,True,True,MINIMUM,https://uploads-master.aws.bengalmeat.com/media/cattle-thumbnail/2026/BLF_5009_1.jpg,2026-04-12T16:28:52.700021+06:00,ORDERED
3cad3596-a589-48a5-968a-e982224f7054,BLF 5037,COW,MALE_BULL,RED,SAHIWAL,['GRASS_GRAIN_FED'],2 Years,"[{'id': 'bbb2ecc0-1ea2-4774-81cb-5aeea235f460', 'image': 'https://uploads-master.aws.bengalmeat.com/media/cattle-image/2026/BLF_5037_2.jpg'}, {'id': 'e0c9a281-4e72-4a0d-ac51-dc168a85855a', 'image': 'https://uploads-master.aws.bengalmeat.com/media/cattle-image/2026/BLF_5037_3.jpg'}, {'id': '829843a6-30c1-4ba3-b6eb-dc2feeba6cd0', 'image': 'https://uploads-master.aws.bengalmeat.com/media/cattle-image/2026/BLF_5037_4.jpg'}]",0.0,12 Months,2,0,47.1,gxC5RfqnEow,405.0,38500.00,True,True,True,True,True,MEDIUM,https://uploads-master.aws.bengalmeat.com/media/cattle-thumbnail/2026/BLF_5037_1.jpg,2026-04-13T09:24:13.119824+06:00,SHARED_ORDERED
925d9cac-479f-4065-a55c-0d92fdfda9ad,BLF 5023,COW,MALE_BULL,RED,SAHIWAL,['GRASS_GRAIN_FED'],2 Years,"[{'id': '5e6d1a24-4ca2-44d6-ac0c-ce2530cd7be0', 'image': 'https://uploads-master.aws.bengalmeat.com/media/cattle-image/2026/BLF_5023_2.jpg'}, {'id': 'da89f084-5d06-4b77-86e3-508f9abf1d71', 'image': 'https://uploads-master.aws.bengalmeat.com/media/cattle-image/2026/BLF_5023_3.jpg'}, {'id': 'f784c336-f434-4306-bc7a-3c348d1c3cd5', 'image': 'https://uploads-master.aws.bengalmeat.com/media/cattle-image/2026/BLF_5023_4.jpg'}]",0.0,12 Months,2,7,46.8,h8bzFFViAc8,335.0,32000.00,False,True,True,True,True,MEDIUM,https://uploads-master.aws.bengalmeat.com/media/cattle-thumbnail/2026/BLF_5023_1.jpg,2026-04-12T16:56:56.399813+06:00,SHARED
f32fa622-8c81-4d2e-8fc3-a8e2715192b0,BLF 5209,COW,MALE_BULL,NON_RED,LOCAL,['GRASS_GRAIN_FED'],3 Years,"[{'id': 'a0537eb4-2246-41d6-8308-95d203d552ec', 'image': 'https://uploads-master.aws.bengalmeat.com/media/cattle-image/2026/BLF_5209_2.jpg'}, {'id': 'b6d5bb73-9756-4a3c-9add-95c4870e203b', 'image': 'https://uploads-master.aws.bengalmeat.com/media/cattle-image/2026/BLF_5209_3.jpg'}, {'id': '57b9f700-2327-4edf-baa3-8ed88d3bc29c', 'image': 'https://uploads-master.aws.bengalmeat.com/media/cattle-image/2026/BLF_5209_4.jpg'}]",0.0,6 Months,5,0,42.8,h8Zt0aGiegs,247.0,161000.00,False,True,True,True,True,MINIMUM,https://uploads-master.aws.bengalmeat.com/media/cattle-thumbnail/2026/BLF_5209_1.jpg,2026-04-19T11:23:24.360123+06:00,ORDERED
e263d4f2-4b5c-4e85-b74f-cc0c277bedeb,BLF 5221,COW,MALE_BULL,NON_RED,LOCAL,['GRASS_GRAIN_FED'],2.5 Years,"[{'id': '635fb09d-7bc5-4b01-a4d5-c2f9fdded514', 'image': 'https://uploads-master.aws.bengalmeat.com/media/cattle-image/2026/BLF_5221_2.jpg'}, {'id': '6a7060b6-9026-43af-8e2d-e1461f19b019', 'image': 'https://uploads-master.aws.bengalmeat.com/media/cattle-image/2026/BLF_5221_3.jpg'}, {'id': 'd1b4f153-0ffa-4c26-996e-e0ee5b6e3335', 'image': 'https://uploads-master.aws.bengalmeat.com/media/cattle-image/2026/BLF_5221_4.jpg'}]",0.0,6 Months,4,0,40.2,NwnjS-JNQIQ,205.0,138000.00,False,True,True,True,True,MINIMUM,https://uploads-master.aws.bengalmeat.com/media/cattle-thumbnail/2026/BLF_5221_1.jpg,2026-04-19T12:59:05.129615+06:00,ORDERED
ed6f2e92-95c6-4a2f-be35-7d746224a84e,BLF 5180,COW,MALE_BULL,NON_RED,LOCAL,['GRASS_GRAIN_FED'],2 Years,"[{'id': '1d8f701a-6473-4141-a7f4-5aae4119f3dc', 'image': 'https://uploads-master.aws.bengalmeat.com/media/cattle-image/2026/BLF_5180_2.jpg'}, {'id': '0455c952-0745-423c-aa54-ae55b661c39b', 'image': 'https://uploads-master.aws.bengalmeat.com/media/cattle-image/2026/BLF_5180_3.jpg'}, {'id': 'f1994b75-61fd-453e-941c-5c607720a03c', 'image': 'https://uploads-master.aws.bengalmeat.com/media/cattle-image/2026/BLF_5180_4.jpg'}]",0.0,9 Months,2,0,37.5,QaAztYsq9No,185.0,126000.00,False,True,True,True,True,MINIMUM,https://uploads-master.aws.bengalmeat.com/media/cattle-thumbnail/2026/BLF_5180_1.jpg,2026-04-15T14:32:13.977229+06:00,ORDERED
7794e228-d29c-448d-b637-5f9bd4f699ab,BLF 5194,COW,MALE_BULL,RED,LOCAL,['GRASS_GRAIN_FED'],2 Years,"[{'id': 'cc999c9d-5b57-4164-a872-5702be687e85', 'image': 'https://uploads-master.aws.bengalmeat.com/media/cattle-image/2026/BLF_5194_2.jpg'}, {'id': '92cd627d-6e0c-433a-a1ab-d36c2331aa23', 'image': 'https://uploads-master.aws.bengalmeat.com/media/cattle-image/2026/BLF_5194_3.jpg'}, {'id': '205ef020-7b90-4c8f-8a7c-dfd61c4fae5a', 'image': 'https://uploads-master.aws.bengalmeat.com/media/cattle-image/2026/BLF_5194_4.jpg'}]",0.0,9 Months,2,0,39.1,6RXXBJ1Hmw8,226.0,151000.00,False,True,True,True,True,MINIMUM,https://uploads-master.aws.bengalmeat.com/media/cattle-thumbnail/2026/BLF_5194_1.jpg,2026-04-15T14:52:09.085382+06:00,ORDERED
be354e2f-e3de-4e40-bff7-2bdb90b623cb,BLF 5143,COW,MALE_BULL,NON_RED,LOCAL,['GRASS_GRAIN_FED'],2 Years,"[{'id': 'cf2696ff-0623-4fc4-9eb4-fd565f3fe30f', 'image': 'https://uploads-master.aws.bengalmeat.com/media/cattle-image/2026/BLF_5143_2.jpg'}, {'id': '03fedcd1-25dc-41ca-8cc8-4f765a55faca', 'image': 'https://uploads-master.aws.bengalmeat.com/media/cattle-image/2026/BLF_5143_3.jpg'}, {'id': '370bf216-7687-47c2-b784-8ca098503084', 'image': 'https://uploads-master.aws.bengalmeat.com/media/cattle-image/2026/BLF_5143_4.jpg'}]",0.0,9 Months,2,0,37.5,vDT1cv9U2ZY,204.0,137000.00,False,True,True,True,True,MINIMUM,https://uploads-master.aws.bengalmeat.com/media/cattle-thumbnail/2026/BLF_5143_1.jpg,2026-04-11T22:06:36.136471+06:00,ORDERED
2d841800-5d67-4c7c-ace7-04c2e67d4f42,BLF 5157,COW,MALE_BULL,NON_RED,LOCAL,['GRASS_GRAIN_FED'],2.5 Years,"[{'id': '03379754-aade-4bcc-b475-9fefa95086c5', 'image': 'https://uploads-master.aws.bengalmeat.com/media/cattle-image/2026/BLF_5157_2.jpg'}, {'id': '7e8a0425-a407-44a5-927e-7c2b235d933f', 'image': 'https://uploads-master.aws.bengalmeat.com/media/cattle-image/2026/BLF_5157_3.jpg'}, {'id': '884ceea7-3064-4ca6-a7f8-1a2733acf1ee', 'image': 'https://uploads-master.aws.bengalmeat.com/media/cattle-image/2026/BLF_5157_4.jpg'}]",0.0,9 Months,4,0,37.8,gPsBsFYbAW4,210.0,140000.00,False,True,True,True,True,MINIMUM,https://uploads-master.aws.bengalmeat.com/media/cattle-thumbnail/2026/BLF_5157_1.jpg,2026-04-13T16:01:27.559465+06:00,ORDERED
05a14135-56db-4137-a17d-d1b39e6f0ffd,BLF 5156,COW,MALE_BULL,NON_RED,LOCAL,['GRASS_GRAIN_FED'],2.5 Years,"[{'id': 'fb1b31c0-4b08-46b7-9927-a9b8484bbfe8', 'image': 'https://uploads-master.aws.bengalmeat.com/media/cattle-image/2026/BLF_5156_2.jpg'}, {'id': '77acfea0-1943-48ad-ae0c-96d6fb25ebe3', 'image': 'https://uploads-master.aws.bengalmeat.com/media/cattle-image/2026/BLF_5156_3.jpg'}, {'id': '5c210168-f8cc-4bff-8ca8-715e0398e904', 'image': 'https://uploads-master.aws.bengalmeat.com/media/cattle-image/2026/BLF_5156_4.jpg'}]",0.0,9 Months,4,0,35.0,xuzSXfzfen0,170.0,116000.00,False,True,True,True,True,MINIMUM,https://uploads-master.aws.bengalmeat.com/media/cattle-thumbnail/2026/BLF_5156_1.jpg,2026-04-13T16:00:12.803381+06:00,ORDERED
bc2938c1-9f15-4584-95e0-e3941d9a784b,BLF 5195,COW,MALE_BULL,RED,LOCAL,['GRASS_GRAIN_FED'],2 Years,"[{'id': 'cd4f7c91-6956-40e6-8b24-35ffd542f1e7', 'image': 'https://uploads-master.aws.bengalmeat.com/media/cattle-image/2026/BLF_5195_2.jpg'}, {'id': 'b33179cc-89e2-4946-8a24-447f155c6372', 'image': 'https://uploads-master.aws.bengalmeat.com/media/cattle-image/2026/BLF_5195_3.jpg'}, {'id': 'cb773576-8207-4ed9-af8a-10965ef85d5a', 'image': 'https://uploads-master.aws.bengalmeat.com/media/cattle-image/2026/BLF_5195_4.jpg'}]",0.0,9 Months,2,0,42.0,Ti2LDSdBMzg,232.0,153000.00,False,True,True,True,True,MINIMUM,https://uploads-master.aws.bengalmeat.com/media/cattle-thumbnail/2026/BLF_5195_1.jpg,2026-04-15T15:04:14.070191+06:00,ORDERED
2c092003-cfe8-4d03-b81b-24767224e6a5,BLF 5181,COW,MALE_BULL,NON_RED,LOCAL,['GRASS_GRAIN_FED'],2.5 Years,"[{'id': 'a9fcd359-5480-487e-ad4a-390c8ec04598', 'image': 'https://uploads-master.aws.bengalmeat.com/media/cattle-image/2026/BLF_5181_2.jpg'}, {'id': 'a78fccc9-3999-4fd8-8706-1f10ae7f80aa', 'image': 'https://uploads-master.aws.bengalmeat.com/media/cattle-image/2026/BLF_5181_3.jpg'}, {'id': 'f2f7c35f-00a1-4192-bb8a-c0d4fe89a9c6', 'image': 'https://uploads-master.aws.bengalmeat.com/media/cattle-image/2026/BLF_5181_4.jpg'}]",0.0,9 Months,4,0,43.3,W-2ewJ9oLlg,256.0,167000.00,False,True,True,True,True,MINIMUM,https://uploads-master.aws.bengalmeat.com/media/cattle-thumbnail/2026/BLF_5181_1.jpg,2026-04-15T14:34:57.731417+06:00,AVAILABLE
c2167590-0f62-4ab6-93b4-f8773f7b6396,BLF 5220,COW,MALE_BULL,NON_RED,LOCAL,['GRASS_GRAIN_FED'],2.5 Years,"[{'id': '4cf8e452-29f2-41f5-b09a-79f5c56d9986', 'image': 'https://uploads-master.aws.bengalmeat.com/media/cattle-image/2026/BLF_5220_2.jpg'}, {'id': 'd9e265dd-dac2-4341-9a0b-034457910b4f', 'image': 'https://uploads-master.aws.bengalmeat.com/media/cattle-image/2026/BLF_5220_3.jpg'}, {'id': '28e821de-d743-4b0f-adec-80ee3415cbb4', 'image': 'https://uploads-master.aws.bengalmeat.com/media/cattle-image/2026/BLF_5220_4.jpg'}]",0.0,6 Months,4,0,39.0,ZcKyyNxG-Vk,218.0,145000.00,False,True,True,True,True,MINIMUM,https://uploads-master.aws.bengalmeat.com/media/cattle-thumbnail/2026/BLF_5220_1.jpg,2026-04-19T12:57:11.123618+06:00,ORDERED
738373a4-0b54-4f3b-a356-24e86cad51e3,BLF 5234,COW,MALE_BULL,RED,LOCAL,['GRASS_GRAIN_FED'],2 Years,"[{'id': 'd33d3e47-f59b-435d-bb94-28ceafbbb9cd', 'image': 'https://uploads-master.aws.bengalmeat.com/media/cattle-image/2026/BLF_5234_2.jpg'}, {'id': '1c30b67c-3db1-405e-80d5-117783f27be2', 'image': 'https://uploads-master.aws.bengalmeat.com/media/cattle-image/2026/BLF_5234_3.jpg'}, {'id': '75be778c-a7c8-498b-abca-104b066ba40a', 'image': 'https://uploads-master.aws.bengalmeat.com/media/cattle-image/2026/BLF_5234_4.jpg'}]",0.0,6 Months,2,0,42.8,6BkwEYaLbyM,206.0,139000.00,False,True,True,True,True,MINIMUM,https://uploads-master.aws.bengalmeat.com/media/cattle-thumbnail/2026/BLF_5234_1.jpg,2026-04-20T10:01:45.920635+06:00,ORDERED
0a110b1b-0d53-4bfc-8f9a-b93fbb825ae4,BLF 5022,COW,MALE_BULL,NON_RED,LOCAL,['GRASS_GRAIN_FED'],2 Years,"[{'id': '539c84ea-ec20-4afb-bbf9-7c36b10a1284', 'image': 'https://uploads-master.aws.bengalmeat.com/media/cattle-image/2026/BLF_5022_2.jpg'}, {'id': 'fe6f5b0d-0133-4f12-bff8-4d8f59dba4b5', 'image': 'https://uploads-master.aws.bengalmeat.com/media/cattle-image/2026/BLF_5022_3.jpg'}, {'id': 'e6d4e740-a1e6-4a64-9b31-82b6bc07f1d6', 'image': 'https://uploads-master.aws.bengalmeat.com/media/cattle-image/2026/BLF_5022_4.jpg'}]",0.0,12 Months,2,0,39.1,g9wlv9jFmqo,225.0,150000.00,False,True,True,True,True,MINIMUM,https://uploads-master.aws.bengalmeat.com/media/cattle-thumbnail/2026/BLF_5022_1.jpg,2026-04-12T16:55:49.802722+06:00,AVAILABLE
9a71a96c-7ff1-41a7-a310-63d1e26d4a0f,BLF 5036,COW,MALE_BULL,RED,LOCAL,['GRASS_GRAIN_FED'],2 Years,"[{'id': '3c06cd00-08cc-43b6-a4d7-4739d71e4316', 'image': 'https://uploads-master.aws.bengalmeat.com/media/cattle-image/2026/BLF_5036_2.jpg'}, {'id': '5c3aeb30-d6c4-4e47-b5dc-957fa517d19b', 'image': 'https://uploads-master.aws.bengalmeat.com/media/cattle-image/2026/BLF_5036_3.jpg'}, {'id': 'b2f4e125-d208-45f9-a5b7-f85bdfb36909', 'image': 'https://uploads-master.aws.bengalmeat.com/media/cattle-image/2026/BLF_5036_4.jpg'}]",0.0,12 Months,2,0,38.7,sqejP-8KXA0,215.0,144000.00,False,True,True,True,True,MINIMUM,https://uploads-master.aws.bengalmeat.com/media/cattle-thumbnail/2026/BLF_5036_1.jpg,2026-04-13T09:22:34.466923+06:00,AVAILABLE
