id,sku,type,sex,color,breed,feed,age_in_month,slides,sale_offer_percentage,feedlot_in_month,teeth,parts_available,height_in_inch,youtube_slug,weight_in_kg,price,is_special,is_dewormed,is_fmd_vaccinated,is_anthrax_vaccinated,is_lumpy_skin_disease,size,thumbnail,created_at,status
9714be05-9dc6-4ea1-b801-24ef43338e65,BLF 4872,COW,MALE_BULL,RED,LOCAL,['GRASS_GRAIN_FED'],2 Years,"[{'id': '4a98fc24-b576-488f-8738-29913fd006e1', 'image': 'https://uploads-master.aws.bengalmeat.com/media/cattle-image/2025/BLF_4872_2.jpg'}, {'id': '92c404b3-1cc7-4fe4-9164-e0b576aa9a18', 'image': 'https://uploads-master.aws.bengalmeat.com/media/cattle-image/2025/BLF_4872_3.jpg'}, {'id': 'e335beeb-0586-42dd-8e63-7d0e319f9d7d', 'image': 'https://uploads-master.aws.bengalmeat.com/media/cattle-image/2025/BLF_4872_4.jpg'}]",0.0,6 Months,2,0,50.0,nmbNdoh29Us,392.0,250000.00,False,True,True,True,True,MEDIUM,https://uploads-master.aws.bengalmeat.com/media/cattle-thumbnail/2025/BLF_4872_1.jpg,2025-05-05T15:24:22.491694+06:00,AVAILABLE
ae0e032e-23ad-4aa9-9df2-138872a107e8,BLF 4866,COW,MALE_BULL,NON_RED,HOSTINE_CROSS,['GRASS_FED_GRAIN_FINISHED'],2.5 Years,"[{'id': 'e2f8ff49-63cb-4bae-a072-5396aabf2168', 'image': 'https://uploads-master.aws.bengalmeat.com/media/cattle-image/2025/BLF_4866_2.jpg'}, {'id': 'c83c84e6-bac9-458d-859f-5e628c7a423c', 'image': 'https://uploads-master.aws.bengalmeat.com/media/cattle-image/2025/BLF_4866_3.jpg'}, {'id': 'b96c3657-afa5-4c89-9742-4c4e8b7a9a73', 'image': 'https://uploads-master.aws.bengalmeat.com/media/cattle-image/2025/BLF_4866_4.jpg'}]",0.0,12 Months,4,0,54.0,8TWuyQ29jag,690.0,419000.00,True,True,True,True,True,LARGE,https://uploads-master.aws.bengalmeat.com/media/cattle-thumbnail/2025/BLF_4866_1.jpg,2025-05-03T16:18:41.245497+06:00,AVAILABLE
9feb300f-bbb7-437c-97bc-8aa865eb7935,BLF 4696,COW,MALE_BULL,RED,LOCAL,['GRASS_GRAIN_FED'],2.5 Years,"[{'id': 'b9f3bc96-4a7f-444a-8b87-12db0c48a6ba', 'image': 'https://uploads-master.aws.bengalmeat.com/media/cattle-image/2025/BLF_4696_2.jpg'}, {'id': '52d303da-6d2b-4e4e-86c4-fe8a36b626d9', 'image': 'https://uploads-master.aws.bengalmeat.com/media/cattle-image/2025/BLF_4696_3.jpg'}, {'id': '74941983-511b-4b0e-9a38-8f1858a1b660', 'image': 'https://uploads-master.aws.bengalmeat.com/media/cattle-image/2025/BLF_4696_4.jpg'}]",0.0,6 Months,4,0,42.8,sD2ILNZnxCI,236.0,152000.00,False,True,True,True,True,MINIMUM,https://uploads-master.aws.bengalmeat.com/media/cattle-thumbnail/2025/BLF_4696_1.jpg,2025-04-24T12:46:19.920542+06:00,ORDERED
c22f5e76-e6a2-4b57-bf4d-ce68c82abc9d,BLF 4682,COW,MALE_BULL,NON_RED,LOCAL,['GRASS_GRAIN_FED'],2 Years,"[{'id': '9678e81b-2655-442d-aadf-dc8bb1e4dc5d', 'image': 'https://uploads-master.aws.bengalmeat.com/media/cattle-image/2025/BLF_4682_2.jpg'}, {'id': 'eadc411d-c86b-411d-abb0-a449831f93a5', 'image': 'https://uploads-master.aws.bengalmeat.com/media/cattle-image/2025/BLF_4682_3.jpg'}, {'id': '180c501c-3b9d-49a4-b639-fb9737e47a4f', 'image': 'https://uploads-master.aws.bengalmeat.com/media/cattle-image/2025/BLF_4682_4.jpg'}]",0.0,6 Months,2,0,40.6,0FyIH9HdrXY,206.0,135000.00,False,True,True,True,True,MINIMUM,https://uploads-master.aws.bengalmeat.com/media/cattle-thumbnail/2025/BLF_4682_1.jpg,2025-04-24T11:37:05.382140+06:00,AVAILABLE
712cbb90-8796-4d8e-81a7-af7b5c9c855d,BLF 4669,COW,MALE_BULL,NON_RED,LOCAL,['GRASS_GRAIN_FED'],2 Years,"[{'id': 'b5f7f082-8c39-46d2-bf55-c402a1fd26af', 'image': 'https://uploads-master.aws.bengalmeat.com/media/cattle-image/2025/BLF_4669_2.jpg'}, {'id': '5d22ef9a-a00d-477d-b8db-7dc6898206c5', 'image': 'https://uploads-master.aws.bengalmeat.com/media/cattle-image/2025/BLF_4669_3.jpg'}, {'id': '63c729b8-fdb3-4342-b3eb-c869fa7901e8', 'image': 'https://uploads-master.aws.bengalmeat.com/media/cattle-image/2025/BLF_4669_4.jpg'}]",0.0,6 Months,2,0,39.2,BRVIrzEP8GY,212.0,138000.00,False,True,True,True,True,MINIMUM,https://uploads-master.aws.bengalmeat.com/media/cattle-thumbnail/2025/BLF_4669_1.jpg,2025-04-24T10:26:04.841896+06:00,ORDERED
2dac7a5d-7526-4fe7-a62d-9346a96b7b73,BLF 4655,COW,MALE_BULL,NON_RED,LOCAL,['GRASS_GRAIN_FED'],2 Years,"[{'id': '56d72ba4-dd70-4ca6-ae35-b8bd55cc2ef0', 'image': 'https://uploads-master.aws.bengalmeat.com/media/cattle-image/2025/BLF_4655_2.jpg'}, {'id': '204586d3-3d48-41e3-841d-bc3fcdc1889b', 'image': 'https://uploads-master.aws.bengalmeat.com/media/cattle-image/2025/BLF_4655_3.jpg'}, {'id': 'c20904f8-fce9-43db-a919-0ccbb108e864', 'image': 'https://uploads-master.aws.bengalmeat.com/media/cattle-image/2025/BLF_4655_4.jpg'}]",0.0,6 Months,2,0,42.0,MChE48xekeM,256.0,165000.00,True,True,True,True,True,MINIMUM,https://uploads-master.aws.bengalmeat.com/media/cattle-thumbnail/2025/BLF_4655_1.jpg,2025-04-23T16:45:55.955609+06:00,AVAILABLE
5860bf9c-5344-44f3-8428-dc41f3bd523b,BLF 4641,COW,MALE_BULL,RED,LOCAL,['GRASS_FED_GRASS_FINISHED'],2 Years,"[{'id': 'e20f8357-1bcf-4a88-9f9c-7f4ea3a12809', 'image': 'https://uploads-master.aws.bengalmeat.com/media/cattle-image/2025/BLF_4641_2.jpg'}, {'id': '8a0c6035-0ad2-4f51-9c13-72183571b113', 'image': 'https://uploads-master.aws.bengalmeat.com/media/cattle-image/2025/BLF_4641_3.jpg'}, {'id': '3d8bc7c3-7d99-49a4-ad5c-50fd9e69384e', 'image': 'https://uploads-master.aws.bengalmeat.com/media/cattle-image/2025/BLF_4641_4.jpg'}]",0.0,6 Months,2,0,43.0,MCo6ZvQw954,265.0,169000.00,False,True,True,True,True,MINIMUM,https://uploads-master.aws.bengalmeat.com/media/cattle-thumbnail/2025/BLF_4641_1.jpg,2025-04-23T16:27:13.470620+06:00,AVAILABLE
fafb9ce1-dc75-4564-80c9-3466a71103e4,BLF 4899,COW,MALE_BULL,NON_RED,HOSTINE_CROSS,['GRASS_GRAIN_FED'],2 Years,"[{'id': '7e81f983-9039-473b-ac3f-3644c1e6030f', 'image': 'https://uploads-master.aws.bengalmeat.com/media/cattle-image/2025/BLF_4899_2.jpg'}, {'id': '12c95ec4-d75f-42df-981c-7fc041f03fc0', 'image': 'https://uploads-master.aws.bengalmeat.com/media/cattle-image/2025/BLF_4899_3.jpg'}, {'id': '36be13dd-e6bb-49b0-a250-de44f6d09601', 'image': 'https://uploads-master.aws.bengalmeat.com/media/cattle-image/2025/BLF_4899_4.jpg'}]",0.0,6 Months,2,0,40.3,E7IBP8Bp5lU,225.0,144000.00,False,True,True,True,True,MINIMUM,https://uploads-master.aws.bengalmeat.com/media/cattle-thumbnail/2025/BLF_4899_1.jpg,2025-05-12T15:58:49.877662+06:00,AVAILABLE
8c792903-7bcd-40e3-a176-8d9e41fc009c,BLF 4906,COW,MALE_BULL,NON_RED,HOSTINE_CROSS,['GRASS_GRAIN_FED'],2 Years,"[{'id': '507d73be-d0d9-4cc7-b9f9-ea1a83d07aa9', 'image': 'https://uploads-master.aws.bengalmeat.com/media/cattle-image/2025/BLF_4906_2.jpg'}, {'id': '186135b1-5b8a-47a7-bec4-605c0cbef997', 'image': 'https://uploads-master.aws.bengalmeat.com/media/cattle-image/2025/BLF_4906_3.jpg'}, {'id': '010c18fc-7b17-4011-88e0-f6a46947e100', 'image': 'https://uploads-master.aws.bengalmeat.com/media/cattle-image/2025/BLF_4906_4.jpg'}]",0.0,6 Months,2,0,41.5,CnyvQrmrZwA,276.0,26500.00,False,True,True,True,True,MINIMUM,https://uploads-master.aws.bengalmeat.com/media/cattle-thumbnail/2025/BLF_4906_1.jpg,2025-05-06T10:08:34.272166+06:00,SHARED_ORDERED
6b54d462-1ffa-4922-bc17-1f4d7bac8ccb,BLF 4912,COW,MALE_BULL,RED,LOCAL,['GRASS_GRAIN_FED'],2 Years,"[{'id': '4e0a8d74-2eda-4560-8e00-f008d3e7bb28', 'image': 'https://uploads-master.aws.bengalmeat.com/media/cattle-image/2025/BLF_4912_2.jpg'}, {'id': '07388c39-0c68-40a0-afe2-1f30d1d9dc5e', 'image': 'https://uploads-master.aws.bengalmeat.com/media/cattle-image/2025/BLF_4912_3.jpg'}, {'id': '7b5b2ba6-24d8-4fc9-bd22-3880c871edb4', 'image': 'https://uploads-master.aws.bengalmeat.com/media/cattle-image/2025/BLF_4912_4.jpg'}]",0.0,6 Months,2,0,42.9,1bmbjAP5nOg,231.0,149000.00,False,True,True,True,True,MINIMUM,https://uploads-master.aws.bengalmeat.com/media/cattle-thumbnail/2025/BLF_4912_1.jpg,2025-05-08T11:07:39.909096+06:00,ORDERED
e93c12f7-ade9-49d4-a356-7359f58fa409,BLF 4709,COW,MALE_BULL,NON_RED,LOCAL,['GRASS_GRAIN_FED'],3 Years,"[{'id': '898ccdcc-5bbd-4abd-9f38-cf5d7aa6966f', 'image': 'https://uploads-master.aws.bengalmeat.com/media/cattle-image/2025/BLF_4709_2.jpg'}, {'id': '6ec79cef-a20c-43f5-8464-fedc486605d8', 'image': 'https://uploads-master.aws.bengalmeat.com/media/cattle-image/2025/BLF_4709_3.jpg'}, {'id': 'ef0a4704-4d80-4d67-975c-8a4eff7cd6cb', 'image': 'https://uploads-master.aws.bengalmeat.com/media/cattle-image/2025/BLF_4709.jpg'}]",0.0,6 Months,6,0,41.6,mffD3D8-N34,243.0,157000.00,False,True,True,True,True,MINIMUM,https://uploads-master.aws.bengalmeat.com/media/cattle-thumbnail/2025/BLF_4709_1.jpg,2025-04-24T15:15:05.526290+06:00,AVAILABLE
49c2b3d2-86cd-489b-b734-a4638176a441,BLF 4721,COW,MALE_BULL,RED,LOCAL,['GRASS_GRAIN_FED'],2.5 Years,"[{'id': '393a55fd-6124-4967-b277-46ab89dca605', 'image': 'https://uploads-master.aws.bengalmeat.com/media/cattle-image/2025/BLF_4721_2.jpg'}, {'id': '1392b09e-d104-4616-b857-96171b21fd2c', 'image': 'https://uploads-master.aws.bengalmeat.com/media/cattle-image/2025/BLF_4721_3.jpg'}, {'id': 'fbcac0e2-9c20-4afd-8bcf-dd3b16d29f1e', 'image': 'https://uploads-master.aws.bengalmeat.com/media/cattle-image/2025/BLF_4721_4.jpg'}]",0.0,6 Months,4,0,40.3,dYg0T6ChC40,212.0,138000.00,False,True,True,True,True,MINIMUM,https://uploads-master.aws.bengalmeat.com/media/cattle-thumbnail/2025/BLF_4721_1.jpg,2025-05-07T09:29:04.622206+06:00,AVAILABLE
58218ee4-2f0c-4bfa-8656-324edf64a18a,BLF 4735,COW,MALE_BULL,RED,LOCAL,['GRASS_GRAIN_FED'],2 Years,"[{'id': 'b032c7a0-672a-4520-aeaa-33887d38918d', 'image': 'https://uploads-master.aws.bengalmeat.com/media/cattle-image/2025/BLF_4735_2.jpg'}, {'id': '1ce3304a-4ef0-445e-8c2f-72459a900eb7', 'image': 'https://uploads-master.aws.bengalmeat.com/media/cattle-image/2025/BLF_4735_3.jpg'}, {'id': '4cbe1e97-5a53-423f-88f8-cb16439eaff5', 'image': 'https://uploads-master.aws.bengalmeat.com/media/cattle-image/2025/BLF_4735_4.jpg'}]",0.0,6 Months,2,0,44.4,XSt7rCLjHX4,274.0,174000.00,False,True,True,True,True,MINIMUM,https://uploads-master.aws.bengalmeat.com/media/cattle-thumbnail/2025/BLF_4735_1.jpg,2025-05-01T19:48:30.408991+06:00,AVAILABLE
6f3ab34e-b893-44d6-a328-a36884bc278f,BLF 4734,COW,MALE_BULL,NON_RED,HOSTINE_CROSS,['GRASS_GRAIN_FED'],2.5 Years,"[{'id': 'dc063879-435a-4cbd-94c4-986bc7214431', 'image': 'https://uploads-master.aws.bengalmeat.com/media/cattle-image/2025/BLF_4734_2.jpg'}, {'id': '953b407d-5185-4782-89d7-0ae62af765c3', 'image': 'https://uploads-master.aws.bengalmeat.com/media/cattle-image/2025/BLF_4734_3.jpg'}, {'id': '1271d4c1-f8ca-4114-af3c-9dbc69689b77', 'image': 'https://uploads-master.aws.bengalmeat.com/media/cattle-image/2025/BLF_4734_4.jpg'}]",0.0,6 Months,4,0,54.8,-OyKLhdXblM,447.0,279000.00,True,True,True,True,True,LARGE,https://uploads-master.aws.bengalmeat.com/media/cattle-thumbnail/2025/BLF_4734_1.jpg,2025-05-13T12:22:28.368336+06:00,AVAILABLE
1b8173a8-bc1c-44e2-85dd-b37b8e3d3fbb,BLF 4720,COW,MALE_BULL,NON_RED,LOCAL,['GRASS_GRAIN_FED'],2.5 Years,"[{'id': 'b6aa8675-cc14-4727-b1cf-54f817fcebbb', 'image': 'https://uploads-master.aws.bengalmeat.com/media/cattle-image/2025/BLF_4720_2.jpg'}, {'id': '2c94dd62-6b8b-4702-951f-96f6319869eb', 'image': 'https://uploads-master.aws.bengalmeat.com/media/cattle-image/2025/BLF_4720_3.jpg'}, {'id': '7217328f-8ed6-43ec-9b52-ba1d895cf9e2', 'image': 'https://uploads-master.aws.bengalmeat.com/media/cattle-image/2025/BLF_4720_4.jpg'}]",0.0,6 Months,4,0,41.6,LBOKMGFlpAE,252.0,161000.00,False,True,True,True,True,MINIMUM,https://uploads-master.aws.bengalmeat.com/media/cattle-thumbnail/2025/BLF_4720_1.jpg,2025-04-29T12:31:01.469053+06:00,AVAILABLE
783d773b-26ad-4337-bb4b-b5ff25e6fcf9,BLF 4708,COW,MALE_BULL,RED,RED_CHITTAGONG,['GRASS_GRAIN_FED'],2 Years,"[{'id': '8f51cc80-65c9-4e51-af9b-777c3190ec75', 'image': 'https://uploads-master.aws.bengalmeat.com/media/cattle-image/2025/BLF_4708_2.jpg'}, {'id': '040898fe-401d-41ac-a18b-9be3726c641d', 'image': 'https://uploads-master.aws.bengalmeat.com/media/cattle-image/2025/BLF_4708_3.jpg'}, {'id': 'b7f83213-307e-410e-9f5f-146df1f2f05f', 'image': 'https://uploads-master.aws.bengalmeat.com/media/cattle-image/2025/BLF_4708_4.jpg'}]",0.0,6 Months,2,0,42.0,FX4asfungPE,225.0,148000.00,False,True,True,True,True,MINIMUM,https://uploads-master.aws.bengalmeat.com/media/cattle-thumbnail/2025/BLF_4708_1.jpg,2025-04-24T15:11:13.801096+06:00,ORDERED
3629344d-a04e-49c3-aace-f2bca82c4db8,BLF 4913,COW,MALE_BULL,RED,LOCAL,['GRASS_GRAIN_FED'],2 Years,"[{'id': '637dd25d-a7cd-4554-a0da-185120eb6dbc', 'image': 'https://uploads-master.aws.bengalmeat.com/media/cattle-image/2025/BLF_4913_2.jpg'}, {'id': 'cc906a8a-0259-43ad-9183-3c2a10a8e024', 'image': 'https://uploads-master.aws.bengalmeat.com/media/cattle-image/2025/BLF_4913_3.jpg'}, {'id': '87c220b6-29e5-4974-a91a-19e02787c7f5', 'image': 'https://uploads-master.aws.bengalmeat.com/media/cattle-image/2025/BLF_4913_4.jpg'}]",0.0,6 Months,2,0,41.6,0ImPrrdrdQE,199.0,131000.00,False,True,True,True,True,MINIMUM,https://uploads-master.aws.bengalmeat.com/media/cattle-thumbnail/2025/BLF_4913_1.jpg,2025-05-11T16:08:46.206090+06:00,ORDERED
f2029153-ea97-40ba-8d12-6842ceb0b8ce,BLF 4907,COW,MALE_BULL,RED,LOCAL,['GRASS_GRAIN_FED'],2 Years,"[{'id': 'cc708453-fee0-4ab3-a0f7-3b288eb8592e', 'image': 'https://uploads-master.aws.bengalmeat.com/media/cattle-image/2025/BLF_4907_2.jpg'}, {'id': '575f9342-66aa-4c52-bf3e-b47f039f4b4a', 'image': 'https://uploads-master.aws.bengalmeat.com/media/cattle-image/2025/BLF_4907_3.jpg'}, {'id': 'ca39a78c-ff75-4bda-8717-3ca40967f3bf', 'image': 'https://uploads-master.aws.bengalmeat.com/media/cattle-image/2025/BLF_4907_4.jpg'}]",0.0,3 Months,2,0,48.3,VqGDbtyLdj0,369.0,233000.00,False,True,True,True,True,MINIMUM,https://uploads-master.aws.bengalmeat.com/media/cattle-thumbnail/2025/BLF_4907_1.jpg,2025-05-13T14:27:45.578334+06:00,AVAILABLE
28ef31ba-17a5-478c-ad1e-f4b8cbe42ae3,BLF 4898,COW,MALE_BULL,NON_RED,LOCAL,['GRASS_GRAIN_FED'],2 Years,"[{'id': '58432901-6af5-4bff-b153-ed9761c7d806', 'image': 'https://uploads-master.aws.bengalmeat.com/media/cattle-image/2025/BLF_4898_2.jpg'}, {'id': '64570e6a-9fd2-4f24-9eb2-1e2089fbad42', 'image': 'https://uploads-master.aws.bengalmeat.com/media/cattle-image/2025/BLF_4898_3.jpg'}, {'id': '799450d6-7167-4513-85e7-e6ef8b3f071f', 'image': 'https://uploads-master.aws.bengalmeat.com/media/cattle-image/2025/BLF_4898_4.jpg'}]",0.0,6 Months,2,0,45.5,CvQYqB6c2p0,300.0,192000.00,False,True,True,True,True,MEDIUM,https://uploads-master.aws.bengalmeat.com/media/cattle-thumbnail/2025/BLF_4898_1.jpg,2025-05-06T09:05:05.923066+06:00,AVAILABLE
3f64ec1a-030e-45b3-8f33-5b557a9610cc,BLF 4640,COW,MALE_BULL,NON_RED,LOCAL,['GRASS_GRAIN_FED'],2 Years,"[{'id': '0382fe43-65cc-4f70-a3eb-055eecad8df8', 'image': 'https://uploads-master.aws.bengalmeat.com/media/cattle-image/2025/BLF_4640_2.jpg'}, {'id': 'f07f12a8-f8c8-47ed-982d-3ba705950411', 'image': 'https://uploads-master.aws.bengalmeat.com/media/cattle-image/2025/BLF_4640_3.jpg'}, {'id': '2a5f1043-a889-489a-88a3-36eb32d905ef', 'image': 'https://uploads-master.aws.bengalmeat.com/media/cattle-image/2025/BLF_4640_4.jpg'}]",0.0,6 Months,2,0,42.7,mZuRzaw5JVE,284.0,180000.00,False,True,True,True,True,MINIMUM,https://uploads-master.aws.bengalmeat.com/media/cattle-thumbnail/2025/BLF_4640_1.jpg,2025-04-23T16:26:02.610793+06:00,AVAILABLE
a102a309-61c3-45ba-9240-bd686095e7d9,BLF 4654,COW,MALE_BULL,NON_RED,HOSTINE_CROSS,['GRASS_GRAIN_FED'],2 Years,"[{'id': 'ba7c0be3-6629-4602-b03c-4f487cf8aa16', 'image': 'https://uploads-master.aws.bengalmeat.com/media/cattle-image/2025/BLF_4654_2.jpg'}, {'id': 'cd2babec-f471-4418-a15c-29e821999523', 'image': 'https://uploads-master.aws.bengalmeat.com/media/cattle-image/2025/BLF_4654_3.jpg'}, {'id': '10293039-946d-4476-adf4-c378f660a139', 'image': 'https://uploads-master.aws.bengalmeat.com/media/cattle-image/2025/BLF_4654_4.jpg'}]",0.0,6 Months,2,0,42.8,y2t_HXlVIe0,258.0,161000.00,False,True,True,True,True,MINIMUM,https://uploads-master.aws.bengalmeat.com/media/cattle-thumbnail/2025/BLF_4654_1.jpg,2025-04-23T16:44:50.164162+06:00,AVAILABLE
4e73c66e-d195-4a12-8aa8-995a017b633d,BLF 4668,COW,MALE_BULL,NON_RED,LOCAL,['GRASS_GRAIN_FED'],2.5 Years,"[{'id': '30d285bc-7ce5-4f34-b110-f619d53e2e16', 'image': 'https://uploads-master.aws.bengalmeat.com/media/cattle-image/2025/BLF_4668_2.jpg'}, {'id': '2f523383-ec41-4d49-92d1-5a9e8a141af3', 'image': 'https://uploads-master.aws.bengalmeat.com/media/cattle-image/2025/BLF_4668_3.jpg'}, {'id': '4eb9770c-ba88-4213-a0bf-f7b56f4b3cd8', 'image': 'https://uploads-master.aws.bengalmeat.com/media/cattle-image/2025/BLF_4668_4.jpg'}]",0.0,6 Months,4,0,38.8,4NMkvRhJq5M,210.0,138000.00,False,True,True,True,True,MINIMUM,https://uploads-master.aws.bengalmeat.com/media/cattle-thumbnail/2025/BLF_4668_1.jpg,2025-04-24T10:24:48.711451+06:00,ORDERED
f20ee467-d2eb-40b7-9eb4-84c607701e27,BLF 4683,COW,MALE_BULL,NON_RED,LOCAL,['GRASS_GRAIN_FED'],2 Years,"[{'id': '77f2abf5-0678-46a7-8e27-5c880de0cc99', 'image': 'https://uploads-master.aws.bengalmeat.com/media/cattle-image/2025/BLF_4683_2.jpg'}, {'id': '1f214151-50dc-494b-b840-5fc15cf28bd8', 'image': 'https://uploads-master.aws.bengalmeat.com/media/cattle-image/2025/BLF_4683_3.jpg'}, {'id': '35973c96-a22f-4645-8ddf-c2f272e75c93', 'image': 'https://uploads-master.aws.bengalmeat.com/media/cattle-image/2025/BLF_4683_2_LxFc0yk.jpg'}]",0.0,6 Months,2,0,41.4,G4ZOfx3leHI,230.0,150000.00,False,True,True,True,True,MINIMUM,https://uploads-master.aws.bengalmeat.com/media/cattle-thumbnail/2025/BLF_4683_1_OR9xDDN.jpg,2025-04-24T11:38:25.997369+06:00,ORDERED
fd4bb5d1-1a1b-41bb-a289-51bc18533acd,BLF 4697,COW,MALE_BULL,RED,LOCAL,['GRASS_GRAIN_FED'],2.5 Years,"[{'id': '7abb453e-5061-419b-9828-c451b8951a6c', 'image': 'https://uploads-master.aws.bengalmeat.com/media/cattle-image/2025/BLF_4697_2.jpg'}, {'id': 'e21d3516-34de-4a38-841c-b4729b639185', 'image': 'https://uploads-master.aws.bengalmeat.com/media/cattle-image/2025/BLF_4697_3.jpg'}, {'id': '16704bf6-b9d8-43e4-9fb9-c18f2ef9cb1c', 'image': 'https://uploads-master.aws.bengalmeat.com/media/cattle-image/2025/BLF_4697.jpg'}]",0.0,6 Months,4,0,40.2,liJgwYDkAS4,254.0,163000.00,False,True,True,True,True,MINIMUM,https://uploads-master.aws.bengalmeat.com/media/cattle-thumbnail/2025/BLF_4697_1.jpg,2025-04-24T14:29:30.273087+06:00,AVAILABLE
22180b53-e9ea-4a7b-89a7-cbcf4a8ab8d6,BLF 4867,COW,MALE_BULL,NON_RED,LOCAL,['GRASS_GRAIN_FED'],2.5 Years,"[{'id': 'eaa69e71-61da-4158-a8ef-d9767f4a604d', 'image': 'https://uploads-master.aws.bengalmeat.com/media/cattle-image/2025/BLF_4867_2.jpg'}, {'id': '395397ea-6cec-45ab-b14c-e7faea1fec33', 'image': 'https://uploads-master.aws.bengalmeat.com/media/cattle-image/2025/BLF_4867_3.jpg'}, {'id': '947461ca-af44-4979-95fc-67afe7cb8498', 'image': 'https://uploads-master.aws.bengalmeat.com/media/cattle-image/2025/BLF_4867_4.jpg'}]",0.0,6 Months,4,0,40.0,ezr_GWUt1aI,300.0,190000.00,False,True,True,True,True,MINIMUM,https://uploads-master.aws.bengalmeat.com/media/cattle-thumbnail/2025/BLF_4867_1.jpg,2025-05-04T16:21:28.277411+06:00,AVAILABLE
c3944e88-44c3-472a-93d9-d77e8a6ffbfd,BLF 4873,COW,MALE_BULL,NON_RED,LOCAL,['GRASS_GRAIN_FED'],2 Years,"[{'id': '07706687-ca0b-4b8d-9105-97d82cf52aea', 'image': 'https://uploads-master.aws.bengalmeat.com/media/cattle-image/2025/BLF_4873_2.jpg'}, {'id': '9d293c75-412e-4f51-bd67-09875b573a5f', 'image': 'https://uploads-master.aws.bengalmeat.com/media/cattle-image/2025/BLF_4873_3.jpg'}, {'id': '03bd9d19-6a9a-4186-b640-2082ddbb5675', 'image': 'https://uploads-master.aws.bengalmeat.com/media/cattle-image/2025/BLF_4873_4.jpg'}]",0.0,6 Months,2,0,42.8,KrcuFWOxWgY,300.0,192000.00,False,True,True,True,True,MINIMUM,https://uploads-master.aws.bengalmeat.com/media/cattle-thumbnail/2025/BLF_4873_1.jpg,2025-05-04T11:49:12.827646+06:00,AVAILABLE
f72f1b49-8392-483d-9d36-a85047e99c3a,BLF 4865,COW,MALE_BULL,NON_RED,HOSTINE_CROSS,['GRASS_FED_GRAIN_FINISHED'],2.5 Years,"[{'id': 'ec093938-f0eb-40be-87a6-24fd8534a094', 'image': 'https://uploads-master.aws.bengalmeat.com/media/cattle-image/2025/BLF_4865_2.jpg'}, {'id': 'b839ff08-9cdb-44e9-aca7-08aad3989cc0', 'image': 'https://uploads-master.aws.bengalmeat.com/media/cattle-image/2025/BLF_4865_3.jpg'}, {'id': '713f0b77-4bbd-491f-a740-566ffa3c6bfd', 'image': 'https://uploads-master.aws.bengalmeat.com/media/cattle-image/2025/BLF_4865_4.jpg'}]",0.0,12 Months,4,0,58.8,TFijsintOcs,670.0,406000.00,True,True,True,True,True,EXTRA_LARGE,https://uploads-master.aws.bengalmeat.com/media/cattle-thumbnail/2025/BLF_4865_1.jpg,2025-05-03T16:16:31.966877+06:00,AVAILABLE
1f5f8d71-b9ca-4ea0-9872-066a4fb7106c,BLF 4871,COW,MALE_BULL,RED,LOCAL,['GRASS_GRAIN_FED'],2.5 Years,"[{'id': 'b897625c-3c00-4e5b-8048-f1d4be9c5c8f', 'image': 'https://uploads-master.aws.bengalmeat.com/media/cattle-image/2025/BLF_4871_2.jpg'}, {'id': 'a906e03a-f54c-44df-90bc-98ece22e89fb', 'image': 'https://uploads-master.aws.bengalmeat.com/media/cattle-image/2025/BLF_4871_3.jpg'}, {'id': '9193fd07-9cdc-4517-9b3c-cdb1717ef9c6', 'image': 'https://uploads-master.aws.bengalmeat.com/media/cattle-image/2025/BLF_4871_4.jpg'}]",0.0,6 Months,4,0,44.6,fM4OxcKD6ng,344.0,215000.00,False,True,True,True,True,MINIMUM,https://uploads-master.aws.bengalmeat.com/media/cattle-thumbnail/2025/BLF_4871_1.jpg,2025-05-05T15:22:02.162572+06:00,AVAILABLE
ad263884-28d6-4cca-ae70-005a0621c51c,BLF 4859,COW,MALE_BULL,NON_RED,LOCAL,['GRASS_FED_GRASS_FINISHED'],2 Years,"[{'id': '0e575617-31a0-4b2c-bde0-9c6968bbc1a2', 'image': 'https://uploads-master.aws.bengalmeat.com/media/cattle-image/2025/BLF_4859_2.jpg'}, {'id': '4be9950f-c9b4-472d-a78b-6a5bfe2248c4', 'image': 'https://uploads-master.aws.bengalmeat.com/media/cattle-image/2025/BLF_4859_3.jpg'}, {'id': '50c8cc39-aa4c-4a86-bfe5-4022bac9cd21', 'image': 'https://uploads-master.aws.bengalmeat.com/media/cattle-image/2025/BLF_4859_4.jpg'}]",0.0,12 Months,2,0,44.4,EdsutyIdduQ,310.0,196000.00,False,True,True,True,True,MINIMUM,https://uploads-master.aws.bengalmeat.com/media/cattle-thumbnail/2025/BLF_4859_1.jpg,2025-05-03T16:01:07.468027+06:00,AVAILABLE
121d1557-3390-4a5d-9488-3223b0cd8c5a,BLF 4681,COW,MALE_BULL,RED,LOCAL,['GRASS_GRAIN_FED'],2 Years,"[{'id': '5390811a-05a0-4000-8b50-3e62b8b4ccb8', 'image': 'https://uploads-master.aws.bengalmeat.com/media/cattle-image/2025/BLF_4681_1.jpg'}, {'id': 'fd0af16d-8be7-40c6-9c6a-fbd79973e8f8', 'image': 'https://uploads-master.aws.bengalmeat.com/media/cattle-image/2025/BLF_4681_3_YThuVeF.jpg'}, {'id': '90c71302-6ea7-4efa-a4cc-916b94ce44ba', 'image': 'https://uploads-master.aws.bengalmeat.com/media/cattle-image/2025/BLF_4681_4_D1WbPEl.jpg'}]",0.0,6 Months,2,0,40.9,mpLaX_VU0VQ,240.0,155000.00,False,True,True,True,True,MINIMUM,https://uploads-master.aws.bengalmeat.com/media/cattle-thumbnail/2025/BLF_4681_1.jpg,2025-04-24T11:32:09.910441+06:00,AVAILABLE
d7d6c337-fb03-4566-a4dd-f98fca9b012c,BLF 4695,COW,MALE_BULL,RED,LOCAL,['GRASS_GRAIN_FED'],2 Years,"[{'id': 'a6560de1-9186-471c-9e3e-ccc11e490235', 'image': 'https://uploads-master.aws.bengalmeat.com/media/cattle-image/2025/BLF_4695_2.jpg'}, {'id': '39306290-c68d-416c-a1d6-9c8b83ce7060', 'image': 'https://uploads-master.aws.bengalmeat.com/media/cattle-image/2025/BLF_4695_3.jpg'}, {'id': '75ba94dc-2d90-4779-8030-62116b4653aa', 'image': 'https://uploads-master.aws.bengalmeat.com/media/cattle-image/2025/BLF_4695_4.jpg'}]",0.0,6 Months,2,0,38.8,S5dGePPJFxg,188.0,125000.00,False,True,True,True,True,MINIMUM,https://uploads-master.aws.bengalmeat.com/media/cattle-thumbnail/2025/BLF_4695_1.jpg,2025-04-24T12:44:50.400439+06:00,ORDERED
eb209b05-ee2f-4660-bf5b-a71e54b035a1,BLF 4642,COW,MALE_BULL,RED,LOCAL,['GRASS_GRAIN_FED'],2 Years,"[{'id': 'b0d3bec3-46d3-4abb-97c2-a3bcad81c0f2', 'image': 'https://uploads-master.aws.bengalmeat.com/media/cattle-image/2025/BLF_4642_2.jpg'}, {'id': '218e97fd-e450-47ff-8c50-35a45a25c59f', 'image': 'https://uploads-master.aws.bengalmeat.com/media/cattle-image/2025/BLF_4642_3.jpg'}, {'id': 'e4910e2f-e8cd-4ed7-a6c2-c4e3aaacfa9f', 'image': 'https://uploads-master.aws.bengalmeat.com/media/cattle-image/2025/BLF_4642_4.jpg'}]",0.0,6 Months,2,0,41.5,x4p6QIllVAo,234.0,153000.00,False,True,True,True,True,MINIMUM,https://uploads-master.aws.bengalmeat.com/media/cattle-thumbnail/2025/BLF_4642_1.jpg,2025-04-23T16:28:30.640692+06:00,AVAILABLE
c3417c44-99d2-4f8d-9718-a4be30925b59,BLF 4656,COW,MALE_BULL,NON_RED,LOCAL,['GRASS_GRAIN_FED'],2 Years,"[{'id': 'e52af602-c21e-42fe-8e07-aacf5b6939c1', 'image': 'https://uploads-master.aws.bengalmeat.com/media/cattle-image/2025/BLF_4656_2.jpg'}, {'id': '76f00f84-679c-4c91-950c-bdf46d326a06', 'image': 'https://uploads-master.aws.bengalmeat.com/media/cattle-image/2025/BLF_4656_3.jpg'}, {'id': '2c601b34-65e4-4f14-8144-2425f462e353', 'image': 'https://uploads-master.aws.bengalmeat.com/media/cattle-image/2025/BLF_4656.jpg'}]",0.0,6 Months,2,0,41.8,_kgFJ26gXyQ,230.0,150000.00,False,True,True,True,True,MINIMUM,https://uploads-master.aws.bengalmeat.com/media/cattle-thumbnail/2025/BLF_4656_1.jpg,2025-04-24T08:09:27.293561+06:00,AVAILABLE
a5843433-400f-4e97-9049-af576a929b2e,BLF 4911,COW,MALE_BULL,NON_RED,LOCAL,['GRASS_GRAIN_FED'],2.5 Years,"[{'id': 'f1c9fd14-a090-4624-b99a-d1199b67c070', 'image': 'https://uploads-master.aws.bengalmeat.com/media/cattle-image/2025/BLF_4911_2.jpg'}, {'id': '8adc4abc-ad7d-4815-9f0f-869bc33ff444', 'image': 'https://uploads-master.aws.bengalmeat.com/media/cattle-image/2025/BLF_4911_3.jpg'}, {'id': 'cb87dd95-7fbd-4690-9be6-52dcf6bcabb7', 'image': 'https://uploads-master.aws.bengalmeat.com/media/cattle-image/2025/BLF_4911_4.jpg'}]",0.0,6 Months,4,0,34.0,g3Fz0Qnr1fg,140.0,93000.00,False,True,True,True,True,MINIMUM,https://uploads-master.aws.bengalmeat.com/media/cattle-thumbnail/2025/BLF_4911_1.jpg,2025-05-06T10:17:39.107856+06:00,ORDERED
018c846e-f3e9-45c7-ab71-54f7840493e5,BLF 4905,COW,MALE_BULL,RED,LOCAL,['GRASS_GRAIN_FED'],2.5 Years,"[{'id': '986b8e56-b117-4703-b53d-c14b0805e3f3', 'image': 'https://uploads-master.aws.bengalmeat.com/media/cattle-image/2025/BLF_4905_2.jpg'}, {'id': '09cfa057-0ad3-45b2-ba9a-48f39530d99c', 'image': 'https://uploads-master.aws.bengalmeat.com/media/cattle-image/2025/BLF_4905_3.jpg'}, {'id': 'f9bc918a-eb8c-46c0-ae18-ff8240fe6e04', 'image': 'https://uploads-master.aws.bengalmeat.com/media/cattle-image/2025/BLF_4905_4.jpg'}]",0.0,6 Months,4,0,44.11,Zv9ukMgG4ek,372.0,235000.00,False,True,True,True,True,MINIMUM,https://uploads-master.aws.bengalmeat.com/media/cattle-thumbnail/2025/BLF_4905_1.jpg,2025-05-06T10:06:12.806849+06:00,AVAILABLE
31d10b2e-242b-4d7a-8dad-75591f2daa03,BLF 4939,COW,MALE_BULL,NON_RED,LOCAL,['GRASS_GRAIN_FED'],3 Years,"[{'id': 'a6d7c12d-157f-4dc1-841a-6c1166ac4b13', 'image': 'https://uploads-master.aws.bengalmeat.com/media/cattle-image/2025/BLF_4939_2.jpg'}, {'id': 'c4b9603d-69ca-4834-b7e9-28cb69ddbb0b', 'image': 'https://uploads-master.aws.bengalmeat.com/media/cattle-image/2025/BLF_4939_3.jpg'}, {'id': 'de958457-aae0-4a2e-8e5b-94fb376a2d37', 'image': 'https://uploads-master.aws.bengalmeat.com/media/cattle-image/2025/BLF_4939_4.jpg'}]",0.0,3 Months,6,0,39.8,vVsFzkw0fmU,178.0,116000.00,False,True,True,True,True,MINIMUM,https://uploads-master.aws.bengalmeat.com/media/cattle-thumbnail/2025/BLF_4939_1.jpg,2025-05-27T16:54:51.346246+06:00,ORDERED
2841d4dd-346e-4899-a081-1e6f69205e93,BLF 4736,COW,MALE_BULL,RED,LOCAL,['GRASS_GRAIN_FED'],2 Years,"[{'id': '16e1fe78-3538-44b0-8901-98eb7cd9b07e', 'image': 'https://uploads-master.aws.bengalmeat.com/media/cattle-image/2025/BLF_4736_2.jpg'}, {'id': '8581ae9b-80b7-469d-a0e0-73ffdd0f6c90', 'image': 'https://uploads-master.aws.bengalmeat.com/media/cattle-image/2025/BLF_4736_3.jpg'}, {'id': 'bb463439-d675-4bf9-ae34-3c86caa1e61d', 'image': 'https://uploads-master.aws.bengalmeat.com/media/cattle-image/2025/BLF_4736_4.jpg'}]",0.0,6 Months,2,0,44.3,Lp-AubPhEXI,260.0,165000.00,False,True,True,True,True,MINIMUM,https://uploads-master.aws.bengalmeat.com/media/cattle-thumbnail/2025/BLF_4736_1.jpg,2025-05-07T09:40:30.651460+06:00,AVAILABLE
93147d14-03c4-465a-9b4b-f3094a4922c5,BLF 4722,COW,MALE_BULL,NON_RED,LOCAL,['GRASS_GRAIN_FED'],2 Years,"[{'id': 'ef35f83b-b319-46ab-b9e0-d991a5443dfe', 'image': 'https://uploads-master.aws.bengalmeat.com/media/cattle-image/2025/BLF_4722_2.jpg'}, {'id': 'bf9d514f-1a7e-4acc-bd8e-3ca48d6ca01a', 'image': 'https://uploads-master.aws.bengalmeat.com/media/cattle-image/2025/BLF_4722_3.jpg'}, {'id': '805716fb-17cc-405f-9e0c-8597825fbe1b', 'image': 'https://uploads-master.aws.bengalmeat.com/media/cattle-image/2025/BLF_4722_4.jpg'}]",0.0,6 Months,2,0,42.0,HL2ZCaiEKmU,242.0,156000.00,False,True,True,True,True,MINIMUM,https://uploads-master.aws.bengalmeat.com/media/cattle-thumbnail/2025/BLF_4722_1.jpg,2025-05-07T09:30:45.647363+06:00,AVAILABLE
e34efc1f-7c97-480f-a1ca-593ea9311cf7,BLF 4723,COW,MALE_BULL,RED,LOCAL,['GRASS_GRAIN_FED'],2 Years,"[{'id': '679afb03-37a2-4628-944d-561f3f1b0b46', 'image': 'https://uploads-master.aws.bengalmeat.com/media/cattle-image/2025/BLF_4723_2.jpg'}, {'id': '32d1e2c2-e461-47e2-81fa-d9a74086fbb4', 'image': 'https://uploads-master.aws.bengalmeat.com/media/cattle-image/2025/BLF_4723_3.jpg'}, {'id': '70705147-fadf-43db-b07f-700e5e5cf08b', 'image': 'https://uploads-master.aws.bengalmeat.com/media/cattle-image/2025/BLF_4723_4.jpg'}]",0.0,6 Months,2,0,43.0,ZjdqVsJPdAw,267.0,170000.00,False,True,True,True,True,MINIMUM,https://uploads-master.aws.bengalmeat.com/media/cattle-thumbnail/2025/BLF_4723_1.jpg,2025-04-24T15:28:52.718314+06:00,AVAILABLE
8294737a-d3b8-43de-b8f0-d245b2dadcc0,BLF 4737,COW,MALE_BULL,RED,LOCAL,['GRASS_GRAIN_FED'],2 Years,"[{'id': 'a070f2c0-5c87-4ff4-88ed-da1d6af82c28', 'image': 'https://uploads-master.aws.bengalmeat.com/media/cattle-image/2025/BLF_4737_2.jpg'}, {'id': '78a7fcdd-d790-4565-90c6-e10d3845c477', 'image': 'https://uploads-master.aws.bengalmeat.com/media/cattle-image/2025/BLF_4737_3.jpg'}, {'id': 'a1cd4183-dde4-4e5f-ad94-7bc4b13a2c20', 'image': 'https://uploads-master.aws.bengalmeat.com/media/cattle-image/2025/BLF_4737_4.jpg'}]",0.0,6 Months,2,0,42.0,Gs0AvdUHx6o,243.0,157000.00,False,True,True,True,True,MINIMUM,https://uploads-master.aws.bengalmeat.com/media/cattle-thumbnail/2025/BLF_4737_1.jpg,2025-05-07T10:31:16.941244+06:00,AVAILABLE
d36280b7-1a39-4042-9f55-c6c3315bf186,BLF 4938,COW,MALE_BULL,RED,LOCAL,['GRASS_GRAIN_FED'],2 Years,"[{'id': '5318cffc-43c9-4b43-a72a-f55ed1226237', 'image': 'https://uploads-master.aws.bengalmeat.com/media/cattle-image/2025/BLF_4938_2.jpg'}, {'id': '5b19b465-409e-4f3b-8a4e-b9b01eea2073', 'image': 'https://uploads-master.aws.bengalmeat.com/media/cattle-image/2025/BLF_4938_3.jpg'}, {'id': '86bd1845-23bc-4ee4-bf55-d7071cae955b', 'image': 'https://uploads-master.aws.bengalmeat.com/media/cattle-image/2025/BLF_4938_4.jpg'}]",0.0,3 Months,2,0,40.3,NQJhbcNHMYQ,192.0,126000.00,False,True,True,True,True,MINIMUM,https://uploads-master.aws.bengalmeat.com/media/cattle-thumbnail/2025/BLF_4938_1.jpg,2025-05-22T09:54:31.634938+06:00,AVAILABLE
fc4670c6-4858-4a3e-b91f-24f34b1ae2a2,BLF 4904,COW,MALE_BULL,RED,LOCAL,['GRASS_GRAIN_FED'],3 Years,"[{'id': '592ac6dc-64b2-4566-9dfb-6ab17bf8c7b8', 'image': 'https://uploads-master.aws.bengalmeat.com/media/cattle-image/2025/BLF_4904_2.jpg'}, {'id': 'a656d218-3901-40d1-99c2-aacb4dbc47aa', 'image': 'https://uploads-master.aws.bengalmeat.com/media/cattle-image/2025/BLF_4904_3.jpg'}, {'id': '1e8d0718-a84a-4065-9c06-a6b35b159a2c', 'image': 'https://uploads-master.aws.bengalmeat.com/media/cattle-image/2025/BLF_4904_4.jpg'}]",0.0,3 Months,6,0,48.3,A3bGllhHXxY,406.0,255000.00,False,True,True,True,True,MEDIUM,https://uploads-master.aws.bengalmeat.com/media/cattle-thumbnail/2025/BLF_4904_1.jpg,2025-05-13T14:25:37.771350+06:00,AVAILABLE
92e67044-a439-4236-bb7a-5b4aa3f3b208,BLF 4910,COW,MALE_BULL,NON_RED,LOCAL,['GRASS_GRAIN_FED'],2.5 Years,"[{'id': 'c0e5e9b5-79a3-48be-a5c5-d6caa5cba407', 'image': 'https://uploads-master.aws.bengalmeat.com/media/cattle-image/2025/BLF_4910_2.jpg'}, {'id': '2883459b-4a8a-450e-b903-5e1c7c584816', 'image': 'https://uploads-master.aws.bengalmeat.com/media/cattle-image/2025/BLF_4910_3.jpg'}, {'id': '22ffe298-c73d-4b4f-b29e-f4d71bfef55d', 'image': 'https://uploads-master.aws.bengalmeat.com/media/cattle-image/2025/BLF_4910_4.jpg'}]",0.0,6 Months,4,0,45.6,UoSqxsLgyaY,343.0,215000.00,False,True,True,True,True,MEDIUM,https://uploads-master.aws.bengalmeat.com/media/cattle-thumbnail/2025/BLF_4910_1.jpg,2025-05-06T10:15:48.112736+06:00,AVAILABLE
246a055d-8efa-4bef-b25f-812071474b8e,BLF 4657,COW,MALE_BULL,NON_RED,LOCAL,['GRASS_GRAIN_FED'],2 Years,"[{'id': 'eaf0f7a7-d9fc-4ad9-88a8-fe2368a3c306', 'image': 'https://uploads-master.aws.bengalmeat.com/media/cattle-image/2025/BLF_4657_2.jpg'}, {'id': 'e492fe54-985e-42f6-976d-9ca1be0362cf', 'image': 'https://uploads-master.aws.bengalmeat.com/media/cattle-image/2025/BLF_4657_3.jpg'}, {'id': '227ddbd2-065f-4173-bb62-fe75c5ed6476', 'image': 'https://uploads-master.aws.bengalmeat.com/media/cattle-image/2025/BLF_4657_4.jpg'}]",0.0,6 Months,2,0,42.8,0YnzohyUWi0,265.0,169000.00,False,True,True,True,True,MINIMUM,https://uploads-master.aws.bengalmeat.com/media/cattle-thumbnail/2025/BLF_4657_1.jpg,2025-04-24T08:11:36.809707+06:00,AVAILABLE
e41326c0-c196-4a7a-92b9-5de55aa78641,BLF 4643,COW,MALE_BULL,RED,LOCAL,['GRASS_GRAIN_FED'],2 Years,"[{'id': '2a8c5638-9f5d-429d-b102-8f1ef1127ec0', 'image': 'https://uploads-master.aws.bengalmeat.com/media/cattle-image/2025/BLF_4643_2.jpg'}, {'id': 'f0622bb1-e1d4-47af-9503-c740aa6d7c49', 'image': 'https://uploads-master.aws.bengalmeat.com/media/cattle-image/2025/BLF_4643_3.jpg'}, {'id': '55500ce9-53b9-4a4e-87b2-3cfb70591550', 'image': 'https://uploads-master.aws.bengalmeat.com/media/cattle-image/2025/BLF_4643_4.jpg'}]",0.0,6 Months,2,0,39.5,LzZv-vkCssk,254.0,163000.00,False,True,True,True,True,MINIMUM,https://uploads-master.aws.bengalmeat.com/media/cattle-thumbnail/2025/BLF_4643_1.jpg,2025-04-23T16:30:22.532455+06:00,AVAILABLE
ad328433-264a-4b13-a8f7-2f8769138c3e,BLF 4694,COW,MALE_BULL,RED,LOCAL,['GRASS_GRAIN_FED'],2.5 Years,"[{'id': '83743f73-d3c0-4534-a01f-f3837576f720', 'image': 'https://uploads-master.aws.bengalmeat.com/media/cattle-image/2025/BLF_4694_2.jpg'}, {'id': '01cf359d-6074-4329-8c4d-0929ab00734f', 'image': 'https://uploads-master.aws.bengalmeat.com/media/cattle-image/2025/BLF_4694_3.jpg'}, {'id': 'b84b6222-7480-47ad-a7d2-844d83afe4b6', 'image': 'https://uploads-master.aws.bengalmeat.com/media/cattle-image/2025/BLF_4694_4.jpg'}]",0.0,6 Months,4,0,40.0,ClTzYysyMdI,251.0,161000.00,True,True,True,True,True,MINIMUM,https://uploads-master.aws.bengalmeat.com/media/cattle-thumbnail/2025/BLF_4694_1.jpg,2025-04-24T12:43:28.259357+06:00,AVAILABLE
ae3b09db-4da0-4037-9f64-cd87cc0d5528,BLF 4680,COW,MALE_BULL,RED,SAHIWAL,['GRASS_GRAIN_FED'],2 Years,"[{'id': '7da1b0e5-f039-467d-be1e-b620a1cdf2fc', 'image': 'https://uploads-master.aws.bengalmeat.com/media/cattle-image/2025/BLF_4680_2.jpg'}, {'id': 'b6211eff-f47d-474a-8d47-c92dc233a29d', 'image': 'https://uploads-master.aws.bengalmeat.com/media/cattle-image/2025/BLF_4680_3.jpg'}, {'id': '2083e2f2-a570-4ebb-9824-9de5e5ce32ef', 'image': 'https://uploads-master.aws.bengalmeat.com/media/cattle-image/2025/BLF_4680_4.jpg'}]",0.0,6 Months,2,0,42.5,wIpB7uVXYOE,242.0,157000.00,False,True,True,True,True,MINIMUM,https://uploads-master.aws.bengalmeat.com/media/cattle-thumbnail/2025/BLF_4680_1.jpg,2025-04-24T11:29:43.401277+06:00,AVAILABLE
b9e96274-fc02-4b37-9fcc-58ab6430640f,BLF 4858,COW,MALE_BULL,NON_RED,LOCAL,['GRASS_GRAIN_FED'],2 Years,"[{'id': '18f6117f-6fac-4f30-8b4b-63c269a2e7c2', 'image': 'https://uploads-master.aws.bengalmeat.com/media/cattle-image/2025/BLF_4858_2.jpg'}, {'id': 'e06e7011-1c1a-4e4b-87fb-0d76fbf3192f', 'image': 'https://uploads-master.aws.bengalmeat.com/media/cattle-image/2025/BLF_4858_3.jpg'}, {'id': 'd9bf6e7f-dea9-45bc-8f25-ee92de0ce054', 'image': 'https://uploads-master.aws.bengalmeat.com/media/cattle-image/2025/BLF_4858_4.jpg'}]",0.0,6 Months,2,0,39.1,z7McNdphDQM,210.0,136000.00,False,True,True,True,True,MINIMUM,https://uploads-master.aws.bengalmeat.com/media/cattle-thumbnail/2025/BLF_4858_1.jpg,2025-05-05T15:20:24.079599+06:00,AVAILABLE
9e404062-c5b2-4ec9-b557-2f10e69fe355,BLF 4870,COW,MALE_BULL,NON_RED,HOSTINE_CROSS,['GRASS_FED_GRASS_FINISHED'],2.5 Years,"[{'id': '57d3f4a3-85a4-4a48-8196-2687123248dd', 'image': 'https://uploads-master.aws.bengalmeat.com/media/cattle-image/2025/BLF_4870_2.jpg'}, {'id': '4218d00b-839e-4446-8a35-d4ec3d2b8cb8', 'image': 'https://uploads-master.aws.bengalmeat.com/media/cattle-image/2025/BLF_4870_3.jpg'}, {'id': '3a9614f7-0603-4ea6-8f28-d81670005a2a', 'image': 'https://uploads-master.aws.bengalmeat.com/media/cattle-image/2025/BLF_4870_4.jpg'}]",0.0,12 Months,4,0,46.8,wOQxzMXWKNo,376.0,232000.00,False,True,True,True,True,MEDIUM,https://uploads-master.aws.bengalmeat.com/media/cattle-thumbnail/2025/BLF_4870_1_5E0D6G9.jpg,2025-05-04T11:46:25.623679+06:00,AVAILABLE
cdb06cc7-af10-4a7c-a8de-5e7c5bb2b209,BLF 4864,COW,MALE_BULL,NON_RED,HOSTINE_CROSS,['GRASS_FED_GRAIN_FINISHED'],3 Years,"[{'id': '7bec5cd5-d451-4c77-9563-07fbd9ae668a', 'image': 'https://uploads-master.aws.bengalmeat.com/media/cattle-image/2025/BLF_4864_2.jpg'}, {'id': '7e51ece6-f134-4ff3-a17f-fcbec16e394a', 'image': 'https://uploads-master.aws.bengalmeat.com/media/cattle-image/2025/BLF_4864_3.jpg'}, {'id': '7c093833-bd0b-4327-a10d-4d9227534385', 'image': 'https://uploads-master.aws.bengalmeat.com/media/cattle-image/2025/BLF_4864_4.jpg'}]",0.0,12 Months,6,0,58.9,k5DkWR24tGY,800.0,490000.00,True,True,True,True,True,EXTRA_LARGE,https://uploads-master.aws.bengalmeat.com/media/cattle-thumbnail/2025/BLF_4864_1.jpg,2025-05-03T16:14:33.972599+06:00,AVAILABLE
359d5e9e-8647-4b3a-bc79-8d082e0149c2,BLF 4684,COW,MALE_BULL,NON_RED,LOCAL,['GRASS_GRAIN_FED'],2 Years,"[{'id': 'bcb3db72-1a30-4f5a-9cde-11ad9289aa47', 'image': 'https://uploads-master.aws.bengalmeat.com/media/cattle-image/2025/BLF_4684_2.jpg'}, {'id': '27542fbf-cb3a-4acb-9d1b-fb12d5678a2d', 'image': 'https://uploads-master.aws.bengalmeat.com/media/cattle-image/2025/BLF_4684_3.jpg'}, {'id': '90004321-ed8a-4411-97fd-0c37b09f22f1', 'image': 'https://uploads-master.aws.bengalmeat.com/media/cattle-image/2025/BLF_4684_4.jpg'}]",0.0,6 Months,2,0,41.0,JbDGgGuu9fQ,246.0,159000.00,False,True,True,True,True,MINIMUM,https://uploads-master.aws.bengalmeat.com/media/cattle-thumbnail/2025/BLF_4684_1.jpg,2025-04-24T11:40:50.874419+06:00,AVAILABLE
5d675c1b-a3cd-434e-b5cc-9fe3b322b9b8,BLF 4848,COW,MALE_BULL,RED,LOCAL,['GRASS_FED_GRASS_FINISHED'],2 Years,"[{'id': '764cadd1-039b-449a-b8c3-3e22547b0da6', 'image': 'https://uploads-master.aws.bengalmeat.com/media/cattle-image/2025/BLF_4848_2.jpg'}, {'id': 'e98868d3-be79-48ff-a27e-405dff6fba65', 'image': 'https://uploads-master.aws.bengalmeat.com/media/cattle-image/2025/BLF_4848_3.jpg'}, {'id': '6a0eb07c-42a0-4f0d-9690-278add8547ce', 'image': 'https://uploads-master.aws.bengalmeat.com/media/cattle-image/2025/BLF_4848_4.jpg'}]",0.0,12 Months,2,0,44.0,I5aOXh7k1Uk,307.0,195000.00,False,True,True,True,True,MINIMUM,https://uploads-master.aws.bengalmeat.com/media/cattle-thumbnail/2025/BLF_4848_1.jpg,2025-05-01T15:31:50.763178+06:00,AVAILABLE
07e187dc-66cd-4814-96ca-7e262ad0ef9e,BLF 4690,COW,MALE_BULL,RED,LOCAL,['GRASS_GRAIN_FED'],2 Years,"[{'id': 'b17b2f56-2986-418f-aa98-9db51b194aa2', 'image': 'https://uploads-master.aws.bengalmeat.com/media/cattle-image/2025/BLF_4690_2.jpg'}, {'id': '12d9d279-59f7-4134-84f0-1e54abe32602', 'image': 'https://uploads-master.aws.bengalmeat.com/media/cattle-image/2025/BLF_4690_3.jpg'}, {'id': '74a384f6-ca4c-49bd-8fce-c7030220791e', 'image': 'https://uploads-master.aws.bengalmeat.com/media/cattle-image/2025/BLF_4690_4.jpg'}]",0.0,6 Months,2,0,42.6,RHR1MynIraY,269.0,172000.00,False,True,True,True,True,MINIMUM,https://uploads-master.aws.bengalmeat.com/media/cattle-thumbnail/2025/BLF_4690_1.jpg,2025-04-24T12:01:28.036033+06:00,AVAILABLE
5f3dc0df-04fe-492b-b17c-9f7756e5d79d,BLF 4860,COW,MALE_BULL,RED,LOCAL,['GRASS_FED_GRASS_FINISHED'],2 Years,"[{'id': '2616d2f5-21ab-4161-b2c5-70684969d998', 'image': 'https://uploads-master.aws.bengalmeat.com/media/cattle-image/2025/BLF_4860_2.jpg'}, {'id': '05086744-fbb1-4231-9f46-706c9130f0cb', 'image': 'https://uploads-master.aws.bengalmeat.com/media/cattle-image/2025/BLF_4860_3.jpg'}, {'id': '17ab5bc6-6b84-456d-9ad7-79301b8e2977', 'image': 'https://uploads-master.aws.bengalmeat.com/media/cattle-image/2025/BLF_4860_4.jpg'}]",0.0,12 Months,2,0,47.4,6OusF3oisEM,328.0,209000.00,False,True,True,True,True,MEDIUM,https://uploads-master.aws.bengalmeat.com/media/cattle-thumbnail/2025/BLF_4860_1.jpg,2025-05-03T16:03:20.497680+06:00,AVAILABLE
0c4bf88d-d4bd-4f81-a855-e1c2f6d9166e,BLF 4874,COW,MALE_BULL,RED,HOSTINE_CROSS,['GRASS_GRAIN_FED'],2 Years,"[{'id': '2b4ffacb-5f51-42d4-aff5-37b3e201c773', 'image': 'https://uploads-master.aws.bengalmeat.com/media/cattle-image/2025/BLF_4874_2.jpg'}, {'id': '1b14b0fc-ade6-47b0-9a6f-f73730d274e1', 'image': 'https://uploads-master.aws.bengalmeat.com/media/cattle-image/2025/BLF_4874_3.jpg'}, {'id': '08f5862c-1884-474c-994b-478f4f593bc2', 'image': 'https://uploads-master.aws.bengalmeat.com/media/cattle-image/2025/BLF_4874_4.jpg'}]",0.0,6 Months,2,0,47.0,CnqzoGiOlXU,320.0,205000.00,False,True,True,True,True,MEDIUM,https://uploads-master.aws.bengalmeat.com/media/cattle-thumbnail/2025/BLF_4874_1.jpg,2025-05-05T15:27:29.493080+06:00,AVAILABLE
a07beed3-8c5a-440b-b73f-32c40acbf588,BLF 4647,COW,MALE_BULL,RED,LOCAL,['GRASS_GRAIN_FED'],2.5 Years,"[{'id': 'd5bff50f-8897-42e9-b752-e7a167e61267', 'image': 'https://uploads-master.aws.bengalmeat.com/media/cattle-image/2025/BLF_4647_2.jpg'}, {'id': 'd51d232e-2933-4fac-bf5e-3dfaf88bc6f6', 'image': 'https://uploads-master.aws.bengalmeat.com/media/cattle-image/2025/BLF_4647_3.jpg'}, {'id': 'acbfa5a5-3e0a-479b-91a0-1faeb370d438', 'image': 'https://uploads-master.aws.bengalmeat.com/media/cattle-image/2025/BLF_4647_4.jpg'}]",0.0,6 Months,4,0,41.5,msUPx9uvCck,237.0,155000.00,False,True,True,True,True,MINIMUM,https://uploads-master.aws.bengalmeat.com/media/cattle-thumbnail/2025/BLF_4647_1.jpg,2025-05-13T12:18:43.050540+06:00,AVAILABLE
37d88b29-2015-4315-89b9-598af51f2deb,BLF 4653,COW,MALE_BULL,NON_RED,LOCAL,['GRASS_GRAIN_FED'],2 Years,"[{'id': '1a74f7c5-62c1-4aca-992d-72cd8f93d67e', 'image': 'https://uploads-master.aws.bengalmeat.com/media/cattle-image/2025/BLF_4653_2.jpg'}, {'id': 'c4cf3cff-bcdc-40a3-bb63-63d4afba0e34', 'image': 'https://uploads-master.aws.bengalmeat.com/media/cattle-image/2025/BLF_4653_3.jpg'}, {'id': 'f19aff2c-b626-48bd-b3a4-97d84e191e53', 'image': 'https://uploads-master.aws.bengalmeat.com/media/cattle-image/2025/BLF_4653_4.jpg'}]",0.0,6 Months,2,0,39.4,Jcl9cnJVfbY,232.0,151000.00,False,True,True,True,True,MINIMUM,https://uploads-master.aws.bengalmeat.com/media/cattle-thumbnail/2025/BLF_4653_1.jpg,2025-04-23T16:43:27.088847+06:00,AVAILABLE
e3c25d36-d8db-4184-8869-ceac5b8782f1,BLF 4928,COW,MALE_BULL,RED,LOCAL,['GRASS_GRAIN_FED'],2.5 Years,"[{'id': '1449d6ef-4aed-42ec-ad21-4d011511df72', 'image': 'https://uploads-master.aws.bengalmeat.com/media/cattle-image/2025/BLF_4928_2.jpg'}, {'id': '07a8c39b-b498-44c8-a4a0-00316fcdc7f8', 'image': 'https://uploads-master.aws.bengalmeat.com/media/cattle-image/2025/BLF_4928_3.jpg'}, {'id': '332cc95c-fb48-4b83-8307-cc8e78b2ea9f', 'image': 'https://uploads-master.aws.bengalmeat.com/media/cattle-image/2025/BLF_4928_4.jpg'}]",0.0,6 Months,4,0,44.0,1iUGrAngOa4,230.0,148000.00,False,True,True,True,True,MINIMUM,https://uploads-master.aws.bengalmeat.com/media/cattle-thumbnail/2025/BLF_4928_1.jpg,2025-05-11T16:19:55.376817+06:00,AVAILABLE
2fb4644b-20e3-436b-a4d5-420937089581,BLF 4914,COW,MALE_BULL,NON_RED,LOCAL,['GRASS_GRAIN_FED'],2 Years,"[{'id': '94a42777-6658-40d8-9ff7-a0b253f32c99', 'image': 'https://uploads-master.aws.bengalmeat.com/media/cattle-image/2025/BLF_4914_2.jpg'}, {'id': '739bca1f-2344-408d-bc0e-34568d9b0c44', 'image': 'https://uploads-master.aws.bengalmeat.com/media/cattle-image/2025/BLF_4914_3.jpg'}, {'id': 'd24319cd-4766-4ddc-8d94-86be6a485d98', 'image': 'https://uploads-master.aws.bengalmeat.com/media/cattle-image/2025/BLF_4914_4.jpg'}]",0.0,6 Months,2,0,43.3,UTf8BIU3M_U,207.0,135000.00,False,True,True,True,True,MINIMUM,https://uploads-master.aws.bengalmeat.com/media/cattle-thumbnail/2025/BLF_4914_1.jpg,2025-05-11T16:10:14.899683+06:00,AVAILABLE
7d536566-6864-4877-95cc-8ec5ac06799d,BLF 4900,COW,MALE_BULL,NON_RED,HOSTINE_CROSS,['GRASS_GRAIN_FED'],2 Years,"[{'id': 'bf589113-3560-408e-895c-c185f99b3164', 'image': 'https://uploads-master.aws.bengalmeat.com/media/cattle-image/2025/BLF_4900_2.jpg'}, {'id': 'aa41286c-719b-4c78-951f-e4971cf52ccb', 'image': 'https://uploads-master.aws.bengalmeat.com/media/cattle-image/2025/BLF_4900_3.jpg'}, {'id': '53e45db5-576d-43f7-8e50-e0928aeb18c7', 'image': 'https://uploads-master.aws.bengalmeat.com/media/cattle-image/2025/BLF_4900_4.jpg'}]",0.0,6 Months,2,0,40.3,K5ZMpxMrik0,205.0,132000.00,False,True,True,True,True,MINIMUM,https://uploads-master.aws.bengalmeat.com/media/cattle-thumbnail/2025/BLF_4900_1.jpg,2025-05-06T09:06:59.150703+06:00,AVAILABLE
25bc6c56-4370-4b10-8f06-2c29c1e219fb,BLF 4733,COW,MALE_BULL,NON_RED,HOSTINE_CROSS,['GRASS_GRAIN_FED'],2 Years,"[{'id': 'a4fcb16e-aeb9-4776-a48e-a7807775f860', 'image': 'https://uploads-master.aws.bengalmeat.com/media/cattle-image/2025/BLF_4733_2.jpg'}, {'id': 'e60cbd0c-f88c-4a98-9d09-e4d7bf781fc7', 'image': 'https://uploads-master.aws.bengalmeat.com/media/cattle-image/2025/BLF_4733_3.jpg'}, {'id': '5cb009ae-a104-404c-8df9-b5497d2d37b8', 'image': 'https://uploads-master.aws.bengalmeat.com/media/cattle-image/2025/BLF_4733_4.jpg'}]",0.0,6 Months,2,0,54.0,k2UaFSjHjGM,484.0,299000.00,False,True,True,True,True,MINIMUM,https://uploads-master.aws.bengalmeat.com/media/cattle-thumbnail/2025/BLF_4733_1.jpg,2025-05-01T19:44:41.674148+06:00,AVAILABLE
b24de37e-673b-462b-ab86-3ef6d4979343,BLF 4727,COW,MALE_BULL,NON_RED,LOCAL,['GRASS_GRAIN_FED'],2.5 Years,"[{'id': '3201b79a-8b70-4889-b334-0daed0f858af', 'image': 'https://uploads-master.aws.bengalmeat.com/media/cattle-image/2025/BLF_4727_2_LCN1fB2.jpg'}, {'id': '3577aeb8-7dbd-4961-a61b-6233085e9610', 'image': 'https://uploads-master.aws.bengalmeat.com/media/cattle-image/2025/BLF_4727_3_gwOV22t.jpg'}, {'id': 'fded210e-f610-4f1d-baf6-ecb3c10d0ebc', 'image': 'https://uploads-master.aws.bengalmeat.com/media/cattle-image/2025/BLF_4727_4_2hJDu6b.jpg'}]",0.0,6 Months,4,0,40.0,vs1hA5R8ots,204.0,134000.00,False,True,True,True,True,MINIMUM,https://uploads-master.aws.bengalmeat.com/media/cattle-thumbnail/2025/BLF_4727_1_9NiQhx9.jpg,2025-04-24T15:31:54.223142+06:00,AVAILABLE
dee9804a-0c80-47f3-b156-608ebb9e2555,BLF 4726,COW,MALE_BULL,NON_RED,LOCAL,['GRASS_GRAIN_FED'],2 Years,"[{'id': '310433b8-e340-4197-abdc-2ecb6312622f', 'image': 'https://uploads-master.aws.bengalmeat.com/media/cattle-image/2025/BLF_4726_2.jpg'}, {'id': 'bdd9021e-1655-441d-be50-e31a9c6b9eb3', 'image': 'https://uploads-master.aws.bengalmeat.com/media/cattle-image/2025/BLF_4726_3.jpg'}, {'id': '5d201577-fc3a-4814-8d08-4bf5b83b17b3', 'image': 'https://uploads-master.aws.bengalmeat.com/media/cattle-image/2025/BLF_4726_4.jpg'}]",0.0,6 Months,2,0,40.0,OQ0KUpXUd9I,213.0,139000.00,False,True,True,True,True,MINIMUM,https://uploads-master.aws.bengalmeat.com/media/cattle-thumbnail/2025/BLF_4726_1.jpg,2025-05-07T09:36:43.097036+06:00,AVAILABLE
8794a0f5-2c32-45f5-b24e-799142e2c355,BLF 4732,COW,MALE_BULL,NON_RED,LOCAL,['GRASS_FED_GRASS_FINISHED'],2 Years,"[{'id': 'fe3c5ad3-8f1c-44db-a0d8-051543a84935', 'image': 'https://uploads-master.aws.bengalmeat.com/media/cattle-image/2025/BLF_4732_2.jpg'}, {'id': '99b4f3de-f115-4715-a279-db70e0552fa9', 'image': 'https://uploads-master.aws.bengalmeat.com/media/cattle-image/2025/BLF_4732_3.jpg'}, {'id': 'eacba0dc-cad0-44b7-bd0c-67ecb2abcdb5', 'image': 'https://uploads-master.aws.bengalmeat.com/media/cattle-image/2025/BLF_4732_4.jpg'}]",0.0,6 Months,2,0,44.3,BF2_IXCptT0,281.0,178000.00,False,True,True,True,True,MINIMUM,https://uploads-master.aws.bengalmeat.com/media/cattle-thumbnail/2025/BLF_4732_1.jpg,2025-05-01T19:40:04.193652+06:00,AVAILABLE
1a1120db-19b9-4469-8f25-b3349e514309,BLF 4901,COW,MALE_BULL,RED,LOCAL,['GRASS_GRAIN_FED'],2 Years,"[{'id': 'd6e5317e-f34a-471c-b8e5-48d84803e97c', 'image': 'https://uploads-master.aws.bengalmeat.com/media/cattle-image/2025/BLF_4901_2.jpg'}, {'id': '3763845f-3666-4302-94bf-22fb9add93a6', 'image': 'https://uploads-master.aws.bengalmeat.com/media/cattle-image/2025/BLF_4901_3.jpg'}, {'id': 'd532968f-cf82-4e3f-8237-c49ed7506f62', 'image': 'https://uploads-master.aws.bengalmeat.com/media/cattle-image/2025/BLF_4901_4.jpg'}]",0.0,3 Years,2,0,45.2,ewFtCstAuVs,335.0,210000.00,False,True,True,True,True,MEDIUM,https://uploads-master.aws.bengalmeat.com/media/cattle-thumbnail/2025/BLF_4901_1_aBdVPqZ.jpg,2025-05-06T09:11:25.091740+06:00,AVAILABLE
476ca82c-c357-4bdc-8888-5c760fece988,BLF 4915,COW,MALE_BULL,NON_RED,LOCAL,['GRASS_GRAIN_FED'],2 Years,"[{'id': '49763fa1-c221-41d1-809c-bb7496759407', 'image': 'https://uploads-master.aws.bengalmeat.com/media/cattle-image/2025/BLF_4915_2.jpg'}, {'id': '06662138-166a-44dc-8b87-9aec6fbc180e', 'image': 'https://uploads-master.aws.bengalmeat.com/media/cattle-image/2025/BLF_4915_3.jpg'}, {'id': '27637282-93b6-4586-8549-7e607d15fa11', 'image': 'https://uploads-master.aws.bengalmeat.com/media/cattle-image/2025/BLF_4915_4.jpg'}]",0.0,3 Months,2,0,37.6,r1gd-KIBbeU,175.0,115000.00,False,True,True,True,True,MINIMUM,https://uploads-master.aws.bengalmeat.com/media/cattle-thumbnail/2025/BLF_4915_1.jpg,2025-05-08T11:08:57.507756+06:00,ORDERED
2b9cd6be-ae38-4d7e-9494-1ba278ae9aba,BLF 4929,COW,MALE_BULL,RED,LOCAL,['GRASS_GRAIN_FED'],2 Years,"[{'id': '95a1573e-4a6e-4173-8e6b-6866066f7c31', 'image': 'https://uploads-master.aws.bengalmeat.com/media/cattle-image/2025/BLF_4929_2.jpg'}, {'id': '69bff344-3a8f-4f24-9258-d7dbea7ccde0', 'image': 'https://uploads-master.aws.bengalmeat.com/media/cattle-image/2025/BLF_4929_3.jpg'}, {'id': '0c07641b-caa1-4963-884c-ce7529937f2b', 'image': 'https://uploads-master.aws.bengalmeat.com/media/cattle-image/2025/BLF_4929_4.jpg'}]",0.0,3 Months,2,0,44.0,Isdfz4gxwSA,230.0,148000.00,False,True,True,True,True,MINIMUM,https://uploads-master.aws.bengalmeat.com/media/cattle-thumbnail/2025/BLF_4929_1.jpg,2025-05-13T14:35:16.018693+06:00,AVAILABLE
7b8c1e68-8eb7-47d0-8991-8ab901474a8b,BLF 4652,COW,MALE_BULL,NON_RED,LOCAL,['GRASS_GRAIN_FED'],2 Years,"[{'id': 'f1610f76-b280-497e-9421-6edf0fccdb80', 'image': 'https://uploads-master.aws.bengalmeat.com/media/cattle-image/2025/BLF_4652_2.jpg'}, {'id': '0e3e5323-a251-46f9-9ae0-e3b5c351d10f', 'image': 'https://uploads-master.aws.bengalmeat.com/media/cattle-image/2025/BLF_4652_3.jpg'}, {'id': '033440f3-ed25-4d81-ad51-b6c8f08e661b', 'image': 'https://uploads-master.aws.bengalmeat.com/media/cattle-image/2025/BLF_4652_4.jpg'}]",0.0,6 Months,2,0,39.1,2xrOk4eFibo,222.0,145000.00,False,True,True,True,True,MINIMUM,https://uploads-master.aws.bengalmeat.com/media/cattle-thumbnail/2025/BLF_4652_1.jpg,2025-04-23T16:41:47.072020+06:00,AVAILABLE
7fee9e58-96b5-4724-8004-16b6d96ef748,BLF 4646,COW,MALE_BULL,NON_RED,LOCAL,['GRASS_GRAIN_FED'],2 Years,"[{'id': '508ddc99-1cd1-45c1-ba0f-9b6034fe5340', 'image': 'https://uploads-master.aws.bengalmeat.com/media/cattle-image/2025/BLF_4646_2.jpg'}, {'id': 'bc070474-7bb9-476c-adb3-ba98ec450073', 'image': 'https://uploads-master.aws.bengalmeat.com/media/cattle-image/2025/BLF_4646_3.jpg'}, {'id': 'ec549041-07fb-4918-96ae-779fbe87bffe', 'image': 'https://uploads-master.aws.bengalmeat.com/media/cattle-image/2025/BLF_4646_4.jpg'}]",0.0,6 Months,2,0,39.1,akgDhA3DJPg,240.0,156000.00,False,True,True,True,True,MINIMUM,https://uploads-master.aws.bengalmeat.com/media/cattle-thumbnail/2025/BLF_4646_1.jpg,2025-04-23T16:33:59.232267+06:00,AVAILABLE
10800d34-e9ba-4d53-b868-edc348d6957a,BLF 4875,COW,MALE_BULL,RED,HOSTINE_CROSS,['GRASS_GRAIN_FED'],2.5 Years,"[{'id': '5167d127-1721-4afa-ad33-e6bce6fe01d0', 'image': 'https://uploads-master.aws.bengalmeat.com/media/cattle-image/2025/BLF_4875_2.jpg'}, {'id': '14ac4956-5878-4ec0-aae5-caf648d04fd6', 'image': 'https://uploads-master.aws.bengalmeat.com/media/cattle-image/2025/BLF_4875_3.jpg'}, {'id': '466197ea-bd27-4968-8ccf-8e750d039ef3', 'image': 'https://uploads-master.aws.bengalmeat.com/media/cattle-image/2025/BLF_4875_4.jpg'}]",0.0,6 Months,4,0,49.3,r1TdbAtHedE,350.0,223000.00,False,True,True,True,True,MEDIUM,https://uploads-master.aws.bengalmeat.com/media/cattle-thumbnail/2025/BLF_4875_1.jpg,2025-05-05T15:29:27.177705+06:00,AVAILABLE
24410f94-3ef9-4825-889f-a427446dfece,BLF 4691,COW,MALE_BULL,RED,LOCAL,['GRASS_GRAIN_FED'],2.5 Years,"[{'id': 'f44cdc51-b305-4b4e-91e0-dd52906e7102', 'image': 'https://uploads-master.aws.bengalmeat.com/media/cattle-image/2025/BLF_4691_2.jpg'}, {'id': 'b7bcbcee-3eda-422e-8d27-24ca9b3b2b0e', 'image': 'https://uploads-master.aws.bengalmeat.com/media/cattle-image/2025/BLF_4691_3.jpg'}, {'id': 'b64caa76-6192-4843-9014-351de689fcbb', 'image': 'https://uploads-master.aws.bengalmeat.com/media/cattle-image/2025/BLF_4691_4.jpg'}]",0.0,6 Months,4,0,41.3,zZ8Bgbu5qoo,260.0,167000.00,False,True,True,True,True,MINIMUM,https://uploads-master.aws.bengalmeat.com/media/cattle-thumbnail/2025/BLF_4691_1.jpg,2025-04-24T12:21:59.083836+06:00,AVAILABLE
f72a4cdd-6b9b-4112-a31d-58a36754fa4e,BLF 4849,COW,MALE_BULL,NON_RED,LOCAL,['GRASS_GRAIN_FED'],2.5 Years,"[{'id': '29ad9210-0f37-43fd-9ff4-49f5cb5bdf69', 'image': 'https://uploads-master.aws.bengalmeat.com/media/cattle-image/2025/BLF_4849_2.jpg'}, {'id': 'df0e9c24-5d45-4428-93a6-e675d34985cc', 'image': 'https://uploads-master.aws.bengalmeat.com/media/cattle-image/2025/BLF_4849_3.jpg'}, {'id': '86984cc6-a768-4ecd-8812-2d5cee118f1b', 'image': 'https://uploads-master.aws.bengalmeat.com/media/cattle-image/2025/BLF_4849_4.jpg'}]",0.0,6 Months,4,0,45.3,lZiqM3cTNZA,372.0,235000.00,False,True,True,True,True,MINIMUM,https://uploads-master.aws.bengalmeat.com/media/cattle-thumbnail/2025/BLF_4849_1.jpg,2025-05-01T15:34:38.648943+06:00,AVAILABLE
febf821b-63b0-4ccf-a8e5-0740a820912a,BLF 4685,COW,MALE_BULL,NON_RED,LOCAL,['GRASS_GRAIN_FED'],2.5 Years,"[{'id': '47663230-56d6-4e73-8ea7-960fe523de40', 'image': 'https://uploads-master.aws.bengalmeat.com/media/cattle-image/2025/BLF_4685_2.jpg'}, {'id': 'aef1d8b7-eb75-4786-8fcd-0e06e47196ad', 'image': 'https://uploads-master.aws.bengalmeat.com/media/cattle-image/2025/BLF_4685_3.jpg'}, {'id': 'fe9b58de-3353-4165-ac9e-9b9d2b32b626', 'image': 'https://uploads-master.aws.bengalmeat.com/media/cattle-image/2025/BLF_4685_4.jpg'}]",0.0,6 Months,4,0,39.1,cyk9n3sT2bI,213.0,140000.00,False,True,True,True,True,MINIMUM,https://uploads-master.aws.bengalmeat.com/media/cattle-thumbnail/2025/BLF_4685_1.jpg,2025-04-24T11:42:39.897114+06:00,ORDERED
dcfc8a4b-a702-4789-a7e5-59a223bd5ccf,BLF 4693,COW,MALE_BULL,NON_RED,LOCAL,['GRASS_GRAIN_FED'],2 Years,"[{'id': '3e901cb7-8c10-443e-b556-b53dda715235', 'image': 'https://uploads-master.aws.bengalmeat.com/media/cattle-image/2025/BLF_4693_2.jpg'}, {'id': '3b75df02-131b-4836-84e6-e958b59f1c50', 'image': 'https://uploads-master.aws.bengalmeat.com/media/cattle-image/2025/BLF_4693_3.jpg'}, {'id': '7f132e75-928e-44af-8d07-abfc0888c192', 'image': 'https://uploads-master.aws.bengalmeat.com/media/cattle-image/2025/BLF_4693_4.jpg'}]",0.0,6 Months,2,0,39.1,OnwaA0VVoJY,209.0,137000.00,False,True,True,True,True,MINIMUM,https://uploads-master.aws.bengalmeat.com/media/cattle-thumbnail/2025/BLF_4693_1.jpg,2025-04-24T12:26:14.540537+06:00,AVAILABLE
d09f0b92-0906-4c92-a81f-ad019d4318b9,BLF 4687,COW,MALE_BULL,RED,LOCAL,['GRASS_GRAIN_FED'],2 Years,"[{'id': '8684033b-f924-45b6-8126-8b1ab287c2f6', 'image': 'https://uploads-master.aws.bengalmeat.com/media/cattle-image/2025/BLF_4687_2.jpg'}, {'id': '25aaf557-55ff-4771-ac6b-9a3d7ccd85c6', 'image': 'https://uploads-master.aws.bengalmeat.com/media/cattle-image/2025/BLF_4687_3.jpg'}, {'id': 'f873bbfc-b5f1-405c-b157-1b5912b2d2be', 'image': 'https://uploads-master.aws.bengalmeat.com/media/cattle-image/2025/BLF_4687_4.jpg'}]",0.0,6 Months,2,0,43.11,lSWnn5Gfxfw,260.0,166000.00,False,True,True,True,True,MINIMUM,https://uploads-master.aws.bengalmeat.com/media/cattle-thumbnail/2025/BLF_4687_1.jpg,2025-04-24T11:48:20.773282+06:00,AVAILABLE
f12c4225-310f-48fb-8c42-f467ee19908e,BLF 4877,COW,MALE_BULL,RED,LOCAL,['GRASS_GRAIN_FED'],2 Years,"[{'id': 'd46a25c1-7be0-4047-804e-d829d01b2d4e', 'image': 'https://uploads-master.aws.bengalmeat.com/media/cattle-image/2025/BLF_4877_2.jpg'}, {'id': '19fd3e67-baa4-4632-a25e-0f62ae947e16', 'image': 'https://uploads-master.aws.bengalmeat.com/media/cattle-image/2025/BLF_4877_3.jpg'}, {'id': 'e4f81176-09bb-4c10-9b79-e9b63d75bd3b', 'image': 'https://uploads-master.aws.bengalmeat.com/media/cattle-image/2025/BLF_4877_4.jpg'}]",0.0,6 Months,2,0,37.5,0K-6ayR_d_0,208.0,136000.00,False,True,True,True,True,MINIMUM,https://uploads-master.aws.bengalmeat.com/media/cattle-thumbnail/2025/BLF_4877_1.jpg,2025-05-11T16:02:14.543184+06:00,AVAILABLE
0962e3bf-6459-4345-9e32-deac5d558409,BLF 4863,COW,MALE_BULL,NON_RED,HOSTINE_CROSS,['GRASS_FED_GRAIN_FINISHED'],2.5 Years,"[{'id': '8304152f-2c97-4d22-a1e3-dc89df67b4d0', 'image': 'https://uploads-master.aws.bengalmeat.com/media/cattle-image/2025/BLF_4863_2.jpg'}, {'id': '290f806d-3559-457c-bfbe-258082517ae7', 'image': 'https://uploads-master.aws.bengalmeat.com/media/cattle-image/2025/BLF_4863_3.jpg'}, {'id': 'be3d6bac-99c2-4bcd-8124-fe16e3bcf33d', 'image': 'https://uploads-master.aws.bengalmeat.com/media/cattle-image/2025/BLF_4863_4.jpg'}]",0.0,12 Months,4,0,58.9,mFj26SN6hZY,715.0,435000.00,True,True,True,True,True,EXTRA_LARGE,https://uploads-master.aws.bengalmeat.com/media/cattle-thumbnail/2025/BLF_4863_1.jpg,2025-05-03T16:12:30.843696+06:00,AVAILABLE
76f909c8-1249-46a1-86dd-827ea9c06bc1,BLF 4650,COW,MALE_BULL,RED,LOCAL,['GRASS_GRAIN_FED'],2 Years,"[{'id': '8dad6ddc-e406-4bcc-92e1-95dba7d818be', 'image': 'https://uploads-master.aws.bengalmeat.com/media/cattle-image/2025/BLF_4650_5.jpg'}, {'id': '8b834168-db78-4f8b-9b00-251f5c58bf83', 'image': 'https://uploads-master.aws.bengalmeat.com/media/cattle-image/2025/BLF_4650_6.jpg'}, {'id': 'e9013c32-5c34-418e-8ee8-134bd2326c9c', 'image': 'https://uploads-master.aws.bengalmeat.com/media/cattle-image/2025/BLF_4650.jpg'}]",0.0,6 Months,2,0,39.11,9th1UyYKea8,240.0,155000.00,False,True,True,True,True,MINIMUM,https://uploads-master.aws.bengalmeat.com/media/cattle-thumbnail/2025/BLF_4650_1.jpg,2025-04-23T16:38:30.324509+06:00,AVAILABLE
f75a4892-3440-4fb3-9159-3581a6534ba9,BLF 4888,COW,MALE_BULL,NON_RED,LOCAL,['GRASS_GRAIN_FED'],2 Years,"[{'id': '4c7a72a9-decb-499c-93bf-07ab4a6aa73b', 'image': 'https://uploads-master.aws.bengalmeat.com/media/cattle-image/2025/BLF_4888_2.jpg'}, {'id': 'aaaa5b23-9d3b-44e4-aadb-463e3099fd66', 'image': 'https://uploads-master.aws.bengalmeat.com/media/cattle-image/2025/BLF_4888_3.jpg'}, {'id': '8c17398a-66ff-404d-813a-0b010b935600', 'image': 'https://uploads-master.aws.bengalmeat.com/media/cattle-image/2025/BLF_4888_4.jpg'}]",0.0,6 Months,2,0,47.9,jDYYGtdTcSk,350.0,220000.00,False,True,True,True,True,MEDIUM,https://uploads-master.aws.bengalmeat.com/media/cattle-thumbnail/2025/BLF_4888_1.jpg,2025-05-04T16:27:23.134747+06:00,AVAILABLE
e466fe93-ccc9-42a9-8e65-01552959599f,BLF 4644,COW,MALE_BULL,RED,LOCAL,['GRASS_GRAIN_FED'],2 Years,"[{'id': 'fde14d16-8437-47c4-b57e-bffe9cb1bbe5', 'image': 'https://uploads-master.aws.bengalmeat.com/media/cattle-image/2025/BLF_4644_2.jpg'}, {'id': '8e4d1873-6fc8-4b2d-8e61-c2d1f7f1791f', 'image': 'https://uploads-master.aws.bengalmeat.com/media/cattle-image/2025/BLF_4644_3.jpg'}, {'id': 'ed0fa941-bd14-47d6-9231-54ccc8cfb5d4', 'image': 'https://uploads-master.aws.bengalmeat.com/media/cattle-image/2025/BLF_4644_4.jpg'}]",0.0,6 Months,2,0,40.2,rdJOHsyC48U,238.0,156000.00,False,True,True,True,True,MINIMUM,https://uploads-master.aws.bengalmeat.com/media/cattle-thumbnail/2025/BLF_4644_1.jpg,2025-04-23T16:31:35.095200+06:00,AVAILABLE
d717a303-e873-4dd4-af72-e1a956fa0477,BLF 4678,COW,MALE_BULL,NON_RED,LOCAL,['GRASS_GRAIN_FED'],2 Years,"[{'id': '3a5a2e1c-334d-4554-b410-6e28029949b7', 'image': 'https://uploads-master.aws.bengalmeat.com/media/cattle-image/2025/BLF_4678_2.jpg'}, {'id': '21bc2925-cbf0-4083-a689-48330a15712a', 'image': 'https://uploads-master.aws.bengalmeat.com/media/cattle-image/2025/BLF_4678_3.jpg'}, {'id': 'a1cc658a-0d83-438f-9676-fac675339760', 'image': 'https://uploads-master.aws.bengalmeat.com/media/cattle-image/2025/BLF_4678_4.jpg'}]",0.0,6 Months,2,0,41.4,pxbjfNZvHSU,222.0,142000.00,False,True,True,True,True,MINIMUM,https://uploads-master.aws.bengalmeat.com/media/cattle-thumbnail/2025/BLF_4678.jpg,2025-04-24T11:26:48.690495+06:00,AVAILABLE
de0cf38e-f5e6-4066-8c50-d7ec3d051ea1,BLF 4903,COW,MALE_BULL,NON_RED,LOCAL,['GRASS_GRAIN_FED'],2.5 Years,"[{'id': '4ea0330f-95d1-4cce-8f5b-d1927edaafeb', 'image': 'https://uploads-master.aws.bengalmeat.com/media/cattle-image/2025/BLF_4903_2.jpg'}, {'id': '33467cca-844b-40e9-9db9-1297e9a3255e', 'image': 'https://uploads-master.aws.bengalmeat.com/media/cattle-image/2025/BLF_4903_3.jpg'}, {'id': '4e241739-ce12-49f9-b343-238ed194c45c', 'image': 'https://uploads-master.aws.bengalmeat.com/media/cattle-image/2025/BLF_4903_4.jpg'}]",0.0,6 Months,4,0,47.4,WrmSHkAlpco,332.0,210000.00,False,True,True,True,True,MEDIUM,https://uploads-master.aws.bengalmeat.com/media/cattle-thumbnail/2025/BLF_4903_1.jpg,2025-05-06T09:15:06.981284+06:00,AVAILABLE
eaee33fa-a541-453e-8319-5fa36fbb238a,BLF 4917,COW,MALE_BULL,NON_RED,LOCAL,['GRASS_GRAIN_FED'],2 Years,"[{'id': '1faa11fe-94d6-4e75-b3d2-f6dd1e476031', 'image': 'https://uploads-master.aws.bengalmeat.com/media/cattle-image/2025/BLF_4917_2.jpg'}, {'id': '8df184e2-52a9-4b3f-81dd-310e2d005048', 'image': 'https://uploads-master.aws.bengalmeat.com/media/cattle-image/2025/BLF_4917_3.jpg'}, {'id': 'c925c139-860a-4bd8-96f1-1c24831ac4d6', 'image': 'https://uploads-master.aws.bengalmeat.com/media/cattle-image/2025/BLF_4917_4.jpg'}]",0.0,6 Months,2,0,38.9,IqAIxDEKtTM,198.0,129000.00,False,True,True,True,True,MINIMUM,https://uploads-master.aws.bengalmeat.com/media/cattle-thumbnail/2025/BLF_4917_1.jpg,2025-05-08T11:13:39.350546+06:00,ORDERED
9f72a94b-fa1d-47b1-b5ca-6804455ac610,BLF 4724,COW,MALE_BULL,NON_RED,LOCAL,['GRASS_GRAIN_FED'],2 Years,"[{'id': '3272fe39-5ac9-4028-b2e9-f0410d48f722', 'image': 'https://uploads-master.aws.bengalmeat.com/media/cattle-image/2025/BLF_4724_2.jpg'}, {'id': 'fc2280bb-052f-4791-a313-bdb02edb9d78', 'image': 'https://uploads-master.aws.bengalmeat.com/media/cattle-image/2025/BLF_4724_3.jpg'}, {'id': '328678ca-02a2-47f5-97c1-c8953c0e8ffd', 'image': 'https://uploads-master.aws.bengalmeat.com/media/cattle-image/2025/BLF_4724_4.jpg'}]",0.0,6 Months,2,0,40.3,rs2lhLHqpHs,221.0,144000.00,False,True,True,True,True,MINIMUM,https://uploads-master.aws.bengalmeat.com/media/cattle-thumbnail/2025/BLF_4724_1.jpg,2025-05-05T15:02:17.375121+06:00,AVAILABLE
0a0cf2e5-6c0f-4afb-a4c8-d4e52f95d2c7,BLF 4730,COW,MALE_BULL,NON_RED,LOCAL,['GRASS_GRAIN_FED'],2 Years,"[{'id': 'c7ec952e-22dd-4d28-94e5-afd8c4267a54', 'image': 'https://uploads-master.aws.bengalmeat.com/media/cattle-image/2025/BLF_4730_2.jpg'}, {'id': '223709ab-2dc5-4c0a-9434-072a7687db28', 'image': 'https://uploads-master.aws.bengalmeat.com/media/cattle-image/2025/BLF_4730_3.jpg'}, {'id': 'd8e0ab99-be7b-4f27-a12e-958b2d472b49', 'image': 'https://uploads-master.aws.bengalmeat.com/media/cattle-image/2025/BLF_4730_4.jpg'}]",0.0,6 Months,2,0,43.0,pN52aPteqQ0,241.0,154000.00,False,True,True,True,True,MINIMUM,https://uploads-master.aws.bengalmeat.com/media/cattle-thumbnail/2025/BLF_4730_1.jpg,2025-04-29T12:33:47.496483+06:00,AVAILABLE
113beb55-6a80-4351-be10-2f5efb0f8328,BLF 4718,COW,MALE_BULL,RED,LOCAL,['GRASS_FED_GRASS_FINISHED'],2 Years,"[{'id': '91f726c2-b92e-40b7-87e0-922d5ef44d79', 'image': 'https://uploads-master.aws.bengalmeat.com/media/cattle-image/2025/BLF_4718_2.jpg'}, {'id': '721ea62a-17de-40d3-b421-b329c75eebc0', 'image': 'https://uploads-master.aws.bengalmeat.com/media/cattle-image/2025/BLF_4718_3.jpg'}, {'id': '2bd6059c-c889-45fc-9600-a248b936ca25', 'image': 'https://uploads-master.aws.bengalmeat.com/media/cattle-image/2025/BLF_4718_4.jpg'}]",0.0,6 Months,2,0,43.0,5uEh-e8FgLI,425.0,275000.00,False,True,True,True,True,MINIMUM,https://uploads-master.aws.bengalmeat.com/media/cattle-thumbnail/2025/BLF_4718_1.jpg,2025-04-24T14:47:39.339153+06:00,AVAILABLE
bbcf2368-3c94-4662-8248-52a4c3922f1b,BLF 4719,COW,MALE_BULL,NON_RED,LOCAL,['GRASS_GRAIN_FED'],2 Years,"[{'id': '9e6db7db-3b28-44d8-aca5-59d8bc9201a7', 'image': 'https://uploads-master.aws.bengalmeat.com/media/cattle-image/2025/BLF_4719_2.jpg'}, {'id': '1b0c88cd-72ab-46d4-8400-0a792d1bcbca', 'image': 'https://uploads-master.aws.bengalmeat.com/media/cattle-image/2025/BLF_4719_3.jpg'}, {'id': 'aff8f42b-e193-4651-83eb-3d479fe3227d', 'image': 'https://uploads-master.aws.bengalmeat.com/media/cattle-image/2025/BLF_4719_4.jpg'}]",0.0,6 Months,2,0,41.0,I0q0SKFn_uU,228.0,148000.00,False,True,True,True,True,MINIMUM,https://uploads-master.aws.bengalmeat.com/media/cattle-thumbnail/2025/BLF_4719_1_9CxuiDg.jpg,2025-05-07T09:26:43.732629+06:00,ORDERED
d4d8cc54-1447-40f4-aca3-9b622098dcf2,BLF 4731,COW,MALE_BULL,RED,LOCAL,['GRASS_FED_GRASS_FINISHED'],2.5 Years,"[{'id': '6c1f6a82-7674-4dc2-b0da-49a95dc6e164', 'image': 'https://uploads-master.aws.bengalmeat.com/media/cattle-image/2025/BLF_4731_2.jpg'}, {'id': '0b65e0e7-e066-46e9-a202-ce684ab54b15', 'image': 'https://uploads-master.aws.bengalmeat.com/media/cattle-image/2025/BLF_4731_3.jpg'}, {'id': 'c32127af-a229-4d4c-a5da-7347da7dd58b', 'image': 'https://uploads-master.aws.bengalmeat.com/media/cattle-image/2025/BLF_4731_4.jpg'}]",0.0,6 Months,4,0,42.8,y-a8BzKCmtg,284.0,180000.00,False,True,True,True,True,MINIMUM,https://uploads-master.aws.bengalmeat.com/media/cattle-thumbnail/2025/BLF_4731_1.jpg,2025-05-01T19:36:28.541484+06:00,AVAILABLE
2fd8ac22-5e82-484a-af85-d0c0436d7623,BLF 4725,COW,MALE_BULL,RED,LOCAL,['GRASS_GRAIN_FED'],2.5 Years,"[{'id': '8937a7a5-7cac-416e-9cfc-5e7780f28187', 'image': 'https://uploads-master.aws.bengalmeat.com/media/cattle-image/2025/BLF_4725_2.jpg'}, {'id': '6499bfb1-02f4-4a15-8527-b9f196b9216a', 'image': 'https://uploads-master.aws.bengalmeat.com/media/cattle-image/2025/BLF_4725_3.jpg'}, {'id': '1b413956-6acc-4b76-88ee-efd937412010', 'image': 'https://uploads-master.aws.bengalmeat.com/media/cattle-image/2025/BLF_4725_2_eVAgCRq.jpg'}]",0.0,6 Months,4,0,39.2,N1B9wesiwyk,240.0,155000.00,False,True,True,True,True,MINIMUM,https://uploads-master.aws.bengalmeat.com/media/cattle-thumbnail/2025/BLF_4725_1_z7TxFQG.jpg,2025-04-24T15:30:13.609997+06:00,AVAILABLE
d1d81e8a-1375-4f2f-a5ae-1d9994656038,BLF 4916,COW,MALE_BULL,NON_RED,LOCAL,['GRASS_GRAIN_FED'],2 Years,"[{'id': '7a1ba4df-88c7-49da-9d7a-23279b99f02f', 'image': 'https://uploads-master.aws.bengalmeat.com/media/cattle-image/2025/BLF_4916_2.jpg'}, {'id': '660e2787-ca24-4374-b861-b9d3302f608f', 'image': 'https://uploads-master.aws.bengalmeat.com/media/cattle-image/2025/BLF_4916_3.jpg'}, {'id': 'e07cd08e-adfb-4037-a8b5-8b9d1269c39a', 'image': 'https://uploads-master.aws.bengalmeat.com/media/cattle-image/2025/BLF_4916_4.jpg'}]",0.0,3 Months,2,0,40.1,ZxEEuyDa1ss,218.0,141000.00,False,True,True,True,True,MINIMUM,https://uploads-master.aws.bengalmeat.com/media/cattle-thumbnail/2025/BLF_4916_1.jpg,2025-05-13T14:31:34.839638+06:00,AVAILABLE
fc7e2c41-bdc6-4291-a5a2-884efc5140a5,BLF 4902,COW,MALE_BULL,RED,LOCAL,['GRASS_GRAIN_FED'],2 Years,"[{'id': '22a49b94-9e0a-4540-8254-6bdb035a5e14', 'image': 'https://uploads-master.aws.bengalmeat.com/media/cattle-image/2025/BLF_4902_2.jpg'}, {'id': '1980a99a-c994-4240-92c6-682e91f0315b', 'image': 'https://uploads-master.aws.bengalmeat.com/media/cattle-image/2025/BLF_4902_3.jpg'}, {'id': '77db6bb1-7e89-4b4d-83ab-baa0684ca36f', 'image': 'https://uploads-master.aws.bengalmeat.com/media/cattle-image/2025/BLF_4902_4.jpg'}]",0.0,3 Months,2,0,49.6,nOR0wSzldNo,330.0,209000.00,False,True,True,True,True,MEDIUM,https://uploads-master.aws.bengalmeat.com/media/cattle-thumbnail/2025/BLF_4902_1.jpg,2025-05-13T14:23:02.858621+06:00,AVAILABLE
f78f67b4-ed86-4e8f-8119-de3f2d5b6ee8,BLF 4679,COW,MALE_BULL,RED,LOCAL,['GRASS_FED_GRASS_FINISHED'],2 Years,"[{'id': '529b7704-b00d-4141-b8e2-4d2357b2427d', 'image': 'https://uploads-master.aws.bengalmeat.com/media/cattle-image/2025/BLF_4679_2.jpg'}, {'id': '51f7be02-aa0a-474f-857a-0b266e37f061', 'image': 'https://uploads-master.aws.bengalmeat.com/media/cattle-image/2025/BLF_4679_3.jpg'}, {'id': 'c8d8ce9d-72a7-4c82-9cc0-a9abbe1a5e71', 'image': 'https://uploads-master.aws.bengalmeat.com/media/cattle-image/2025/BLF_4679_4.jpg'}]",0.0,6 Months,2,0,41.3,jUa2PGdd0Pg,250.0,160000.00,False,True,True,True,True,MINIMUM,https://uploads-master.aws.bengalmeat.com/media/cattle-thumbnail/2025/BLF_4679_1.jpg,2025-04-24T11:28:08.088786+06:00,AVAILABLE
4f757f66-9884-4b60-8c1c-c31346cfed8a,BLF 4645,COW,MALE_BULL,RED,LOCAL,['GRASS_GRAIN_FED'],2 Years,"[{'id': '6742b857-867d-4a31-9d42-3b8973cf12aa', 'image': 'https://uploads-master.aws.bengalmeat.com/media/cattle-image/2025/BLF_4645_2.jpg'}, {'id': '34003372-fd33-4043-9f66-121a0b33768e', 'image': 'https://uploads-master.aws.bengalmeat.com/media/cattle-image/2025/BLF_4645_3.jpg'}, {'id': '6df23fa2-6c6a-4944-aeb7-4db6292478b9', 'image': 'https://uploads-master.aws.bengalmeat.com/media/cattle-image/2025/BLF_4645_4.jpg'}]",0.0,6 Months,2,0,40.0,3XXYcWKR29I,250.0,161000.00,False,True,True,True,True,MINIMUM,https://uploads-master.aws.bengalmeat.com/media/cattle-thumbnail/2025/BLF_4645_1.jpg,2025-04-23T16:32:49.478793+06:00,AVAILABLE
d383d87a-0f90-4d4b-ba6d-1d50cf4ba0b5,BLF 4889,COW,MALE_BULL,RED,LOCAL,['GRASS_GRAIN_FED'],2.5 Years,"[{'id': '57b3c059-a1c8-4837-b408-d5c3c5a1f643', 'image': 'https://uploads-master.aws.bengalmeat.com/media/cattle-image/2025/BLF_4889_2.jpg'}, {'id': '9f84f076-ed32-4c62-9d56-955f1fc90165', 'image': 'https://uploads-master.aws.bengalmeat.com/media/cattle-image/2025/BLF_4889_3.jpg'}, {'id': '7c06e6d3-7587-4095-b349-9915737722d7', 'image': 'https://uploads-master.aws.bengalmeat.com/media/cattle-image/2025/BLF_4889_4.jpg'}]",0.0,6 Months,4,0,45.6,AAGqC1UPcIY,350.0,221000.00,False,True,True,True,True,MEDIUM,https://uploads-master.aws.bengalmeat.com/media/cattle-thumbnail/2025/BLF_4889_1.jpg,2025-05-05T16:00:34.503081+06:00,AVAILABLE
49ba2bda-cc8f-443c-844c-76d9dbea7a24,BLF 4651,COW,MALE_BULL,NON_RED,LOCAL,['GRASS_GRAIN_FED'],2 Years,"[{'id': '43acffff-17ed-40d5-bd3d-e674c4e2c262', 'image': 'https://uploads-master.aws.bengalmeat.com/media/cattle-image/2025/BLF_4651_2.jpg'}, {'id': '0b6e34dd-1ff3-455e-9479-bb91934e8767', 'image': 'https://uploads-master.aws.bengalmeat.com/media/cattle-image/2025/BLF_4651_3.jpg'}, {'id': 'f18e9229-ffc9-412a-9c8e-8f412ea66ece', 'image': 'https://uploads-master.aws.bengalmeat.com/media/cattle-image/2025/BLF_4651_4.jpg'}]",0.0,6 Months,2,0,38.8,nAM-Ygy8-g8,190.0,126000.00,False,True,True,True,True,MINIMUM,https://uploads-master.aws.bengalmeat.com/media/cattle-thumbnail/2025/BLF_4651_1.jpg,2025-04-23T16:40:02.526817+06:00,ORDERED
1061b3d4-da30-4bc7-9496-03714dd19e71,BLF 4862,COW,MALE_BULL,NON_RED,HOSTINE_CROSS,['GRASS_FED_GRAIN_FINISHED'],2.5 Years,"[{'id': 'df5dd33c-8980-4bdf-9907-7b1bb97c5530', 'image': 'https://uploads-master.aws.bengalmeat.com/media/cattle-image/2025/BLF_4862_2.jpg'}, {'id': '1ca626d8-992a-4f80-9e8f-260f47ce9a05', 'image': 'https://uploads-master.aws.bengalmeat.com/media/cattle-image/2025/BLF_4862_3.jpg'}, {'id': '35e10055-bcb9-4441-adfe-604eb5e47c89', 'image': 'https://uploads-master.aws.bengalmeat.com/media/cattle-image/2025/BLF_4862_4.jpg'}]",0.0,12 Months,4,0,63.0,S5qO7tDKlrA,665.0,415000.00,True,True,True,True,True,EXTRA_LARGE,https://uploads-master.aws.bengalmeat.com/media/cattle-thumbnail/2025/BLF_4862_1.jpg,2025-05-03T16:08:26.048829+06:00,AVAILABLE
ad776f8c-e9e0-4bad-bbe4-87cac60f6461,BLF 4876,COW,MALE_BULL,RED,HOSTINE_CROSS,['GRASS_GRAIN_FED'],2.5 Years,"[{'id': 'dd9d8856-9ca9-4eb0-8b46-61fd6ba81f85', 'image': 'https://uploads-master.aws.bengalmeat.com/media/cattle-image/2025/BLF_4876_2.jpg'}, {'id': 'f830f1cc-3bcd-4b97-9143-99453f580aae', 'image': 'https://uploads-master.aws.bengalmeat.com/media/cattle-image/2025/BLF_4876_3.jpg'}, {'id': 'f0976505-a219-4a86-a850-880a7563d3fd', 'image': 'https://uploads-master.aws.bengalmeat.com/media/cattle-image/2025/BLF_4876_4.jpg'}]",0.0,6 Months,4,0,43.0,-jpCVuQm25g,280.0,180600.00,False,True,True,True,True,MINIMUM,https://uploads-master.aws.bengalmeat.com/media/cattle-thumbnail/2025/BLF_4876_1.jpg,2025-05-05T15:32:56.631380+06:00,AVAILABLE
7038cd8d-8d9e-44c5-8ce2-f6081e00f856,BLF 4686,COW,MALE_BULL,RED,LOCAL,['GRASS_GRAIN_FED'],2 Years,"[{'id': '3ccb4de1-b32f-4b9d-9880-ed0b6d35852d', 'image': 'https://uploads-master.aws.bengalmeat.com/media/cattle-image/2025/BLF_4686_2.jpg'}, {'id': '1b35d490-ea81-4f27-947b-ea6d31c7b63a', 'image': 'https://uploads-master.aws.bengalmeat.com/media/cattle-image/2025/BLF_4686_3.jpg'}, {'id': 'c5fd4075-d17a-4876-beac-2e001262fd55', 'image': 'https://uploads-master.aws.bengalmeat.com/media/cattle-image/2025/BLF_4686_4.jpg'}]",0.0,6 Months,2,0,40.6,qRumrgA97Yw,256.0,165000.00,False,True,True,True,True,MINIMUM,https://uploads-master.aws.bengalmeat.com/media/cattle-thumbnail/2025/BLF_4686_1.jpg,2025-04-24T11:46:39.755711+06:00,AVAILABLE
970906af-56a0-4fe7-8147-239a2e75333f,BLF 4692,COW,MALE_BULL,NON_RED,LOCAL,['GRASS_GRAIN_FED'],2 Years,"[{'id': '04f35066-2255-47a4-bd02-64215cd4b9aa', 'image': 'https://uploads-master.aws.bengalmeat.com/media/cattle-image/2025/BLF_4692_2.jpg'}, {'id': '4b9884a6-6c5b-4afa-87c5-b84d6c8042a9', 'image': 'https://uploads-master.aws.bengalmeat.com/media/cattle-image/2025/BLF_4692_3.jpg'}, {'id': '905b6371-b0bc-4674-b79c-3a104e6cbc96', 'image': 'https://uploads-master.aws.bengalmeat.com/media/cattle-image/2025/BLF_4692_4.jpg'}]",0.0,6 Months,2,0,40.3,la1hV_c6ffg,237.0,152000.00,False,True,True,True,True,MINIMUM,https://uploads-master.aws.bengalmeat.com/media/cattle-thumbnail/2025/BLF_4692_1.jpg,2025-04-24T12:24:16.153820+06:00,AVAILABLE
f9760a89-b42c-40c7-8bbd-12e9ac025fde,BLF 4811,COW,MALE_BULL,NON_RED,LOCAL,['GRASS_GRAIN_FED'],2.5 Years,"[{'id': '47a5fa4a-3ad4-413a-b4e9-6def032749f4', 'image': 'https://uploads-master.aws.bengalmeat.com/media/cattle-image/2025/BLF_4811_2.jpg'}, {'id': '18ce32f9-bad5-47a4-bed4-ab6394f55cff', 'image': 'https://uploads-master.aws.bengalmeat.com/media/cattle-image/2025/BLF_4811_3.jpg'}, {'id': 'cb071cf8-6bf9-4927-92e2-cfd75985d7b2', 'image': 'https://uploads-master.aws.bengalmeat.com/media/cattle-image/2025/BLF_4811_4.jpg'}]",0.0,6 Months,4,0,49.6,gTDRxfD3EYw,378.0,240000.00,False,True,True,True,True,MEDIUM,https://uploads-master.aws.bengalmeat.com/media/cattle-thumbnail/2025/BLF_4811_1.jpg,2025-05-04T14:47:52.737603+06:00,AVAILABLE
93028afd-d6f7-4606-ae22-b040b84306ad,BLF 4805,COW,MALE_BULL,NON_RED,LOCAL,['GRASS_GRAIN_FED'],2.5 Years,"[{'id': '71701a74-e4a4-4bdf-b5ff-c1283cfbb813', 'image': 'https://uploads-master.aws.bengalmeat.com/media/cattle-image/2025/BLF_4805_2.jpg'}, {'id': '103fd178-9491-4857-99f4-790d2524ca3d', 'image': 'https://uploads-master.aws.bengalmeat.com/media/cattle-image/2025/BLF_4805_3.jpg'}, {'id': 'c1e9f999-2603-4a7c-b63b-3de592809abc', 'image': 'https://uploads-master.aws.bengalmeat.com/media/cattle-image/2025/BLF_4805_4.jpg'}]",0.0,6 Months,4,0,46.0,Pv2VPHwvhs8,315.0,197000.00,False,True,True,True,True,MEDIUM,https://uploads-master.aws.bengalmeat.com/media/cattle-thumbnail/2025/BLF_4805_1.jpg,2025-04-30T11:41:05.337401+06:00,AVAILABLE
a450e4f9-0935-4a6d-ba55-cbd904e4a105,BLF 4839,COW,MALE_BULL,RED,LOCAL,['GRASS_GRAIN_FED'],2 Years,"[{'id': '324b2173-ff95-4dc1-81e2-1c30cff1ae2c', 'image': 'https://uploads-master.aws.bengalmeat.com/media/cattle-image/2025/BLF_4839_2.jpg'}, {'id': '685195e9-871f-43ea-a7a4-d7b25b72e5a2', 'image': 'https://uploads-master.aws.bengalmeat.com/media/cattle-image/2025/BLF_4839_3.jpg'}, {'id': 'b5bd5f8c-7a78-45b0-a415-ff1b18116a43', 'image': 'https://uploads-master.aws.bengalmeat.com/media/cattle-image/2025/BLF_4839_4.jpg'}]",0.0,6 Months,2,0,40.9,8R_nHMfZi8o,200.0,130000.00,False,True,True,True,True,MINIMUM,https://uploads-master.aws.bengalmeat.com/media/cattle-thumbnail/2025/BLF_4839_1.jpg,2025-05-04T14:54:00.419563+06:00,ORDERED
fd62614c-0fb6-43c5-9f7e-8a1d26d15a0b,BLF 4636,COW,MALE_BULL,RED,LOCAL,['GRASS_GRAIN_FED'],2 Years,"[{'id': '015a7727-32a5-48ca-bf8d-036106e8e6b0', 'image': 'https://uploads-master.aws.bengalmeat.com/media/cattle-image/2025/BLF_4636_2.jpg'}, {'id': 'd5620999-68fc-48d7-ab52-d78b11e3dc34', 'image': 'https://uploads-master.aws.bengalmeat.com/media/cattle-image/2025/BLF_4636_3.jpg'}, {'id': '37747d57-3087-4ff6-b0c9-e4e805365830', 'image': 'https://uploads-master.aws.bengalmeat.com/media/cattle-image/2025/BLF_4636_4.jpg'}]",0.0,6 Months,2,0,43.11,Pn8U3Ylq8lA,283.0,179000.00,False,True,True,True,True,MINIMUM,https://uploads-master.aws.bengalmeat.com/media/cattle-thumbnail/2025/BLF_4636.jpg,2025-04-23T16:21:03.184533+06:00,AVAILABLE
e911c19a-9748-433a-9cba-c07fa7839ae9,BLF 4622,COW,MALE_BULL,RED,LOCAL,['GRASS_GRAIN_FED'],2.5 Years,"[{'id': '9fe72637-7ea0-4b25-a7fa-168eb9b98a9b', 'image': 'https://uploads-master.aws.bengalmeat.com/media/cattle-image/2025/BLF_4622_2_0dKIEnl.jpg'}, {'id': 'd7cd5067-4150-4e33-a4d9-809ca9f56163', 'image': 'https://uploads-master.aws.bengalmeat.com/media/cattle-image/2025/BLF_4622_3_e85YF0K.jpg'}, {'id': 'aaf34672-c056-4e0c-bd50-3a849376bdc9', 'image': 'https://uploads-master.aws.bengalmeat.com/media/cattle-image/2025/BLF_4622_4_OrMboWC.jpg'}]",0.0,6 Months,4,0,39.1,mndU3j3BOGk,232.0,152000.00,False,True,True,True,True,MINIMUM,https://uploads-master.aws.bengalmeat.com/media/cattle-thumbnail/2025/BLF_4622_1_vhw4W7w.jpg,2025-04-23T14:54:22.554231+06:00,AVAILABLE
72264f12-caa8-4dd9-8c4e-5d92273be5f5,BLF 4781,COW,MALE_BULL,RED,LOCAL,['GRASS_FED_GRASS_FINISHED'],2.5 Years,"[{'id': 'c0a4a0f9-9400-4dfe-bc3a-4ce0b1af318e', 'image': 'https://uploads-master.aws.bengalmeat.com/media/cattle-image/2025/BLF_4781_2.jpg'}, {'id': '6457c113-fe75-417f-a157-5e186af9c812', 'image': 'https://uploads-master.aws.bengalmeat.com/media/cattle-image/2025/BLF_4781_3.jpg'}, {'id': 'cdac8b14-e915-4f40-91df-d13288f803ca', 'image': 'https://uploads-master.aws.bengalmeat.com/media/cattle-image/2025/BLF_4781_4.jpg'}]",0.0,6 Months,4,0,43.5,kjtKqg-PIy8,279.0,179000.00,False,True,True,True,True,MINIMUM,https://uploads-master.aws.bengalmeat.com/media/cattle-thumbnail/2025/BLF_4781_1.jpg,2025-04-30T08:14:15.716799+06:00,AVAILABLE
441dced9-f1a9-4301-9bb6-7e5f21fa43db,BLF 4795,COW,MALE_BULL,NON_RED,LOCAL,['GRASS_GRAIN_FED'],2 Years,"[{'id': '4425ea70-c4b9-4544-b900-4f2cc49295e8', 'image': 'https://uploads-master.aws.bengalmeat.com/media/cattle-image/2025/BLF_4795_2.jpg'}, {'id': '3d3f6818-aa45-45fc-a929-bb9f188a56d3', 'image': 'https://uploads-master.aws.bengalmeat.com/media/cattle-image/2025/BLF_4795_3.jpg'}, {'id': 'ca13904d-b256-47e7-91a2-b7c5e61c2df1', 'image': 'https://uploads-master.aws.bengalmeat.com/media/cattle-image/2025/BLF_4795_4.jpg'}]",0.0,6 Months,2,0,38.2,VxGwdFpnMi4,220.0,143000.00,False,True,True,True,True,MINIMUM,https://uploads-master.aws.bengalmeat.com/media/cattle-thumbnail/2025/BLF_4795_1.jpg,2025-05-07T11:21:07.801744+06:00,AVAILABLE
7f3dce44-20cb-455e-95a2-547aaa998639,BLF 4742,COW,MALE_BULL,NON_RED,LOCAL,['GRASS_GRAIN_FED'],2 Years,"[{'id': 'fb3495e1-5b11-4891-9db8-21db3768983b', 'image': 'https://uploads-master.aws.bengalmeat.com/media/cattle-image/2025/BLF_4742_2.jpg'}, {'id': 'f858500f-2c09-4776-9f2b-4e2a78cde131', 'image': 'https://uploads-master.aws.bengalmeat.com/media/cattle-image/2025/BLF_4742_3.jpg'}, {'id': 'a4cf04f1-1984-48f3-bede-fb725e413b28', 'image': 'https://uploads-master.aws.bengalmeat.com/media/cattle-image/2025/BLF_4742_4.jpg'}]",0.0,6 Months,2,0,40.2,s-PL2aIJ22o,215.0,140000.00,False,True,True,True,True,MINIMUM,https://uploads-master.aws.bengalmeat.com/media/cattle-thumbnail/2025/BLF_4742_1.jpg,2025-05-07T10:33:03.236707+06:00,ORDERED
53810852-6aca-4f9e-a4fb-f8b1e31244d1,BLF 4756,COW,MALE_BULL,RED,LOCAL,['GRASS_GRAIN_FED'],2.5 Years,"[{'id': 'b14673ea-02ce-4f6e-b595-3f4bfdccbbe4', 'image': 'https://uploads-master.aws.bengalmeat.com/media/cattle-image/2025/BLF_4756_2.jpg'}, {'id': '80c469a6-7f0d-4d3d-bc93-1a7b27034c8c', 'image': 'https://uploads-master.aws.bengalmeat.com/media/cattle-image/2025/BLF_4756_3.jpg'}, {'id': '47cc6f6f-8d73-4456-bf17-6e5b2558191b', 'image': 'https://uploads-master.aws.bengalmeat.com/media/cattle-image/2025/BLF_4756_4.jpg'}]",0.0,6 Months,4,0,40.3,Lbt8KL-mO-o,236.0,152000.00,False,True,True,True,True,MINIMUM,https://uploads-master.aws.bengalmeat.com/media/cattle-thumbnail/2025/BLF_4756_1.jpg,2025-05-07T10:47:47.039456+06:00,AVAILABLE
6d89f502-6924-45e3-88ae-2cbc6187f693,BLF 4757,COW,MALE_BULL,RED,LOCAL,['GRASS_GRAIN_FED'],2 Years,"[{'id': 'c1b27298-5cf1-4cde-930c-ff7fc01b0b5b', 'image': 'https://uploads-master.aws.bengalmeat.com/media/cattle-image/2025/BLF_4757_2.jpg'}, {'id': 'e1ac24d4-fe64-41dd-a0fb-8897156e6cea', 'image': 'https://uploads-master.aws.bengalmeat.com/media/cattle-image/2025/BLF_4757_3.jpg'}, {'id': '0bc830f6-a2a4-4358-a87b-a9b58941f22a', 'image': 'https://uploads-master.aws.bengalmeat.com/media/cattle-image/2025/BLF_4757_4.jpg'}]",0.0,6 Months,2,0,39.1,rAHuuRSctPE,201.0,132000.00,False,True,True,True,True,MINIMUM,https://uploads-master.aws.bengalmeat.com/media/cattle-thumbnail/2025/BLF_4757_1.jpg,2025-05-06T17:05:16.420314+06:00,ORDERED
a7863a38-55e8-47b1-b8b6-c403b3c5e0b8,BLF 4743,COW,MALE_BULL,RED,LOCAL,['GRASS_GRAIN_FED'],2 Years,"[{'id': '5bd1197f-5d8f-441b-b2df-c70cfa6bee10', 'image': 'https://uploads-master.aws.bengalmeat.com/media/cattle-image/2025/BLF_4743_2.jpg'}, {'id': '505845c5-ef41-4cb2-9af0-33159b84982e', 'image': 'https://uploads-master.aws.bengalmeat.com/media/cattle-image/2025/BLF_4743_3.jpg'}, {'id': 'ca30b9a7-8ed8-466a-a94f-a060004c5299', 'image': 'https://uploads-master.aws.bengalmeat.com/media/cattle-image/2025/BLF_4743_4.jpg'}]",0.0,6 Months,2,0,43.2,J-lXjD8s6BI,275.0,175000.00,False,True,True,True,True,MINIMUM,https://uploads-master.aws.bengalmeat.com/media/cattle-thumbnail/2025/BLF_4743_1.jpg,2025-05-02T09:15:54.314259+06:00,AVAILABLE
779d17a6-cd0a-4ab5-9fa1-5a5a6182a490,BLF 4794,COW,MALE_BULL,RED,LOCAL,['GRASS_GRAIN_FED'],2 Years,"[{'id': '24ad27cf-3200-4a23-ab7b-e5dccff37891', 'image': 'https://uploads-master.aws.bengalmeat.com/media/cattle-image/2025/BLF_4794_2.jpg'}, {'id': 'af66c1d6-30ee-4148-bfd0-b9e5016d8df4', 'image': 'https://uploads-master.aws.bengalmeat.com/media/cattle-image/2025/BLF_4794_3.jpg'}, {'id': 'f5f15411-ac58-4c41-b77e-5ab46e496dc5', 'image': 'https://uploads-master.aws.bengalmeat.com/media/cattle-image/2025/BLF_4794_4.jpg'}]",0.0,6 Months,2,0,42.8,VwOageJrJVI,230.0,149000.00,False,True,True,True,True,MINIMUM,https://uploads-master.aws.bengalmeat.com/media/cattle-thumbnail/2025/BLF_4794_1.jpg,2025-04-30T08:24:19.634683+06:00,ORDERED
a4f976b4-6906-4cdd-8faf-c3b42583ec4f,BLF 4780,COW,MALE_BULL,RED,LOCAL,['GRASS_GRAIN_FED'],2 Years,"[{'id': '025e686c-c5c3-4e56-9db3-9f0f5a4504ee', 'image': 'https://uploads-master.aws.bengalmeat.com/media/cattle-image/2025/BLF_4780_2.jpg'}, {'id': '326cc9bd-568d-4124-9eb2-f0dfee78f606', 'image': 'https://uploads-master.aws.bengalmeat.com/media/cattle-image/2025/BLF_4780_3.jpg'}, {'id': '8f79e55c-cc84-4b74-b6a9-4ad85757ca3a', 'image': 'https://uploads-master.aws.bengalmeat.com/media/cattle-image/2025/BLF_4780_4.jpg'}]",0.0,6 Months,2,0,34.9,gu6tO3jd6oE,162.0,107000.00,False,True,True,True,True,MINIMUM,https://uploads-master.aws.bengalmeat.com/media/cattle-thumbnail/2025/BLF_4780_1.jpg,2025-04-30T08:11:15.158049+06:00,ORDERED
a0205a91-f319-49e0-895e-72d7f0ad9585,BLF 4623,COW,MALE_BULL,RED,LOCAL,['GRASS_GRAIN_FED'],2.5 Years,"[{'id': '07e2df92-d787-4a5e-bf9e-05ebd042c630', 'image': 'https://uploads-master.aws.bengalmeat.com/media/cattle-image/2025/BLF_4623_2_EGV4Hm7.jpg'}, {'id': '0bf13cae-e034-408d-a000-ffa7bdcf4094', 'image': 'https://uploads-master.aws.bengalmeat.com/media/cattle-image/2025/BLF_4623_3_XYJmV1e.jpg'}, {'id': '89d8fab1-55e4-4cd5-9127-b5ba72247928', 'image': 'https://uploads-master.aws.bengalmeat.com/media/cattle-image/2025/BLF_4623_2_kNikgb9.jpg'}]",0.0,6 Months,4,0,39.0,y3Djp3r0KYU,220.0,144000.00,False,True,True,True,True,MINIMUM,https://uploads-master.aws.bengalmeat.com/media/cattle-thumbnail/2025/BLF_4623_1_4MiyHaN.jpg,2025-04-23T14:55:47.979027+06:00,ORDERED
fb450587-91e3-44be-9008-0e3fc1273522,BLF 4637,COW,MALE_BULL,RED,LOCAL,['GRASS_GRAIN_FED'],2 Years,"[{'id': '890322ba-3c06-440e-aae7-b3c33fd811f2', 'image': 'https://uploads-master.aws.bengalmeat.com/media/cattle-image/2025/BLF_4637_2_s2Huxzz.jpg'}, {'id': 'a2dfde6f-3287-4ad9-982e-28a641525682', 'image': 'https://uploads-master.aws.bengalmeat.com/media/cattle-image/2025/BLF_4637_3_npUi9ie.jpg'}, {'id': '0fdb02ac-0aa5-4bc7-bcaa-b00e17eb4641', 'image': 'https://uploads-master.aws.bengalmeat.com/media/cattle-image/2025/BLF_4637_4_fTkcTAk.jpg'}]",0.0,6 Months,2,0,41.5,8fhqCL82DG4,252.0,161000.00,False,True,True,True,True,MINIMUM,https://uploads-master.aws.bengalmeat.com/media/cattle-thumbnail/2025/BLF_4637_1_Wm6lQxK.jpg,2025-04-23T16:22:19.639417+06:00,AVAILABLE
e87f15d0-61da-42ed-ab29-3be2075db555,BLF 4838,COW,MALE_BULL,RED,LOCAL,['GRASS_GRAIN_FED'],2 Years,"[{'id': 'bf90b9b5-07d5-4f80-9bca-983af8df40ad', 'image': 'https://uploads-master.aws.bengalmeat.com/media/cattle-image/2025/BLF_4838_2.jpg'}, {'id': '625b4186-a92a-4e18-8af3-f65835f82e30', 'image': 'https://uploads-master.aws.bengalmeat.com/media/cattle-image/2025/BLF_4838_3.jpg'}, {'id': 'c013a86a-03d6-40aa-be23-7fecd924639e', 'image': 'https://uploads-master.aws.bengalmeat.com/media/cattle-image/2025/BLF_4838_4.jpg'}]",0.0,6 Months,2,0,46.0,KaR6EHLNr6Y,260.0,166000.00,False,True,True,True,True,MEDIUM,https://uploads-master.aws.bengalmeat.com/media/cattle-thumbnail/2025/BLF_4838_1.jpg,2025-05-01T15:26:32.550656+06:00,AVAILABLE
42e2fbe2-6d3c-4eee-bc7b-efe602137400,BLF 4804,COW,MALE_BULL,NON_RED,LOCAL,['GRASS_GRAIN_FED'],2 Years,"[{'id': '827b7f86-f78a-49df-94c1-696b473627cf', 'image': 'https://uploads-master.aws.bengalmeat.com/media/cattle-image/2025/BLF_4804_2.jpg'}, {'id': 'a187053e-d260-4f63-bca4-1434c2ad5a04', 'image': 'https://uploads-master.aws.bengalmeat.com/media/cattle-image/2025/BLF_4804_3.jpg'}, {'id': 'f3dbee36-5825-4b8f-b0ec-248410fc94e2', 'image': 'https://uploads-master.aws.bengalmeat.com/media/cattle-image/2025/BLF_4804_4.jpg'}]",0.0,6 Months,2,0,42.0,HgORkiqT97k,230.0,147000.00,False,True,True,True,True,MINIMUM,https://uploads-master.aws.bengalmeat.com/media/cattle-thumbnail/2025/BLF_4804_1.jpg,2025-05-07T11:28:39.018877+06:00,ORDERED
41c347da-d2be-4073-a482-a3d5d1e032e6,BLF 4810,COW,MALE_BULL,RED,LOCAL,['GRASS_GRAIN_FED'],3 Years,"[{'id': '22d9f517-725a-4437-ba36-32bf147ab3a3', 'image': 'https://uploads-master.aws.bengalmeat.com/media/cattle-image/2025/BLF_4810_2.jpg'}, {'id': '0c373483-a92b-4447-b15a-6ac2713f6ec3', 'image': 'https://uploads-master.aws.bengalmeat.com/media/cattle-image/2025/BLF_4810_3.jpg'}, {'id': '1cd317e0-b55a-41ad-8730-3a9cee59e970', 'image': 'https://uploads-master.aws.bengalmeat.com/media/cattle-image/2025/BLF_4810_4.jpg'}]",0.0,6 Months,6,0,48.4,Faz-ke4d-F4,359.0,227000.00,False,True,True,True,True,MEDIUM,https://uploads-master.aws.bengalmeat.com/media/cattle-thumbnail/2025/BLF_4810_1.jpg,2025-05-13T12:23:53.989800+06:00,AVAILABLE
185f34ea-ff05-4a6c-bf9a-83e254fd73a7,BLF 4806,COW,MALE_BULL,RED,LOCAL,['GRASS_GRAIN_FED'],2.5 Years,"[{'id': '2ed3ed7d-64b6-45ce-9542-fd34e6c9627f', 'image': 'https://uploads-master.aws.bengalmeat.com/media/cattle-image/2025/BLF_4806_2.jpg'}, {'id': 'b3a6a5a3-8050-42cb-885d-140eea8f5248', 'image': 'https://uploads-master.aws.bengalmeat.com/media/cattle-image/2025/BLF_4806_3.jpg'}, {'id': '8faf7dd8-1f79-44e3-9455-d720b393ce47', 'image': 'https://uploads-master.aws.bengalmeat.com/media/cattle-image/2025/BLF_4806_4.jpg'}]",0.0,6 Months,4,0,45.4,NGfvCtFc9t0,322.0,205000.00,False,True,True,True,True,MINIMUM,https://uploads-master.aws.bengalmeat.com/media/cattle-thumbnail/2025/BLF_4806_1.jpg,2025-05-01T15:03:29.032426+06:00,AVAILABLE
317e6b1f-484c-449b-9596-c69a12520002,BLF 4812,COW,MALE_BULL,NON_RED,LOCAL,['GRASS_GRAIN_FED'],2 Years,"[{'id': 'a735b319-87bd-4478-a82f-701f9e613daa', 'image': 'https://uploads-master.aws.bengalmeat.com/media/cattle-image/2025/BLF_4812_2.jpg'}, {'id': 'cfc81f4a-e33a-4289-84a1-915c1d691695', 'image': 'https://uploads-master.aws.bengalmeat.com/media/cattle-image/2025/BLF_4812_3.jpg'}, {'id': '6526be15-0efd-4bc8-89d2-f8cbcb94b0dc', 'image': 'https://uploads-master.aws.bengalmeat.com/media/cattle-image/2025/BLF_4812_4.jpg'}]",0.0,6 Months,2,0,45.6,VGW6psrldro,314.0,200000.00,False,True,True,True,True,MINIMUM,https://uploads-master.aws.bengalmeat.com/media/cattle-thumbnail/2025/BLF_4812_1.jpg,2025-05-01T15:11:55.587030+06:00,AVAILABLE
d7deb2a6-7953-490d-ba2a-1629e817e764,BLF 4609,COW,MALE_BULL,NON_RED,LOCAL,['GRASS_FED_GRASS_FINISHED'],2 Years,"[{'id': '1e6dc3c1-7819-4c9e-b350-e1d50e1e8733', 'image': 'https://uploads-master.aws.bengalmeat.com/media/cattle-image/2025/BLF_4609_2.jpg'}, {'id': '72bc149d-ba56-4d39-b9ac-c91ea817b234', 'image': 'https://uploads-master.aws.bengalmeat.com/media/cattle-image/2025/BLF_4609_3.jpg'}, {'id': 'd0f98acc-3b73-4be5-8bac-d4f22f1811b9', 'image': 'https://uploads-master.aws.bengalmeat.com/media/cattle-image/2025/BLF_4609_4.jpg'}]",0.0,6 Months,2,0,44.0,hiwqs5o2Eos,255.0,162000.00,False,True,True,True,True,MINIMUM,https://uploads-master.aws.bengalmeat.com/media/cattle-thumbnail/2025/BLF_4609_1.jpg,2025-05-01T19:28:40.522303+06:00,AVAILABLE
20c62eec-6803-4bc9-ba7b-11ac4b07b8a7,BLF 4621,COW,MALE_BULL,RED,LOCAL,['GRASS_GRAIN_FED'],2 Years,"[{'id': 'cacd6ecc-da0e-4c3e-832c-4134ae45d61b', 'image': 'https://uploads-master.aws.bengalmeat.com/media/cattle-image/2025/BLF_4621_2_maFUOub.jpg'}, {'id': 'f07ad25d-5a26-49fe-b84f-cdb0a5c1a2ac', 'image': 'https://uploads-master.aws.bengalmeat.com/media/cattle-image/2025/BLF_4621_3_9ux5O1P.jpg'}, {'id': 'fee1c6b5-3126-46f9-9263-b68f9d316c97', 'image': 'https://uploads-master.aws.bengalmeat.com/media/cattle-image/2025/BLF_4621_4_yWp7JDv.jpg'}]",0.0,6 Months,2,0,39.0,Z8HHQLpGP_U,212.0,139000.00,False,True,True,True,True,MINIMUM,https://uploads-master.aws.bengalmeat.com/media/cattle-thumbnail/2025/BLF_4621.jpg,2025-04-23T14:52:56.850669+06:00,AVAILABLE
c3dcce1d-bc64-496a-93e3-10556070f465,BLF 4635,COW,MALE_BULL,NON_RED,LOCAL,['GRASS_GRAIN_FED'],2 Years,"[{'id': 'ec21eafa-991e-4d85-91af-1e0474d6cf7b', 'image': 'https://uploads-master.aws.bengalmeat.com/media/cattle-image/2025/BLF_4635_2.jpg'}, {'id': '5bc6fedd-feca-4d8b-9a06-6f05efaa72bc', 'image': 'https://uploads-master.aws.bengalmeat.com/media/cattle-image/2025/BLF_4635_3.jpg'}, {'id': '1ac3f1d4-9f78-4ebe-99f2-4730d179fe91', 'image': 'https://uploads-master.aws.bengalmeat.com/media/cattle-image/2025/BLF_4635_4.jpg'}]",0.0,6 Months,2,0,39.0,hDINPiqWouc,228.0,147000.00,False,True,True,True,True,MINIMUM,https://uploads-master.aws.bengalmeat.com/media/cattle-thumbnail/2025/BLF_4635_1.jpg,2025-04-23T16:19:59.654794+06:00,AVAILABLE
a0910df2-dac6-48fa-82b6-84eb8acf2616,BLF 4796,COW,MALE_BULL,RED,LOCAL,['GRASS_GRAIN_FED'],2 Years,"[{'id': '5a970194-c894-4ac3-916e-ccb397350ec8', 'image': 'https://uploads-master.aws.bengalmeat.com/media/cattle-image/2025/BLF_4796_2.jpg'}, {'id': 'f292ab04-eaf1-4864-92a0-1698ce40d310', 'image': 'https://uploads-master.aws.bengalmeat.com/media/cattle-image/2025/BLF_4796_3.jpg'}, {'id': '501ed134-ba93-46f8-84ae-865cba4bc982', 'image': 'https://uploads-master.aws.bengalmeat.com/media/cattle-image/2025/BLF_4796_4.jpg'}]",0.0,6 Months,2,0,39.1,E5eSXHCTROk,215.0,140000.00,False,True,True,True,True,MINIMUM,https://uploads-master.aws.bengalmeat.com/media/cattle-thumbnail/2025/BLF_4796_1.jpg,2025-05-07T11:22:51.206319+06:00,ORDERED
e3fd4249-18b0-43d6-94bd-fff1ba98e6a5,BLF 4782,COW,MALE_BULL,RED,SAHIWAL,['GRASS_GRAIN_FED'],2 Years,"[{'id': 'b5eb458e-454f-420f-aed9-d3bba5eb13ed', 'image': 'https://uploads-master.aws.bengalmeat.com/media/cattle-image/2025/BLF_4782_2.jpg'}, {'id': 'f52c366b-337b-4820-9e21-bd78315f5755', 'image': 'https://uploads-master.aws.bengalmeat.com/media/cattle-image/2025/BLF_4782_3.jpg'}, {'id': '9a087786-6d31-402a-98a1-531274b53e5e', 'image': 'https://uploads-master.aws.bengalmeat.com/media/cattle-image/2025/BLF_4782_4.jpg'}]",0.0,6 Months,2,0,45.6,CkcO23JXMMk,269.0,172000.00,False,True,True,True,True,MEDIUM,https://uploads-master.aws.bengalmeat.com/media/cattle-thumbnail/2025/BLF_4782_1.jpg,2025-04-30T08:15:35.339272+06:00,AVAILABLE
1a6fe703-00e0-4990-8d7d-84b58799c8bb,BLF 4769,COW,MALE_BULL,NON_RED,LOCAL,['GRASS_GRAIN_FED'],2.5 Years,"[{'id': 'dca88802-c9dc-4e0a-86f4-1e0709ffb554', 'image': 'https://uploads-master.aws.bengalmeat.com/media/cattle-image/2025/BLF_4769_2.jpg'}, {'id': '5d671af5-0939-493f-b359-f11f9c8856fc', 'image': 'https://uploads-master.aws.bengalmeat.com/media/cattle-image/2025/BLF_4769_3.jpg'}, {'id': '54af1ccc-5340-4aed-9d27-e1e84fc550c4', 'image': 'https://uploads-master.aws.bengalmeat.com/media/cattle-image/2025/BLF_4769_4.jpg'}]",0.0,6 Months,4,0,40.3,n4_NCpQB3Nc,214.0,139000.00,False,True,True,True,True,MINIMUM,https://uploads-master.aws.bengalmeat.com/media/cattle-thumbnail/2025/BLF_4769_1.jpg,2025-04-29T15:52:46.828198+06:00,AVAILABLE
7a566ec6-6d6f-435a-924f-77c916a3fb35,BLF 4755,COW,MALE_BULL,RED,LOCAL,['GRASS_GRAIN_FED'],2 Years,"[{'id': '62d1bf35-4a46-4e58-9278-2531b468d081', 'image': 'https://uploads-master.aws.bengalmeat.com/media/cattle-image/2025/BLF_4755_2.jpg'}, {'id': '6edd4e75-0c0a-48f1-adc8-2f163af646dc', 'image': 'https://uploads-master.aws.bengalmeat.com/media/cattle-image/2025/BLF_4755_3.jpg'}, {'id': '3131ab21-7c2c-4003-9639-b518878ecd2f', 'image': 'https://uploads-master.aws.bengalmeat.com/media/cattle-image/2025/BLF_4755_4.jpg'}]",0.0,6 Months,2,0,41.5,W30Xuec4Vvk,237.0,153000.00,False,True,True,True,True,MINIMUM,https://uploads-master.aws.bengalmeat.com/media/cattle-thumbnail/2025/BLF_4755_1.jpg,2025-05-07T10:46:02.854963+06:00,AVAILABLE
9e7f7be4-571d-4abd-bc91-2ff2eb16d607,BLF 4741,COW,MALE_BULL,NON_RED,LOCAL,['GRASS_GRAIN_FED'],2 Years,"[{'id': '0bf12a40-2490-459d-a554-de2b8ad46de7', 'image': 'https://uploads-master.aws.bengalmeat.com/media/cattle-image/2025/BLF_4741_2.jpg'}, {'id': '0b84dcb6-4625-4cc8-bd14-14a6c5fface4', 'image': 'https://uploads-master.aws.bengalmeat.com/media/cattle-image/2025/BLF_4741_3.jpg'}, {'id': '8c2b426d-841c-4054-9228-df0966fbf028', 'image': 'https://uploads-master.aws.bengalmeat.com/media/cattle-image/2025/BLF_4741_4.jpg'}]",0.0,6 Months,2,0,38.0,i2tCHY7FroI,189.0,125000.00,False,True,True,True,True,MINIMUM,https://uploads-master.aws.bengalmeat.com/media/cattle-thumbnail/2025/BLF_4741_1.jpg,2025-04-24T16:33:03.004815+06:00,ORDERED
1e8b5546-6539-4a01-abc3-b36ebfd52c54,BLF 4740,COW,MALE_BULL,NON_RED,LOCAL,['GRASS_GRAIN_FED'],2 Years,"[{'id': 'd49d94d3-c150-4000-b224-56f563ed4200', 'image': 'https://uploads-master.aws.bengalmeat.com/media/cattle-image/2025/BLF_4740_2.jpg'}, {'id': '5acdd29b-0ed7-4f78-862f-3f0703d3016b', 'image': 'https://uploads-master.aws.bengalmeat.com/media/cattle-image/2025/BLF_4740_3.jpg'}, {'id': 'ce72059c-040e-47ac-ad2c-f876dee23304', 'image': 'https://uploads-master.aws.bengalmeat.com/media/cattle-image/2025/BLF_4740_4.jpg'}]",0.0,6 Months,2,0,37.0,v1HkZxJ3I9Q,188.0,124000.00,False,True,True,True,True,MINIMUM,https://uploads-master.aws.bengalmeat.com/media/cattle-thumbnail/2025/BLF_4740_1.jpg,2025-04-24T16:31:14.348025+06:00,ORDERED
d9f6d267-b8db-44df-9d03-a3eebeda2971,BLF 4754,COW,MALE_BULL,RED,LOCAL,['GRASS_GRAIN_FED'],2.5 Years,"[{'id': 'cd6db3ec-8e07-47f0-adff-a744e06c0410', 'image': 'https://uploads-master.aws.bengalmeat.com/media/cattle-image/2025/BLF_4754_2.jpg'}, {'id': '55a2943a-a089-49c9-987f-6dc34e25ecbc', 'image': 'https://uploads-master.aws.bengalmeat.com/media/cattle-image/2025/BLF_4754_3.jpg'}, {'id': '31ccfe0a-5fe7-4616-a34c-b22b40a60614', 'image': 'https://uploads-master.aws.bengalmeat.com/media/cattle-image/2025/BLF_4754_4.jpg'}]",0.0,6 Months,4,0,41.5,Vh2QVQAZzO4,236.0,153000.00,False,True,True,True,True,MINIMUM,https://uploads-master.aws.bengalmeat.com/media/cattle-thumbnail/2025/BLF_4754_1.jpg,2025-05-07T10:43:48.130092+06:00,AVAILABLE
74ef648f-6722-4f04-a7cd-08b49f923c0b,BLF 4768,COW,MALE_BULL,RED,LOCAL,['GRASS_GRAIN_FED'],2 Years,"[{'id': 'd0e722c3-e3b2-4e1f-8d56-4839dce773d2', 'image': 'https://uploads-master.aws.bengalmeat.com/media/cattle-image/2025/BLF_4768_2.jpg'}, {'id': 'ee7f3da3-dc48-4854-a4cd-1d27059a1e07', 'image': 'https://uploads-master.aws.bengalmeat.com/media/cattle-image/2025/BLF_4768_3.jpg'}, {'id': 'dcea2645-8d3b-4c1e-89b7-09b4e205fc71', 'image': 'https://uploads-master.aws.bengalmeat.com/media/cattle-image/2025/BLF_4768_4.jpg'}]",0.0,6 Months,2,0,43.5,4Nrpz_1Nod8,288.0,184000.00,False,True,True,True,True,MINIMUM,https://uploads-master.aws.bengalmeat.com/media/cattle-thumbnail/2025/BLF_4768_1.jpg,2025-04-29T15:51:39.918429+06:00,AVAILABLE
5b46adc5-90d0-47cc-8b2c-d8b077c0f8ff,BLF 4783,COW,MALE_BULL,NON_RED,LOCAL,['GRASS_GRAIN_FED'],2 Years,"[{'id': 'ddb06db9-4e39-43f5-802a-82a9fd5cd346', 'image': 'https://uploads-master.aws.bengalmeat.com/media/cattle-image/2025/BLF_4783_2.jpg'}, {'id': 'af2d7290-a847-4c43-8867-2b46c3c5d0d7', 'image': 'https://uploads-master.aws.bengalmeat.com/media/cattle-image/2025/BLF_4783_3.jpg'}, {'id': '66e90e2f-dd16-48a7-b7ba-05486de27623', 'image': 'https://uploads-master.aws.bengalmeat.com/media/cattle-image/2025/BLF_4783_4.jpg'}]",0.0,6 Months,2,0,40.3,UEqMKNxQpOw,236.0,152000.00,False,True,True,True,True,MINIMUM,https://uploads-master.aws.bengalmeat.com/media/cattle-thumbnail/2025/BLF_4783_1.jpg,2025-05-07T16:34:48.396578+06:00,AVAILABLE
1b724d8c-5129-41ed-9368-cffd7cc072df,BLF 4797,COW,MALE_BULL,NON_RED,LOCAL,['GRASS_GRAIN_FED'],2 Years,"[{'id': '0987b631-aa56-437f-8d35-1187cb640d21', 'image': 'https://uploads-master.aws.bengalmeat.com/media/cattle-image/2025/BLF_4797_2.jpg'}, {'id': '12e3e91f-ba92-4d94-8c4c-6ece9983162c', 'image': 'https://uploads-master.aws.bengalmeat.com/media/cattle-image/2025/BLF_4797_3.jpg'}, {'id': 'ad0a714b-5ec5-4e05-88b4-622d6a13371a', 'image': 'https://uploads-master.aws.bengalmeat.com/media/cattle-image/2025/BLF_4797_4.jpg'}]",0.0,6 Months,2,0,38.8,WDrcitxPIvc,172.0,113000.00,False,True,True,True,True,MINIMUM,https://uploads-master.aws.bengalmeat.com/media/cattle-thumbnail/2025/BLF_4797_1.jpg,2025-05-07T16:38:52.294946+06:00,ORDERED
c4eaa058-4f06-4801-b736-5903b40fac56,BLF 4634,COW,MALE_BULL,RED,LOCAL,['GRASS_GRAIN_FED'],2 Years,"[{'id': 'fe04b32d-2442-4f0e-b558-8e220d05d879', 'image': 'https://uploads-master.aws.bengalmeat.com/media/cattle-image/2025/BLF_4634_2.jpg'}, {'id': '51a18a53-d489-4314-ad2f-77771561e8ef', 'image': 'https://uploads-master.aws.bengalmeat.com/media/cattle-image/2025/BLF_4634_3.jpg'}, {'id': '687f285f-cd65-4be2-90be-5c0b852d7827', 'image': 'https://uploads-master.aws.bengalmeat.com/media/cattle-image/2025/BLF_4634_4.jpg'}]",0.0,6 Months,2,0,42.0,WXTN3Ou7Vr4,281.0,178000.00,False,True,True,True,True,MINIMUM,https://uploads-master.aws.bengalmeat.com/media/cattle-thumbnail/2025/BLF_4634_1.jpg,2025-04-23T16:18:48.757076+06:00,AVAILABLE
f03e369a-474d-43a2-b9f6-8d03dc262a25,BLF 4620,COW,MALE_BULL,RED,SAHIWAL,['GRASS_FED_GRASS_FINISHED'],2.5 Years,"[{'id': '036b583a-de45-448b-b3c7-cb4d21711ea0', 'image': 'https://uploads-master.aws.bengalmeat.com/media/cattle-image/2025/BLF_4620_2_iFeUQ6M.jpg'}, {'id': '2c6c7a11-a3f9-415e-8971-c3766411b4fa', 'image': 'https://uploads-master.aws.bengalmeat.com/media/cattle-image/2025/BLF_4620_3_oqopTuo.jpg'}, {'id': 'fab804af-b482-4768-b0ef-b19a3d87295a', 'image': 'https://uploads-master.aws.bengalmeat.com/media/cattle-image/2025/BLF_4620_4_PHx7lgf.jpg'}]",0.0,6 Months,4,0,50.0,w9firyfS2Hw,460.0,299000.00,True,True,True,True,True,MEDIUM,https://uploads-master.aws.bengalmeat.com/media/cattle-thumbnail/2025/BLF_4620_1_PVQ2arg.jpg,2025-04-23T14:50:46.014415+06:00,AVAILABLE
299a5699-ea75-45ec-8762-2511a1a9c84e,BLF 4608,COW,MALE_BULL,RED,LOCAL,['GRASS_GRAIN_FED'],2 Years,"[{'id': 'bca23da2-39dd-488b-b84d-588442d4b3b3', 'image': 'https://uploads-master.aws.bengalmeat.com/media/cattle-image/2025/BLF_4608_2_QVxpbQE.jpg'}, {'id': 'ab66e96a-eab7-43e0-a868-db95483eb00a', 'image': 'https://uploads-master.aws.bengalmeat.com/media/cattle-image/2025/BLF_4608_3_CVPk7oJ.jpg'}, {'id': '97d422e8-634c-4e0d-9d80-b4d85156079b', 'image': 'https://uploads-master.aws.bengalmeat.com/media/cattle-image/2025/BLF_4608_4_1MjVf67.jpg'}]",0.0,6 Months,2,0,42.3,8ufxJ6m__5Q,220.0,145000.00,False,True,True,True,True,MINIMUM,https://uploads-master.aws.bengalmeat.com/media/cattle-thumbnail/2025/BLF_4608.jpg,2025-04-23T14:33:18.284260+06:00,ORDERED
2ed68bd9-804d-4ccb-bf47-f8ac8d9f6e60,BLF 4813,COW,MALE_BULL,NON_RED,LOCAL,['GRASS_GRAIN_FED'],2 Years,"[{'id': '2176cc29-dd4b-456e-9758-81065009822d', 'image': 'https://uploads-master.aws.bengalmeat.com/media/cattle-image/2025/BLF_4813_2.jpg'}, {'id': 'dbe413fa-c57b-47b7-b75e-36977e07f0fc', 'image': 'https://uploads-master.aws.bengalmeat.com/media/cattle-image/2025/BLF_4813_3.jpg'}, {'id': '4b3d9736-5f61-40d6-824b-e16e6eeaaf0e', 'image': 'https://uploads-master.aws.bengalmeat.com/media/cattle-image/2025/BLF_4813_4.jpg'}]",0.0,6 Months,2,0,46.8,zMSZWR2jOd8,328.0,209000.00,False,True,True,True,True,MINIMUM,https://uploads-master.aws.bengalmeat.com/media/cattle-thumbnail/2025/BLF_4813_1.jpg,2025-05-01T15:14:18.012729+06:00,AVAILABLE
d62f9b72-5e78-477c-9aba-e47feb8e4916,BLF 4807,COW,MALE_BULL,NON_RED,LOCAL,['GRASS_GRAIN_FED'],2 Years,"[{'id': 'c88e7035-16bf-49ae-84e5-0dd4af56ef91', 'image': 'https://uploads-master.aws.bengalmeat.com/media/cattle-image/2025/BLF_4807_2.jpg'}, {'id': '14f20420-4491-419a-81c3-fa32db3cd338', 'image': 'https://uploads-master.aws.bengalmeat.com/media/cattle-image/2025/BLF_4807_3.jpg'}, {'id': '136faff1-bb6e-4f46-865a-57b9096566bd', 'image': 'https://uploads-master.aws.bengalmeat.com/media/cattle-image/2025/BLF_4807_4.jpg'}]",0.0,6 Months,2,0,47.0,AU9iE05xvzo,354.0,221000.00,False,True,True,True,True,MEDIUM,https://uploads-master.aws.bengalmeat.com/media/cattle-thumbnail/2025/BLF_4807_1.jpg,2025-04-30T11:42:29.586548+06:00,AVAILABLE
4a8f7d2e-b0cd-4132-9a14-f27276f2a443,BLF 4803,COW,MALE_BULL,CROSS_RED,LOCAL,['GRASS_GRAIN_FED'],2 Years,"[{'id': '7231ace6-5276-4561-aeb1-00a0ed51aaf2', 'image': 'https://uploads-master.aws.bengalmeat.com/media/cattle-image/2025/BLF_4803_2.jpg'}, {'id': '77c5a850-a95c-4f28-88d0-28eaace7323d', 'image': 'https://uploads-master.aws.bengalmeat.com/media/cattle-image/2025/BLF_4803_3.jpg'}, {'id': '2b88eed2-a6ec-431d-90bb-4453d3d6b4d0', 'image': 'https://uploads-master.aws.bengalmeat.com/media/cattle-image/2025/BLF_4803_4.jpg'}]",0.0,6 Months,2,0,35.9,5MBdkZLnD-s,169.0,109000.00,False,True,True,True,True,MINIMUM,https://uploads-master.aws.bengalmeat.com/media/cattle-thumbnail/2025/BLF_4803_1.jpg,2025-04-30T08:28:32.091371+06:00,ORDERED
78f38ffb-3313-42ab-9c89-9d4514098f67,BLF 4817,COW,MALE_BULL,NON_RED,LOCAL,['GRASS_GRAIN_FED'],2 Years,"[{'id': 'de1fd02d-c9b2-4b40-9a4b-ed648d3767ac', 'image': 'https://uploads-master.aws.bengalmeat.com/media/cattle-image/2025/BLF_4817_2.jpg'}, {'id': '1f1f845e-fd29-45ee-a081-eadd7bb9e72b', 'image': 'https://uploads-master.aws.bengalmeat.com/media/cattle-image/2025/BLF_4817_3.jpg'}, {'id': 'afd71e06-aebb-4622-b76c-0d56f3f68187', 'image': 'https://uploads-master.aws.bengalmeat.com/media/cattle-image/2025/BLF_4817_4.jpg'}]",0.0,6 Months,2,0,39.1,a1jX2MaKrj0,199.0,129000.00,False,True,True,True,True,MINIMUM,https://uploads-master.aws.bengalmeat.com/media/cattle-thumbnail/2025/BLF_4817_1.jpg,2025-05-05T15:05:45.598330+06:00,ORDERED
59202a4a-9d3e-4865-b9ef-48f66c233add,BLF 4624,COW,MALE_BULL,RED,LOCAL,['GRASS_GRAIN_FED'],2 Years,"[{'id': '5df19b77-ed4f-4d5f-beed-c636ff55016a', 'image': 'https://uploads-master.aws.bengalmeat.com/media/cattle-image/2025/BLF_4624_2.jpg'}, {'id': '657c216f-d5aa-47ef-af6d-f28a55c3508d', 'image': 'https://uploads-master.aws.bengalmeat.com/media/cattle-image/2025/BLF_4624_3.jpg'}, {'id': 'a07ee414-354e-407c-a3fa-9e9053c70f39', 'image': 'https://uploads-master.aws.bengalmeat.com/media/cattle-image/2025/BLF_4624_4.jpg'}]",0.0,6 Months,2,0,39.1,cucPA8dZCM4,232.0,152000.00,False,True,True,True,True,MINIMUM,https://uploads-master.aws.bengalmeat.com/media/cattle-thumbnail/2025/BLF_4624.jpg,2025-04-23T14:56:47.912409+06:00,AVAILABLE
208fe956-2193-4871-bd03-3fd909335b29,BLF 4630,COW,MALE_BULL,NON_RED,LOCAL,['GRASS_GRAIN_FED'],2.5 Years,"[{'id': 'e5341d91-e8a1-4bfb-985b-4dbcbdcc6ea2', 'image': 'https://uploads-master.aws.bengalmeat.com/media/cattle-image/2025/BLF_4630_2.jpg'}, {'id': 'fcd698a8-bc0b-443a-acc4-ea959bc58022', 'image': 'https://uploads-master.aws.bengalmeat.com/media/cattle-image/2025/BLF_4630_3.jpg'}, {'id': '91bb170c-45b4-4201-a5b7-5b86071d77d3', 'image': 'https://uploads-master.aws.bengalmeat.com/media/cattle-image/2025/BLF_4630.jpg'}]",0.0,6 Months,4,0,40.0,QVYmzaEtuLQ,230.0,151000.00,False,True,True,True,True,MINIMUM,https://uploads-master.aws.bengalmeat.com/media/cattle-thumbnail/2025/BLF_4630_1.jpg,2025-04-23T15:06:02.301280+06:00,AVAILABLE
89777df9-1057-4f43-8afb-968a174e808e,BLF 4618,COW,MALE_BULL,RED,LOCAL,['GRASS_GRAIN_FED'],2 Years,"[{'id': '079c1386-96d7-448b-85da-b504c1dc43b1', 'image': 'https://uploads-master.aws.bengalmeat.com/media/cattle-image/2025/BLF_4618_2_zSUT5os.jpg'}, {'id': '02e72338-b1f1-4e36-8649-a9f57a1c2abd', 'image': 'https://uploads-master.aws.bengalmeat.com/media/cattle-image/2025/BLF_4618_3_6yUFA4l.jpg'}, {'id': '57e614b1-cfd9-4337-ba1a-33b206623116', 'image': 'https://uploads-master.aws.bengalmeat.com/media/cattle-image/2025/BLF_4618_4_m8KI9Wp.jpg'}]",0.0,6 Months,2,0,41.0,6DkhTvjSMOs,250.0,160000.00,True,True,True,True,True,MINIMUM,https://uploads-master.aws.bengalmeat.com/media/cattle-thumbnail/2025/BLF_4618_1_pxSeApS.jpg,2025-04-23T14:47:12.064695+06:00,AVAILABLE
76b9b68b-1267-4b5d-a8ac-d0992f5f4873,BLF 4793,COW,MALE_BULL,RED,LOCAL,['GRASS_GRAIN_FED'],2.5 Years,"[{'id': 'cf0e4351-e0dd-4cfb-8127-89a81104ee99', 'image': 'https://uploads-master.aws.bengalmeat.com/media/cattle-image/2025/BLF_4793_2.jpg'}, {'id': '8a79dae4-f7f5-4023-b55b-1678945c36c2', 'image': 'https://uploads-master.aws.bengalmeat.com/media/cattle-image/2025/BLF_4793_3.jpg'}, {'id': 'f390e3a3-e86c-48f0-a52b-d1eb4084e058', 'image': 'https://uploads-master.aws.bengalmeat.com/media/cattle-image/2025/BLF_4793_4.jpg'}]",0.0,6 Months,4,0,43.1,n8OYwS5QMxs,259.0,165000.00,False,True,True,True,True,MINIMUM,https://uploads-master.aws.bengalmeat.com/media/cattle-thumbnail/2025/BLF_4793_1.jpg,2025-04-30T08:22:55.310619+06:00,AVAILABLE
83784b31-fab9-46de-887b-909f5beea8ab,BLF 4787,COW,MALE_BULL,NON_RED,LOCAL,['GRASS_GRAIN_FED'],2.5 Years,"[{'id': '1c9cfda7-9f15-46e3-b1ad-2ecda05381d0', 'image': 'https://uploads-master.aws.bengalmeat.com/media/cattle-image/2025/BLF_4787_2.jpg'}, {'id': 'f16c49ae-e953-43c1-93fd-a717bbf8c4e6', 'image': 'https://uploads-master.aws.bengalmeat.com/media/cattle-image/2025/BLF_4787_3.jpg'}, {'id': 'ce4773df-ed24-45c8-aff2-556158f8989c', 'image': 'https://uploads-master.aws.bengalmeat.com/media/cattle-image/2025/BLF_4787_4.jpg'}]",0.0,6 Months,4,0,40.3,__KSR8BCdtQ,224.0,144000.00,False,True,True,True,True,MINIMUM,https://uploads-master.aws.bengalmeat.com/media/cattle-thumbnail/2025/BLF_4787_1_qMHYVy8.jpg,2025-05-07T11:14:10.102891+06:00,AVAILABLE
11621800-7166-4573-b5c6-d9ca81c38fb5,BLF 4750,COW,MALE_BULL,NON_RED,LOCAL,['GRASS_GRAIN_FED'],2 Years,"[{'id': 'c451ae4e-b07d-456d-bb1d-f557ff350381', 'image': 'https://uploads-master.aws.bengalmeat.com/media/cattle-image/2025/BLF_4750_2.jpg'}, {'id': '857e58e1-a6ce-4aff-991b-76e2755214ed', 'image': 'https://uploads-master.aws.bengalmeat.com/media/cattle-image/2025/BLF_4750_3.jpg'}, {'id': 'e3cb9144-3905-4c24-b148-3d5c07c9406d', 'image': 'https://uploads-master.aws.bengalmeat.com/media/cattle-image/2025/BLF_4750_4.jpg'}]",0.0,6 Months,2,0,35.1,KdPrqXt1ffw,166.0,110000.00,False,True,True,True,True,MINIMUM,https://uploads-master.aws.bengalmeat.com/media/cattle-thumbnail/2025/BLF_4750_1.jpg,2025-04-24T16:40:11.045576+06:00,ORDERED
2d8e3f0f-19dd-4971-afa4-c6dbcfdb4160,BLF 4744,COW,MALE_BULL,RED,LOCAL,['GRASS_GRAIN_FED'],2 Years,"[{'id': '9d292610-e09d-4908-8a18-9267b9b1f8c7', 'image': 'https://uploads-master.aws.bengalmeat.com/media/cattle-image/2025/BLF_4744_2.jpg'}, {'id': '9432adf4-f763-4b6e-91d3-311c52b31bd9', 'image': 'https://uploads-master.aws.bengalmeat.com/media/cattle-image/2025/BLF_4744_3.jpg'}, {'id': '08c96e43-7898-42bd-81da-ff4f32a150c2', 'image': 'https://uploads-master.aws.bengalmeat.com/media/cattle-image/2025/BLF_4744_4.jpg'}]",0.0,6 Months,2,0,41.6,tvgVWCNc-4A,245.0,157000.00,False,True,True,True,True,MINIMUM,https://uploads-master.aws.bengalmeat.com/media/cattle-thumbnail/2025/BLF_4744_1.jpg,2025-05-14T15:52:11.720530+06:00,AVAILABLE
fca9ebbc-1763-4fd3-a229-eae77ef75ca0,BLF 4778,COW,MALE_BULL,RED,LOCAL,['GRASS_GRAIN_FED'],2 Years,"[{'id': 'd940b559-4ac3-442e-8c02-03cee7eaac97', 'image': 'https://uploads-master.aws.bengalmeat.com/media/cattle-image/2025/BLF_4778_2.jpg'}, {'id': '32c04f08-9ded-4fb5-a07f-22bad397b633', 'image': 'https://uploads-master.aws.bengalmeat.com/media/cattle-image/2025/BLF_4778_3.jpg'}, {'id': 'a3373f1a-3191-4e77-8d2e-5db06321cff1', 'image': 'https://uploads-master.aws.bengalmeat.com/media/cattle-image/2025/BLF_4778_4.jpg'}]",0.0,6 Months,2,0,42.8,Ylc8C1R1t1k,237.0,153000.00,False,True,True,True,True,MINIMUM,https://uploads-master.aws.bengalmeat.com/media/cattle-thumbnail/2025/BLF_4778_1.jpg,2025-04-29T16:45:44.864310+06:00,AVAILABLE
0fcd548b-3fc7-4eaf-8bca-1fa4ad24380a,BLF 4779,COW,MALE_BULL,RED,RED_CHITTAGONG,['GRASS_GRAIN_FED'],2 Years,"[{'id': '9814af38-d55e-498d-8675-ee6448471de1', 'image': 'https://uploads-master.aws.bengalmeat.com/media/cattle-image/2025/BLF_4779_2.jpg'}, {'id': 'd94aeb79-7694-4260-aaaf-f0881b0362b7', 'image': 'https://uploads-master.aws.bengalmeat.com/media/cattle-image/2025/BLF_4779_3.jpg'}, {'id': '185a8eba-3834-4eb8-b007-2c8272cb871e', 'image': 'https://uploads-master.aws.bengalmeat.com/media/cattle-image/2025/BLF_4779_4.jpg'}]",0.0,6 Months,2,0,43.8,ZFjk2tzsg28,243.0,156000.00,False,True,True,True,True,MINIMUM,https://uploads-master.aws.bengalmeat.com/media/cattle-thumbnail/2025/BLF_4779_1.jpg,2025-04-30T08:09:40.107479+06:00,AVAILABLE
bdfb1835-1160-4b18-95e9-a99484080e18,BLF 4745,COW,MALE_BULL,RED,LOCAL,['GRASS_GRAIN_FED'],2 Years,"[{'id': '3e3fdd43-397e-4543-be90-7d944f026977', 'image': 'https://uploads-master.aws.bengalmeat.com/media/cattle-image/2025/BLF_4745_2.jpg'}, {'id': 'ca6a0b7d-296d-46a5-9932-7468a7453d00', 'image': 'https://uploads-master.aws.bengalmeat.com/media/cattle-image/2025/BLF_4745_3.jpg'}, {'id': '937c42bd-26b5-429e-8889-2919be10e72d', 'image': 'https://uploads-master.aws.bengalmeat.com/media/cattle-image/2025/BLF_4745_4.jpg'}]",0.0,6 Months,2,0,43.1,u4v3M7eo2BA,254.0,162000.00,False,True,True,True,True,MINIMUM,https://uploads-master.aws.bengalmeat.com/media/cattle-thumbnail/2025/BLF_4745_1.jpg,2025-05-02T09:19:39.793018+06:00,AVAILABLE
3c23d528-c7d4-4ec8-a1ad-eea356b4e4be,BLF 4751,COW,MALE_BULL,NON_RED,LOCAL,['GRASS_GRAIN_FED'],2 Years,"[{'id': 'ca4da2c8-e6b0-465d-89e6-ceebaec63b06', 'image': 'https://uploads-master.aws.bengalmeat.com/media/cattle-image/2025/BLF_4751_2.jpg'}, {'id': '3d4e8e1f-6767-4d2b-b9cb-0f8ed6d58166', 'image': 'https://uploads-master.aws.bengalmeat.com/media/cattle-image/2025/BLF_4751_3.jpg'}, {'id': 'b3b7c973-c38b-4e2d-9be9-3535f21f52e2', 'image': 'https://uploads-master.aws.bengalmeat.com/media/cattle-image/2025/BLF_4751_4.jpg'}]",0.0,6 Months,2,0,40.3,2eHeCbpcU4k,195.0,129000.00,False,True,True,True,True,MINIMUM,https://uploads-master.aws.bengalmeat.com/media/cattle-thumbnail/2025/BLF_4751_1.jpg,2025-05-05T15:03:49.349159+06:00,ORDERED
8f48262d-403a-4c9b-a317-7a35a3b070fb,BLF 4786,COW,MALE_BULL,NON_RED,LOCAL,['GRASS_GRAIN_FED'],2 Years,"[{'id': 'a18bb7d8-7312-4bfa-b83a-bdba279138fc', 'image': 'https://uploads-master.aws.bengalmeat.com/media/cattle-image/2025/BLF_4786_2.jpg'}, {'id': 'dfe77f73-445d-4cf3-a8a7-ccf3a73e6f1f', 'image': 'https://uploads-master.aws.bengalmeat.com/media/cattle-image/2025/BLF_4786_3.jpg'}, {'id': '8582a863-c066-4579-a933-0fbbae3dd7bd', 'image': 'https://uploads-master.aws.bengalmeat.com/media/cattle-image/2025/BLF_4786_4.jpg'}]",0.0,6 Months,2,0,40.0,ue0G_oJN95c,202.0,132000.00,False,True,True,True,True,MINIMUM,https://uploads-master.aws.bengalmeat.com/media/cattle-thumbnail/2025/BLF_4786_1.jpg,2025-05-07T11:12:19.363530+06:00,ORDERED
5b587e0e-98e1-43ec-a8ea-78c6e0eef364,BLF 4792,COW,MALE_BULL,NON_RED,LOCAL,['GRASS_GRAIN_FED'],2 Years,"[{'id': '66b6ed9d-8b7e-46c0-8fd5-0d762051fdca', 'image': 'https://uploads-master.aws.bengalmeat.com/media/cattle-image/2025/BLF_4792_2.jpg'}, {'id': '9da31673-e399-4627-b2d5-520a36886272', 'image': 'https://uploads-master.aws.bengalmeat.com/media/cattle-image/2025/BLF_4792_3.jpg'}, {'id': '5573c5b2-6099-4ced-acda-dc0cbe766853', 'image': 'https://uploads-master.aws.bengalmeat.com/media/cattle-image/2025/BLF_4792_4.jpg'}]",0.0,6 Months,2,0,43.1,yJz4R2U2Fv0,264.0,165000.00,False,True,True,True,True,MINIMUM,https://uploads-master.aws.bengalmeat.com/media/cattle-thumbnail/2025/BLF_4792_1.jpg,2025-04-30T08:21:18.526370+06:00,AVAILABLE
6564f748-2ca2-4694-8529-5cd82da108b3,BLF 4619,COW,MALE_BULL,NON_RED,LOCAL,['GRASS_GRAIN_FED'],2 Years,"[{'id': '6b82e2cd-5dc3-4f76-be92-6d0aeb0015ff', 'image': 'https://uploads-master.aws.bengalmeat.com/media/cattle-image/2025/BLF_4619_2_DqZeNcc.jpg'}, {'id': 'c5db2bd3-306c-4175-a30d-c53a45ad5d14', 'image': 'https://uploads-master.aws.bengalmeat.com/media/cattle-image/2025/BLF_4619_3_C2kL3x7.jpg'}, {'id': '9a9ce33b-c081-4db9-ae66-1a26f360148b', 'image': 'https://uploads-master.aws.bengalmeat.com/media/cattle-image/2025/BLF_4619_4_agITSVy.jpg'}]",0.0,6 Months,2,0,41.0,wIZ-EBX8Ns0,225.0,148000.00,False,True,True,True,True,MINIMUM,https://uploads-master.aws.bengalmeat.com/media/cattle-thumbnail/2025/BLF_4619_1_N93V34I.jpg,2025-04-23T14:48:25.848481+06:00,AVAILABLE
887a56e9-70c8-4d5d-8439-1f60dc620abc,BLF 4631,COW,MALE_BULL,NON_RED,LOCAL,['GRASS_GRAIN_FED'],2 Years,"[{'id': 'd0d2ce2d-505d-4923-b396-902a1e4d83b8', 'image': 'https://uploads-master.aws.bengalmeat.com/media/cattle-image/2025/BLF_4631_2.jpg'}, {'id': 'a46b8793-97fb-4284-8fe6-694e5bc32a1c', 'image': 'https://uploads-master.aws.bengalmeat.com/media/cattle-image/2025/BLF_4631_3.jpg'}, {'id': '0bc0e185-794b-4189-9efb-fbceebfa4fe1', 'image': 'https://uploads-master.aws.bengalmeat.com/media/cattle-image/2025/BLF_4631_3_LxrhmPa.jpg'}]",0.0,6 Months,2,0,41.5,a2lGqt3PpgY,225.0,148000.00,False,True,True,True,True,MINIMUM,https://uploads-master.aws.bengalmeat.com/media/cattle-thumbnail/2025/BLF_4631_1_o359roR.jpg,2025-04-23T16:15:13.902549+06:00,ORDERED
badc6307-09f9-44b8-84f3-73ca2b1de775,BLF 4625,COW,MALE_BULL,NON_RED,LOCAL,['GRASS_GRAIN_FED'],2 Years,"[{'id': 'a00a4d9e-b9f3-44a6-8656-119724344bdc', 'image': 'https://uploads-master.aws.bengalmeat.com/media/cattle-image/2025/BLF_4625_2.jpg'}, {'id': '18c0a831-ebfc-402b-aaea-2a2948dfa321', 'image': 'https://uploads-master.aws.bengalmeat.com/media/cattle-image/2025/BLF_4625_3.jpg'}, {'id': 'f7e32c74-8254-4695-b342-4371315cc20f', 'image': 'https://uploads-master.aws.bengalmeat.com/media/cattle-image/2025/BLF_4625_4.jpg'}]",0.0,6 Months,2,0,41.5,ED1S-d9eH0Y,225.0,147000.00,False,True,True,True,True,MINIMUM,https://uploads-master.aws.bengalmeat.com/media/cattle-thumbnail/2025/BLF_4625.jpg,2025-04-23T14:58:14.805199+06:00,AVAILABLE
ab5ef342-a917-471d-a12a-8d5661cf4df1,BLF 4816,COW,MALE_BULL,RED,LOCAL,['GRASS_GRAIN_FED'],2 Years,"[{'id': '291effb1-d2ca-4f6a-97f4-8b3ba1d70073', 'image': 'https://uploads-master.aws.bengalmeat.com/media/cattle-image/2025/BLF_4816_2.jpg'}, {'id': 'f5a07cec-0427-4168-ad4a-43d319992ee2', 'image': 'https://uploads-master.aws.bengalmeat.com/media/cattle-image/2025/BLF_4816_3.jpg'}, {'id': '92772c9c-519f-4174-bcc8-709863f4bb83', 'image': 'https://uploads-master.aws.bengalmeat.com/media/cattle-image/2025/BLF_4816_4.jpg'}]",0.0,6 Months,2,0,35.1,pcjerBhttw8,185.0,122000.00,False,True,True,True,True,MINIMUM,https://uploads-master.aws.bengalmeat.com/media/cattle-thumbnail/2025/BLF_4816_1.jpg,2025-05-07T12:18:30.845841+06:00,ORDERED
91cd15fb-c2af-4a09-a1d0-78ede569f316,BLF 4802,COW,MALE_BULL,NON_RED,LOCAL,['GRASS_GRAIN_FED'],2.5 Years,"[{'id': 'f63c8dfd-a771-4c3f-8a27-a75711f92ae7', 'image': 'https://uploads-master.aws.bengalmeat.com/media/cattle-image/2025/BLF_4802_2.jpg'}, {'id': '3226380b-cb47-4257-a6b9-a140b70cbb3f', 'image': 'https://uploads-master.aws.bengalmeat.com/media/cattle-image/2025/BLF_4802_3.jpg'}, {'id': '7caa2e8a-77b7-4ca4-b250-e43bf8dfb112', 'image': 'https://uploads-master.aws.bengalmeat.com/media/cattle-image/2025/BLF_4802_4.jpg'}]",0.0,6 Months,4,0,45.6,5lFl8mVBA9s,275.0,26000.00,False,True,True,True,True,MEDIUM,https://uploads-master.aws.bengalmeat.com/media/cattle-thumbnail/2025/BLF_4802_1.jpg,2025-05-07T11:27:06.821163+06:00,SHARED_ORDERED
9ea6afb9-ad79-43da-a240-4edb840ca8dc,BLF 4828,COW,MALE_BULL,RED,LOCAL,['GRASS_GRAIN_FED'],2.5 Years,"[{'id': '3dac28f2-4a51-4100-9b2d-925c4593e8a5', 'image': 'https://uploads-master.aws.bengalmeat.com/media/cattle-image/2025/BLF_4828_2.jpg'}, {'id': '4e21ae8f-7382-4fbe-a4cc-0ddd1b039c0d', 'image': 'https://uploads-master.aws.bengalmeat.com/media/cattle-image/2025/BLF_4828_3.jpg'}, {'id': '068e894c-d1ae-4363-879b-6382d4c15452', 'image': 'https://uploads-master.aws.bengalmeat.com/media/cattle-image/2025/BLF_4828_4.jpg'}]",0.0,6 Months,4,0,47.0,_W2bDqwns_Q,353.0,223000.00,False,True,True,True,True,MEDIUM,https://uploads-master.aws.bengalmeat.com/media/cattle-thumbnail/2025/BLF_4828_1.jpg,2025-05-04T14:51:25.543040+06:00,AVAILABLE
c39e03e4-a548-456d-b7e7-631a812f3f26,BLF 4814,COW,MALE_BULL,RED,LOCAL,['GRASS_GRAIN_FED'],2 Years,"[{'id': '50380a3f-d7d9-4bbb-9f2d-5da32ade7421', 'image': 'https://uploads-master.aws.bengalmeat.com/media/cattle-image/2025/BLF_4814_2.jpg'}, {'id': '73612156-79eb-46ea-b70c-d4c88b876f50', 'image': 'https://uploads-master.aws.bengalmeat.com/media/cattle-image/2025/BLF_4814_3.jpg'}, {'id': '36e4a11b-9f1e-4869-acba-2f1c5928035d', 'image': 'https://uploads-master.aws.bengalmeat.com/media/cattle-image/2025/BLF_4814_4.jpg'}]",0.0,6 Months,2,0,38.8,WoQYhl13Xjw,200.0,130000.00,False,True,True,True,True,MINIMUM,https://uploads-master.aws.bengalmeat.com/media/cattle-thumbnail/2025/BLF_4814_1.jpg,2025-05-07T11:30:16.840949+06:00,ORDERED
3132651b-21e2-4268-9b51-bfa74f68652c,BLF 4800,COW,MALE_BULL,NON_RED,LOCAL,['GRASS_GRAIN_FED'],2 Years,"[{'id': '727630e4-a782-41db-98ff-ab25f0559a6f', 'image': 'https://uploads-master.aws.bengalmeat.com/media/cattle-image/2025/BLF_4800_2.jpg'}, {'id': 'c95a193d-2e27-486d-aa34-3237e2e7462c', 'image': 'https://uploads-master.aws.bengalmeat.com/media/cattle-image/2025/BLF_4800_3.jpg'}, {'id': '8e7e21b9-18fd-4364-adc3-8f070c2d5716', 'image': 'https://uploads-master.aws.bengalmeat.com/media/cattle-image/2025/BLF_4800_4.jpg'}]",0.0,6 Months,2,0,43.1,g_ATuTdEwe0,265.0,169000.00,False,True,True,True,True,MINIMUM,https://uploads-master.aws.bengalmeat.com/media/cattle-thumbnail/2025/BLF_4800_1.jpg,2025-04-30T08:25:39.976568+06:00,AVAILABLE
15181aff-ec8b-456e-a7b9-06cf080a024c,BLF 4633,COW,MALE_BULL,RED,LOCAL,['GRASS_GRAIN_FED'],2 Years,"[{'id': 'd12ca0ce-fdef-4e54-b0a8-e464e7d84b27', 'image': 'https://uploads-master.aws.bengalmeat.com/media/cattle-image/2025/BLF_4633_2.jpg'}, {'id': 'f43d3b88-98e3-493d-8f08-5e0b9bc0a445', 'image': 'https://uploads-master.aws.bengalmeat.com/media/cattle-image/2025/BLF_4633_3.jpg'}, {'id': '02de631b-ccb4-420d-a983-9cc3b8d468af', 'image': 'https://uploads-master.aws.bengalmeat.com/media/cattle-image/2025/BLF_4633_4.jpg'}]",0.0,3 Months,2,0,43.11,amUx5t143W0,254.0,165000.00,False,True,True,True,True,MINIMUM,https://uploads-master.aws.bengalmeat.com/media/cattle-thumbnail/2025/BLF_4633.jpg,2025-04-23T16:17:44.418387+06:00,AVAILABLE
272d75eb-bd93-4d40-8705-f7e677bc46e4,BLF 4627,COW,MALE_BULL,RED,LOCAL,['GRASS_GRAIN_FED'],2 Years,"[{'id': 'cebda5d7-b7b6-4eb1-9143-39e1aad0e9ec', 'image': 'https://uploads-master.aws.bengalmeat.com/media/cattle-image/2025/BLF_4627_2.jpg'}, {'id': '3863e648-ec79-4c68-b65f-d5736f24c8c3', 'image': 'https://uploads-master.aws.bengalmeat.com/media/cattle-image/2025/BLF_4627_3.jpg'}, {'id': '62f3cf85-0494-4760-b48f-4d624c55334c', 'image': 'https://uploads-master.aws.bengalmeat.com/media/cattle-image/2025/BLF_4627.jpg'}]",0.0,6 Months,2,0,42.3,E0lgOB450as,262.0,167000.00,False,True,True,True,True,MINIMUM,https://uploads-master.aws.bengalmeat.com/media/cattle-thumbnail/2025/BLF_4627_1.jpg,2025-04-23T15:00:51.147763+06:00,AVAILABLE
9b0ff7a1-0993-401f-a29c-cdad146a6efe,BLF 4784,COW,MALE_BULL,NON_RED,LOCAL,['GRASS_GRAIN_FED'],2.5 Years,"[{'id': '36268c28-f73d-44a1-831b-5d83a93f1466', 'image': 'https://uploads-master.aws.bengalmeat.com/media/cattle-image/2025/BLF_4784_2.jpg'}, {'id': 'd67ef005-a6db-4a3a-9c93-45ab22793d31', 'image': 'https://uploads-master.aws.bengalmeat.com/media/cattle-image/2025/BLF_4784_3.jpg'}, {'id': 'c9516063-badb-4b32-b971-6ee56eec1c89', 'image': 'https://uploads-master.aws.bengalmeat.com/media/cattle-image/2025/BLF_4784_4.jpg'}]",0.0,6 Months,4,0,41.5,cCu30_KGVLQ,227.0,147000.00,False,True,True,True,True,MINIMUM,https://uploads-master.aws.bengalmeat.com/media/cattle-thumbnail/2025/BLF_4784_1.jpg,2025-05-07T16:37:15.578497+06:00,AVAILABLE
874e5d27-c15b-4813-93e6-7ae39583aeab,BLF 4790,COW,MALE_BULL,RED,LOCAL,['GRASS_GRAIN_FED'],2.5 Years,"[{'id': '10460271-9ec7-470f-b8f4-99d5590d04e4', 'image': 'https://uploads-master.aws.bengalmeat.com/media/cattle-image/2025/BLF_4790_2.jpg'}, {'id': 'b31ffe2f-b8e2-424e-b4a5-6f28820b81d5', 'image': 'https://uploads-master.aws.bengalmeat.com/media/cattle-image/2025/BLF_4790_3.jpg'}, {'id': 'bc1a8257-65b3-4a9a-8839-05e4d6ef5c22', 'image': 'https://uploads-master.aws.bengalmeat.com/media/cattle-image/2025/BLF_4790_4.jpg'}]",0.0,6 Months,4,0,44.3,Q4R1pmNZLoA,338.0,215000.00,False,True,True,True,True,MINIMUM,https://uploads-master.aws.bengalmeat.com/media/cattle-thumbnail/2025/BLF_4790_1.jpg,2025-04-30T08:17:28.140149+06:00,AVAILABLE
22a02e28-54aa-4b4a-862f-d4f711d43d31,BLF 4747,COW,MALE_BULL,NON_RED,LOCAL,['GRASS_GRAIN_FED'],2.5 Years,"[{'id': '570ec44d-e88f-4501-99f3-0b42aaccae52', 'image': 'https://uploads-master.aws.bengalmeat.com/media/cattle-image/2025/BLF_4747_2.jpg'}, {'id': '9c206c3d-7d75-414b-8e10-67413060b28a', 'image': 'https://uploads-master.aws.bengalmeat.com/media/cattle-image/2025/BLF_4747_3.jpg'}, {'id': '1a7699c6-4ce2-4432-a2eb-8afea31f6e0a', 'image': 'https://uploads-master.aws.bengalmeat.com/media/cattle-image/2025/BLF_4747_4.jpg'}]",0.0,6 Months,4,0,39.1,P1PUJjWcz2Y,217.0,142000.00,False,True,True,True,True,MINIMUM,https://uploads-master.aws.bengalmeat.com/media/cattle-thumbnail/2025/BLF_4747_1.jpg,2025-05-07T10:34:41.959451+06:00,AVAILABLE
1f23b4b9-c428-4760-b399-963ef6fe0379,BLF 4753,COW,MALE_BULL,NON_RED,LOCAL,['GRASS_GRAIN_FED'],2 Years,"[{'id': 'aeae4d3e-ca78-4300-8d57-0b8804eafb7b', 'image': 'https://uploads-master.aws.bengalmeat.com/media/cattle-image/2025/BLF_4753_2.jpg'}, {'id': 'bed2ae5b-ab9e-487a-8da8-24d7ee77a2e9', 'image': 'https://uploads-master.aws.bengalmeat.com/media/cattle-image/2025/BLF_4753_3.jpg'}, {'id': 'e28cadb9-0908-4a49-a578-c3f4f43029dd', 'image': 'https://uploads-master.aws.bengalmeat.com/media/cattle-image/2025/BLF_4753_4.jpg'}]",0.0,6 Months,2,0,43.0,kdFBsXhRZ00,243.0,156000.00,False,True,True,True,True,MINIMUM,https://uploads-master.aws.bengalmeat.com/media/cattle-thumbnail/2025/BLF_4753_1.jpg,2025-05-07T10:41:32.852812+06:00,AVAILABLE
cb86d174-704e-4154-9b38-2215c2adb59c,BLF 4752,COW,MALE_BULL,NON_RED,LOCAL,['GRASS_GRAIN_FED'],2 Years,"[{'id': 'c0ea664e-0507-42b3-a479-3faa6f9b3495', 'image': 'https://uploads-master.aws.bengalmeat.com/media/cattle-image/2025/BLF_4752_2.jpg'}, {'id': '747d1816-30fc-49c4-91b4-50f6b9d87150', 'image': 'https://uploads-master.aws.bengalmeat.com/media/cattle-image/2025/BLF_4752_3.jpg'}, {'id': '5bd28170-e95d-4e94-bf9a-4bdaa5c85fd0', 'image': 'https://uploads-master.aws.bengalmeat.com/media/cattle-image/2025/BLF_4752_4.jpg'}]",0.0,6 Months,2,0,37.6,0YoW5T0F1qA,209.0,137000.00,False,True,True,True,True,MINIMUM,https://uploads-master.aws.bengalmeat.com/media/cattle-thumbnail/2025/BLF_4752_1.jpg,2025-05-07T10:37:46.801095+06:00,ORDERED
865a853d-4c47-4d2d-9091-b27fcb6e3003,BLF 4746,COW,MALE_BULL,NON_RED,HOSTINE_CROSS,['GRASS_GRAIN_FED'],2 Years,"[{'id': 'e8b0de91-80d5-452c-a40e-91d13b9c0dd2', 'image': 'https://uploads-master.aws.bengalmeat.com/media/cattle-image/2025/BLF_4746_2.jpg'}, {'id': 'cbb13656-ade4-40d3-860d-b2e207c35a89', 'image': 'https://uploads-master.aws.bengalmeat.com/media/cattle-image/2025/BLF_4746_3.jpg'}, {'id': '5229a0ad-388b-4da8-846c-1022cf510690', 'image': 'https://uploads-master.aws.bengalmeat.com/media/cattle-image/2025/BLF_4746_4.jpg'}]",0.0,6 Months,2,0,44.3,LyK8PZ1CWWY,260.0,165000.00,False,True,True,True,True,MINIMUM,https://uploads-master.aws.bengalmeat.com/media/cattle-thumbnail/2025/BLF_4746_1.jpg,2025-05-02T09:22:45.058697+06:00,AVAILABLE
7f1c52f0-9a7e-43e6-9106-361a60e8bc8a,BLF 4791,COW,MALE_BULL,RED,LOCAL,['GRASS_GRAIN_FED'],2 Years,"[{'id': '8ad7c852-5b40-4f4c-841d-0007a006c500', 'image': 'https://uploads-master.aws.bengalmeat.com/media/cattle-image/2025/BLF_4791_2.jpg'}, {'id': 'a7bf6210-56c2-4d52-83c7-2cfc087d0b6f', 'image': 'https://uploads-master.aws.bengalmeat.com/media/cattle-image/2025/BLF_4791_3.jpg'}, {'id': '13b08fd6-0e39-4333-9192-066ca1df1460', 'image': 'https://uploads-master.aws.bengalmeat.com/media/cattle-image/2025/BLF_4791_4.jpg'}]",0.0,6 Months,2,0,47.2,ZQ0wpcOka74,332.0,206000.00,False,True,True,True,True,MEDIUM,https://uploads-master.aws.bengalmeat.com/media/cattle-thumbnail/2025/BLF_4791_1_wDlwLzf.jpg,2025-04-30T08:19:29.548349+06:00,ORDERED
64f88b2a-71c4-4d8b-91fb-805cdf653d0d,BLF 4785,COW,MALE_BULL,RED,LOCAL,['GRASS_GRAIN_FED'],2 Years,"[{'id': '55561b97-ad47-4ef1-adbe-5a9c1cdd25b7', 'image': 'https://uploads-master.aws.bengalmeat.com/media/cattle-image/2025/BLF_4785_2.jpg'}, {'id': '1db69df8-6618-4b31-952f-842c815934a8', 'image': 'https://uploads-master.aws.bengalmeat.com/media/cattle-image/2025/BLF_4785_3.jpg'}, {'id': '4866c38f-d0e5-491d-8a50-d4a5df0b3b7d', 'image': 'https://uploads-master.aws.bengalmeat.com/media/cattle-image/2025/BLF_4785_4.jpg'}]",0.0,6 Months,2,0,39.0,qIrMns0Lwyc,214.0,139000.00,False,True,True,True,True,MINIMUM,https://uploads-master.aws.bengalmeat.com/media/cattle-thumbnail/2025/BLF_4785_1.jpg,2025-05-07T11:10:05.897213+06:00,AVAILABLE
1b172404-50c1-4190-9fdd-4e7624ae09b9,BLF 4626,COW,MALE_BULL,RED,LOCAL,['GRASS_FED_GRASS_FINISHED'],2 Years,"[{'id': '8e9857aa-88b5-450b-b540-0f26ec585b86', 'image': 'https://uploads-master.aws.bengalmeat.com/media/cattle-image/2025/BLF_4626_2.jpg'}, {'id': '358679df-f4cf-44b8-8201-3e9cb2b8fa61', 'image': 'https://uploads-master.aws.bengalmeat.com/media/cattle-image/2025/BLF_4626_3.jpg'}, {'id': '2f6027df-4423-4dc0-ba03-0ed3ae93e4dc', 'image': 'https://uploads-master.aws.bengalmeat.com/media/cattle-image/2025/BLF_4626_4.jpg'}]",0.0,6 Months,2,0,43.0,BT7zxD1j2XM,300.0,189000.00,False,True,True,True,True,MINIMUM,https://uploads-master.aws.bengalmeat.com/media/cattle-thumbnail/2025/BLF_4626.jpg,2025-04-23T14:59:19.019520+06:00,AVAILABLE
12c97ec1-d3d8-4701-a4b3-1d2741ba9d1a,BLF 4632,COW,MALE_BULL,RED,RED_CHITTAGONG,['GRASS_GRAIN_FED'],2 Years,"[{'id': 'cd073a1d-f208-4c8a-8da5-a6db81fca730', 'image': 'https://uploads-master.aws.bengalmeat.com/media/cattle-image/2025/BLF_4632_2.jpg'}, {'id': '812edda6-1736-40d4-92d4-25c9d191e0f6', 'image': 'https://uploads-master.aws.bengalmeat.com/media/cattle-image/2025/BLF_4632_3.jpg'}, {'id': 'b0f58c8d-fa00-417d-bcb7-f9a5bc4153a5', 'image': 'https://uploads-master.aws.bengalmeat.com/media/cattle-image/2025/BLF_4632_4.jpg'}]",0.0,6 Months,2,0,40.0,ZUFC8F3SioI,250.0,162000.00,True,True,True,True,True,MINIMUM,https://uploads-master.aws.bengalmeat.com/media/cattle-thumbnail/2025/BLF_4632.jpg,2025-04-23T16:16:27.049411+06:00,AVAILABLE
8107b87e-a336-43b2-872c-6307748cb670,BLF 4801,COW,MALE_BULL,NON_RED,LOCAL,['GRASS_GRAIN_FED'],2 Years,"[{'id': '910fb47a-1acd-4791-baa3-8e7dec54f17a', 'image': 'https://uploads-master.aws.bengalmeat.com/media/cattle-image/2025/BLF_4801_2.jpg'}, {'id': '2db038db-cdae-4fe2-a440-8f5493033f87', 'image': 'https://uploads-master.aws.bengalmeat.com/media/cattle-image/2025/BLF_4801_3.jpg'}, {'id': '48487bda-d859-4329-996a-b5f0607edfbb', 'image': 'https://uploads-master.aws.bengalmeat.com/media/cattle-image/2025/BLF_4801_4.jpg'}]",0.0,6 Months,2,0,45.11,KJ6gdQ2TRMQ,328.0,207000.00,False,True,True,True,True,MEDIUM,https://uploads-master.aws.bengalmeat.com/media/cattle-thumbnail/2025/BLF_4801_1.jpg,2025-04-30T08:27:07.869937+06:00,AVAILABLE
64cdb575-6f8d-4311-8d80-d6a787134276,BLF 4815,COW,MALE_BULL,NON_RED,LOCAL,['GRASS_GRAIN_FED'],2 Years,"[{'id': '60c80623-e608-460f-8d8b-30e63d2a546c', 'image': 'https://uploads-master.aws.bengalmeat.com/media/cattle-image/2025/BLF_4815_2.jpg'}, {'id': 'c9fef65a-52d1-44ee-a82f-cc329cac52dc', 'image': 'https://uploads-master.aws.bengalmeat.com/media/cattle-image/2025/BLF_4815_3.jpg'}, {'id': '90387cd9-686a-4449-ac1b-13fe5a5bc794', 'image': 'https://uploads-master.aws.bengalmeat.com/media/cattle-image/2025/BLF_4815_4.jpg'}]",0.0,6 Months,2,0,39.1,HmiessMgixA,180.0,118000.00,False,True,True,True,True,MINIMUM,https://uploads-master.aws.bengalmeat.com/media/cattle-thumbnail/2025/BLF_4815_1.jpg,2025-05-07T12:17:01.570650+06:00,ORDERED
4441952b-caab-42b2-bb29-f5e1f6116567,BLF 4829,COW,MALE_BULL,RED,LOCAL,['GRASS_GRAIN_FED'],2 Years,"[{'id': 'b38faf13-ef64-4ec6-96ac-e905a5e9bab6', 'image': 'https://uploads-master.aws.bengalmeat.com/media/cattle-image/2025/BLF_4829_2.jpg'}, {'id': 'a2691681-78e0-46c8-b8b5-53c3873a1fa8', 'image': 'https://uploads-master.aws.bengalmeat.com/media/cattle-image/2025/BLF_4829_3.jpg'}, {'id': 'f5cf7255-28fc-476b-b53e-9319de274fe8', 'image': 'https://uploads-master.aws.bengalmeat.com/media/cattle-image/2025/BLF_4829_4.jpg'}]",0.0,6 Months,2,0,42.0,7m0Rr9Xki9k,219.0,141000.00,False,True,True,True,True,MINIMUM,https://uploads-master.aws.bengalmeat.com/media/cattle-thumbnail/2025/BLF_4829_1.jpg,2025-05-07T16:40:30.580746+06:00,ORDERED
c364faf0-c18c-491a-86d8-a8c00e6e2bd0,BLF 4830,COW,MALE_BULL,RED,LOCAL,['GRASS_GRAIN_FED'],2 Years,"[{'id': '7937632f-51e1-44fe-9c2d-2c2453f1b3fc', 'image': 'https://uploads-master.aws.bengalmeat.com/media/cattle-image/2025/BLF_4830_2.jpg'}, {'id': 'daab9859-f80d-4129-9941-f5883c401f8e', 'image': 'https://uploads-master.aws.bengalmeat.com/media/cattle-image/2025/BLF_4830_3.jpg'}, {'id': 'abd8ee34-f744-4b8b-8663-0f38f65eef06', 'image': 'https://uploads-master.aws.bengalmeat.com/media/cattle-image/2025/BLF_4830_4.jpg'}]",0.0,6 Months,2,0,45.6,SVBYPceQHME,294.0,188000.00,False,True,True,True,True,MEDIUM,https://uploads-master.aws.bengalmeat.com/media/cattle-thumbnail/2025/BLF_4830_1.jpg,2025-04-30T12:01:51.388499+06:00,AVAILABLE
a6442a47-9b73-4521-b7eb-77d5d501e25a,BLF 4824,COW,MALE_BULL,RED,HOSTINE_CROSS,['GRASS_GRAIN_FED'],2.5 Years,"[{'id': 'eb0e6e52-abcd-4a34-bd4a-cfbdb0551338', 'image': 'https://uploads-master.aws.bengalmeat.com/media/cattle-image/2025/BLF_4824_2.jpg'}, {'id': '417b0e26-a775-4776-8365-41dafe161796', 'image': 'https://uploads-master.aws.bengalmeat.com/media/cattle-image/2025/BLF_4824_3.jpg'}, {'id': 'af9aaeb4-cd78-4d03-b09e-9510da590178', 'image': 'https://uploads-master.aws.bengalmeat.com/media/cattle-image/2025/BLF_4824_4.jpg'}]",0.0,6 Months,4,0,51.1,4wuvb5YJWfE,356.0,223000.00,True,True,True,True,True,MEDIUM,https://uploads-master.aws.bengalmeat.com/media/cattle-thumbnail/2025/BLF_4824_1.jpg,2025-04-30T11:57:59.814645+06:00,AVAILABLE
9a6861a0-4608-4577-ada9-46bcde3f6a88,BLF 4818,COW,MALE_BULL,NON_RED,LOCAL,['GRASS_GRAIN_FED'],2.5 Years,"[{'id': '036f48c2-0b7b-4f4f-addc-71a1f573a5ce', 'image': 'https://uploads-master.aws.bengalmeat.com/media/cattle-image/2025/BLF_4818_2.jpg'}, {'id': '637cb4c0-5174-4585-80dc-e2b1019bac85', 'image': 'https://uploads-master.aws.bengalmeat.com/media/cattle-image/2025/BLF_4818_3.jpg'}, {'id': '422d85ae-f8ba-4384-885d-b5cd62c812f8', 'image': 'https://uploads-master.aws.bengalmeat.com/media/cattle-image/2025/BLF_4818_4.jpg'}]",0.0,6 Months,4,0,38.8,HDnEpoTv8FA,186.0,122000.00,False,True,True,True,True,MINIMUM,https://uploads-master.aws.bengalmeat.com/media/cattle-thumbnail/2025/BLF_4818_1.jpg,2025-05-05T15:13:50.081250+06:00,ORDERED
d94eb71c-0735-4a9d-b93f-e8eb15858663,BLF 4617,COW,MALE_BULL,RED,LOCAL,['GRASS_GRAIN_FED'],2 Years,"[{'id': 'd3d2aa06-7aae-436e-8925-fc7823a24acb', 'image': 'https://uploads-master.aws.bengalmeat.com/media/cattle-image/2025/BLF_4617_2_OLM4yK0.jpg'}, {'id': 'ee94a10c-60fb-4bb9-9fb4-dbc89a63ecae', 'image': 'https://uploads-master.aws.bengalmeat.com/media/cattle-image/2025/BLF_4617_3_8bBLJuT.jpg'}, {'id': '134cc329-0994-4715-9a1f-484e476389b4', 'image': 'https://uploads-master.aws.bengalmeat.com/media/cattle-image/2025/BLF_4617_2_EdTkM2i.jpg'}]",0.0,6 Months,2,0,45.5,LxBgMu3zS8Y,255.0,163000.00,False,True,True,True,True,MEDIUM,https://uploads-master.aws.bengalmeat.com/media/cattle-thumbnail/2025/BLF_4617_1_HBbXoQy.jpg,2025-04-23T14:45:47.723121+06:00,AVAILABLE
5c5ef368-3ee8-418c-b15b-e3aec4a480f5,BLF 4603,COW,MALE_BULL,RED,LOCAL,['GRASS_GRAIN_FED'],2 Years,"[{'id': '5b705662-444b-4e19-a83f-dbafb7a16b50', 'image': 'https://uploads-master.aws.bengalmeat.com/media/cattle-image/2025/BLF_4603_2_Diwe630.jpg'}, {'id': 'c08ed884-b333-48d8-88b9-1c0aee7ca9f0', 'image': 'https://uploads-master.aws.bengalmeat.com/media/cattle-image/2025/BLF_4603_3_jVAahmp.jpg'}, {'id': 'baf8ff81-746a-4ab7-998e-999c5d1b0108', 'image': 'https://uploads-master.aws.bengalmeat.com/media/cattle-image/2025/BLF_4603_4_PQWW0Ke.jpg'}]",0.0,6 Months,2,0,41.2,45KfYCdhTEo,243.0,157000.00,False,True,True,True,True,MINIMUM,https://uploads-master.aws.bengalmeat.com/media/cattle-thumbnail/2025/BLF_4603_1_PLSwH4d.jpg,2025-04-23T14:25:02.261784+06:00,AVAILABLE
eceb67ce-46b7-401f-b9f5-e84cee1e5367,BLF 4788,COW,MALE_BULL,NON_RED,LOCAL,['GRASS_GRAIN_FED'],2.5 Years,"[{'id': '105c8854-8ac4-452d-8194-9e8a6d65a2a7', 'image': 'https://uploads-master.aws.bengalmeat.com/media/cattle-image/2025/BLF_4788_2.jpg'}, {'id': 'eeee66b1-5f7e-4ca5-80d4-2929aee29d54', 'image': 'https://uploads-master.aws.bengalmeat.com/media/cattle-image/2025/BLF_4788_3.jpg'}, {'id': '27e3f342-0efc-4c8a-983c-dffb7804edfa', 'image': 'https://uploads-master.aws.bengalmeat.com/media/cattle-image/2025/BLF_4788_4.jpg'}]",0.0,6 Months,4,0,43.0,tVVdMAhUvw4,222.0,143000.00,False,True,True,True,True,MINIMUM,https://uploads-master.aws.bengalmeat.com/media/cattle-thumbnail/2025/BLF_4788_1.jpg,2025-05-07T11:17:00.992616+06:00,AVAILABLE
ce20c642-0477-42e1-9c0a-d6449ffe9551,BLF 4763,COW,MALE_BULL,RED,LOCAL,['GRASS_GRAIN_FED'],2 Years,"[{'id': 'f14a2e39-a19f-4e93-afe1-b84b1e0a33e2', 'image': 'https://uploads-master.aws.bengalmeat.com/media/cattle-image/2025/BLF_4763_2.jpg'}, {'id': 'ce1826eb-46db-476e-80fa-4ccd596e0c1f', 'image': 'https://uploads-master.aws.bengalmeat.com/media/cattle-image/2025/BLF_4763_3.jpg'}, {'id': 'b194a288-2eb6-45da-9880-abb31647b3ed', 'image': 'https://uploads-master.aws.bengalmeat.com/media/cattle-image/2025/BLF_4763_4.jpg'}]",0.0,6 Months,2,0,42.7,eBWa5J8s_lM,246.0,158000.00,False,True,True,True,True,MINIMUM,https://uploads-master.aws.bengalmeat.com/media/cattle-thumbnail/2025/BLF_4763_1.jpg,2025-04-29T12:39:09.832460+06:00,AVAILABLE
fc723d90-babd-48ae-b0a6-24bb28e2feee,BLF 4777,COW,MALE_BULL,NON_RED,LOCAL,['GRASS_GRAIN_FED'],2 Years,"[{'id': '925bde42-ce93-47bc-aac7-5bf5b780dc05', 'image': 'https://uploads-master.aws.bengalmeat.com/media/cattle-image/2025/BLF_4777_2.jpg'}, {'id': 'e5706aa8-51d4-4f30-9a31-4de8a1d91cac', 'image': 'https://uploads-master.aws.bengalmeat.com/media/cattle-image/2025/BLF_4777_3.jpg'}, {'id': '6b0e69f8-3d51-4962-bb74-055c9596b132', 'image': 'https://uploads-master.aws.bengalmeat.com/media/cattle-image/2025/BLF_4777_4.jpg'}]",0.0,6 Months,2,0,37.3,i-mSftL1xH0,176.0,116000.00,False,True,True,True,True,MINIMUM,https://uploads-master.aws.bengalmeat.com/media/cattle-thumbnail/2025/BLF_4777_1.jpg,2025-04-29T16:43:23.627273+06:00,ORDERED
c66995f3-09b1-48fe-9bf1-12a5730cd835,BLF 4776,COW,MALE_BULL,RED,LOCAL,['GRASS_GRAIN_FED'],2 Years,"[{'id': 'e4f3da0f-0229-413f-b9d0-eac66858e8d3', 'image': 'https://uploads-master.aws.bengalmeat.com/media/cattle-image/2025/BLF_4776_2.jpg'}, {'id': '8e992100-8b95-44db-916b-603beb66f682', 'image': 'https://uploads-master.aws.bengalmeat.com/media/cattle-image/2025/BLF_4776_3.jpg'}, {'id': '406e347c-fe8b-4f94-b196-b9fdb0fb5d46', 'image': 'https://uploads-master.aws.bengalmeat.com/media/cattle-image/2025/BLF_4776_4.jpg'}]",0.0,6 Months,2,0,39.11,CYZQK9Ryg4E,221.0,145000.00,False,True,True,True,True,MINIMUM,https://uploads-master.aws.bengalmeat.com/media/cattle-thumbnail/2025/BLF_4776_1.jpg,2025-04-29T16:41:37.618538+06:00,ORDERED
fe5a3741-31e8-490a-84ce-4d275d4a0fec,BLF 4762,COW,MALE_BULL,NON_RED,LOCAL,['GRASS_GRAIN_FED'],2 Years,"[{'id': 'a6feb26b-9a86-471c-94a5-861b60338619', 'image': 'https://uploads-master.aws.bengalmeat.com/media/cattle-image/2025/BLF_4762_2.jpg'}, {'id': 'efc1ac44-ad62-45d9-bfdc-a611bc229ee9', 'image': 'https://uploads-master.aws.bengalmeat.com/media/cattle-image/2025/BLF_4762_3.jpg'}, {'id': '1d0e878a-36f3-4fba-9d52-aaebb9b29e76', 'image': 'https://uploads-master.aws.bengalmeat.com/media/cattle-image/2025/BLF_4762_4.jpg'}]",0.0,6 Months,2,0,42.3,j8wC9cnzfmw,265.0,169000.00,False,True,True,True,True,MINIMUM,https://uploads-master.aws.bengalmeat.com/media/cattle-thumbnail/2025/BLF_4762_1.jpg,2025-04-29T12:37:58.288203+06:00,AVAILABLE
dc3f92bf-2922-4c42-95ea-f2f5135471b7,BLF 4789,COW,MALE_BULL,RED,LOCAL,['GRASS_GRAIN_FED'],3 Years,"[{'id': 'd6315d0b-2dc5-4ae4-9227-a00d0387fed7', 'image': 'https://uploads-master.aws.bengalmeat.com/media/cattle-image/2025/BLF_4789_2.jpg'}, {'id': 'a03661b2-5bd2-4bb1-8935-bc080305d5f4', 'image': 'https://uploads-master.aws.bengalmeat.com/media/cattle-image/2025/BLF_4789_3.jpg'}, {'id': '81a3db7c-109e-437f-ae2c-888032da4875', 'image': 'https://uploads-master.aws.bengalmeat.com/media/cattle-image/2025/BLF_4789_4.jpg'}]",0.0,6 Months,6,0,38.8,-2vs4Jjd11k,200.0,131000.00,False,True,True,True,True,MINIMUM,https://uploads-master.aws.bengalmeat.com/media/cattle-thumbnail/2025/BLF_4789_1.jpg,2025-05-07T11:18:45.239855+06:00,ORDERED
bc116f0f-d193-4916-a4d0-c9806fde9ddd,BLF 4945,COW,MALE_BULL,RED,LOCAL,['GRASS_GRAIN_FED'],2 Years,"[{'id': '7e971b8f-7279-4f3c-9029-8092e12502be', 'image': 'https://uploads-master.aws.bengalmeat.com/media/cattle-image/2025/BLF_4945_2.jpg'}, {'id': 'a80bf1a3-fffa-4483-a1ae-b8495c203dde', 'image': 'https://uploads-master.aws.bengalmeat.com/media/cattle-image/2025/BLF_4945_3.jpg'}, {'id': '9e428ddf-2c33-4997-86cc-7f6c32be60c7', 'image': 'https://uploads-master.aws.bengalmeat.com/media/cattle-image/2025/BLF_4945_4.jpg'}]",0.0,3 Months,2,0,36.0,wePZ3Kcwve8,146.0,80000.00,False,True,True,True,True,MINIMUM,https://uploads-master.aws.bengalmeat.com/media/cattle-thumbnail/2025/BLF_4945_1.jpg,2025-06-04T15:32:37.658678+06:00,ORDERED
ee1ca12b-b148-4208-b431-86d8f99cfb08,BLF 4602,COW,MALE_BULL,NON_RED,LOCAL,['GRASS_GRAIN_FED'],2.5 Years,"[{'id': 'aebd12ec-c9ac-4cbb-8c48-143d9d61aebc', 'image': 'https://uploads-master.aws.bengalmeat.com/media/cattle-image/2025/BLF_4602_2_7Wi5VfR.jpg'}, {'id': 'd7d26fd2-bb0d-4659-b117-f6e8bf44fdee', 'image': 'https://uploads-master.aws.bengalmeat.com/media/cattle-image/2025/BLF_4602_3_9SGtjMN.jpg'}, {'id': 'ad505090-9bef-4a5b-a38b-234006fd30b0', 'image': 'https://uploads-master.aws.bengalmeat.com/media/cattle-image/2025/BLF_4602_3_YAvUH7R.jpg'}]",0.0,6 Months,4,0,42.0,T-HmPS0ASQI,255.0,162000.00,False,True,True,True,True,MINIMUM,https://uploads-master.aws.bengalmeat.com/media/cattle-thumbnail/2025/BLF_4602_1_N0QSQNy.jpg,2025-04-23T14:23:55.924689+06:00,AVAILABLE
7ce71b2d-4ce5-46c2-9930-ab740298dd08,BLF 4616,COW,MALE_BULL,RED,LOCAL,['GRASS_GRAIN_FED'],2 Years,"[{'id': 'e61f1469-064f-47ec-b2e2-efcdffc8c1f1', 'image': 'https://uploads-master.aws.bengalmeat.com/media/cattle-image/2025/BLF_4616_2_YHT2fCk.jpg'}, {'id': 'c9d791cc-9ae0-4e55-a1d0-d3bff5d979e2', 'image': 'https://uploads-master.aws.bengalmeat.com/media/cattle-image/2025/BLF_4616_3_FvP9i1V.jpg'}, {'id': 'a43a4615-1a46-46ab-8bb1-b058bd784e83', 'image': 'https://uploads-master.aws.bengalmeat.com/media/cattle-image/2025/BLF_4616_4_nPcFVZ7.jpg'}]",0.0,6 Months,2,0,42.0,F3wKwVIdelI,230.0,151000.00,False,True,True,True,True,MINIMUM,https://uploads-master.aws.bengalmeat.com/media/cattle-thumbnail/2025/BLF_4616_1_SQbfbma.jpg,2025-04-23T14:44:12.909423+06:00,AVAILABLE
fcbdb3c7-c0cd-4f47-82bb-96c87b684629,BLF 4819,COW,MALE_BULL,NON_RED,LOCAL,['GRASS_GRAIN_FED'],2 Years,"[{'id': 'a63d7641-dedc-42e1-a4a1-d4290a4c5f0e', 'image': 'https://uploads-master.aws.bengalmeat.com/media/cattle-image/2025/BLF_4819_2.jpg'}, {'id': '69f83514-ab7e-44f0-b1eb-ee4563af66b4', 'image': 'https://uploads-master.aws.bengalmeat.com/media/cattle-image/2025/BLF_4819_3.jpg'}, {'id': 'a7990fc7-296c-4a42-a07f-aca3d17cb469', 'image': 'https://uploads-master.aws.bengalmeat.com/media/cattle-image/2025/BLF_4819_4.jpg'}]",0.0,6 Months,2,0,40.0,MHxDVJI4uTM,234.0,149000.00,False,True,True,True,True,MINIMUM,https://uploads-master.aws.bengalmeat.com/media/cattle-thumbnail/2025/BLF_4819_1.jpg,2025-05-05T15:15:25.767782+06:00,AVAILABLE
12648aec-30e7-44cb-a375-1238ed7df641,BLF 4825,COW,MALE_BULL,RED,LOCAL,['GRASS_GRAIN_FED'],2 Years,"[{'id': '7b96b262-a508-4306-a210-02205d430929', 'image': 'https://uploads-master.aws.bengalmeat.com/media/cattle-image/2025/BLF_4825_2.jpg'}, {'id': '2980ddc7-af58-4c93-9505-ce92ad0bd852', 'image': 'https://uploads-master.aws.bengalmeat.com/media/cattle-image/2025/BLF_4825_3.jpg'}, {'id': 'ed42cb84-89a2-4f62-aaa0-8df8422693a1', 'image': 'https://uploads-master.aws.bengalmeat.com/media/cattle-image/2025/BLF_4825_4.jpg'}]",0.0,6 Months,2,0,43.5,Xj8RXeKT9R4,290.0,186000.00,False,True,True,True,True,MINIMUM,https://uploads-master.aws.bengalmeat.com/media/cattle-thumbnail/2025/BLF_4825_1_R8UkEFC.jpg,2025-04-30T12:00:08.857399+06:00,AVAILABLE
14fb9d31-5dcd-4d7e-961d-f5970ac3658f,BLF 4831,COW,MALE_BULL,RED,LOCAL,['GRASS_GRAIN_FED'],2 Years,"[{'id': 'ea37e11a-37b8-4a7d-b770-17a3b58e1890', 'image': 'https://uploads-master.aws.bengalmeat.com/media/cattle-image/2025/BLF_4831_2.jpg'}, {'id': '80d784d7-bb21-42ff-91aa-c1aa8656465a', 'image': 'https://uploads-master.aws.bengalmeat.com/media/cattle-image/2025/BLF_4831_3.jpg'}, {'id': 'accdb685-0eaf-457f-a78b-645025879c1d', 'image': 'https://uploads-master.aws.bengalmeat.com/media/cattle-image/2025/BLF_4831_4.jpg'}]",0.0,6 Months,2,0,42.0,-BydduBdnIo,288.0,184000.00,False,True,True,True,True,MINIMUM,https://uploads-master.aws.bengalmeat.com/media/cattle-thumbnail/2025/BLF_4831_1.jpg,2025-05-03T15:53:49.851303+06:00,AVAILABLE
2b047732-fd08-4a32-8e72-23da1d6c09cd,BLF 4827,COW,MALE_BULL,RED,LOCAL,['GRASS_GRAIN_FED'],2 Years,"[{'id': '59f9409a-b87a-45d7-b456-acd104a3a238', 'image': 'https://uploads-master.aws.bengalmeat.com/media/cattle-image/2025/BLF_4827_2.jpg'}, {'id': '2043004d-f2a7-4631-84a8-dd4280ab3c37', 'image': 'https://uploads-master.aws.bengalmeat.com/media/cattle-image/2025/BLF_4827_3.jpg'}, {'id': '4e3b2e46-910a-4951-a660-21b1935b6111', 'image': 'https://uploads-master.aws.bengalmeat.com/media/cattle-image/2025/BLF_4827_4.jpg'}]",0.0,6 Months,2,0,45.0,Q_KUdJRlyJc,308.0,196000.00,False,True,True,True,True,MEDIUM,https://uploads-master.aws.bengalmeat.com/media/cattle-thumbnail/2025/BLF_4827_1.jpg,2025-04-30T11:46:40.925657+06:00,AVAILABLE
40a77e65-6265-48b8-8efe-6b566478925a,BLF 4833,COW,MALE_BULL,NON_RED,LOCAL,['GRASS_GRAIN_FED'],2 Years,"[{'id': 'e04555f5-244a-43ce-a5ec-d2c02d2279ea', 'image': 'https://uploads-master.aws.bengalmeat.com/media/cattle-image/2025/BLF_4833_2.jpg'}, {'id': 'c5f6eb61-26b4-4839-944d-7d1d732e02dc', 'image': 'https://uploads-master.aws.bengalmeat.com/media/cattle-image/2025/BLF_4833_3.jpg'}, {'id': '8ad32133-ff7e-49ec-9274-5b7f6902ccb9', 'image': 'https://uploads-master.aws.bengalmeat.com/media/cattle-image/2025/BLF_4833_4.jpg'}]",0.0,6 Months,2,0,40.3,hf2N5ngIBlE,215.0,142000.00,True,True,True,True,True,MINIMUM,https://uploads-master.aws.bengalmeat.com/media/cattle-thumbnail/2025/BLF_4833_1.jpg,2025-04-30T12:03:28.207476+06:00,ORDERED
cb8d8300-e71d-44a4-808c-4777accb4a48,BLF 4628,COW,MALE_BULL,RED,RED_CHITTAGONG,['GRASS_GRAIN_FED'],2 Years,"[{'id': '6b5df36a-ae36-4c00-9515-ce6d20193891', 'image': 'https://uploads-master.aws.bengalmeat.com/media/cattle-image/2025/BLF_4628_2.jpg'}, {'id': '0c27751a-5630-4717-a9bc-573c5cb88525', 'image': 'https://uploads-master.aws.bengalmeat.com/media/cattle-image/2025/BLF_4628_3.jpg'}, {'id': 'fd0bdcc2-403e-4d43-acc1-3e3c0daf41e2', 'image': 'https://uploads-master.aws.bengalmeat.com/media/cattle-image/2025/BLF_4628_4.jpg'}]",0.0,6 Months,2,0,41.6,04l5RMetvOg,234.0,154000.00,False,True,True,True,True,MINIMUM,https://uploads-master.aws.bengalmeat.com/media/cattle-thumbnail/2025/BLF_4628_1.jpg,2025-04-23T15:02:23.781468+06:00,AVAILABLE
731a9fcd-39e6-4b77-9975-fc4a86fb2cd8,BLF 4614,COW,MALE_BULL,NON_RED,LOCAL,['GRASS_GRAIN_FED'],2 Years,"[{'id': 'eef70cab-7246-48a0-a7da-863c7260e854', 'image': 'https://uploads-master.aws.bengalmeat.com/media/cattle-image/2025/BLF_4614.jpg'}, {'id': 'aa18be2e-8df5-4e7a-98f5-b5acc71540cf', 'image': 'https://uploads-master.aws.bengalmeat.com/media/cattle-image/2025/BLF_4614_3_DN9ThOR.jpg'}, {'id': '72da1503-e3c7-4e27-abd0-40c159bd712f', 'image': 'https://uploads-master.aws.bengalmeat.com/media/cattle-image/2025/BLF_4614_4_GIeZuz6.jpg'}]",0.0,6 Months,2,0,41.6,BQLFRFq5BLA,257.0,163000.00,False,True,True,True,True,MINIMUM,https://uploads-master.aws.bengalmeat.com/media/cattle-thumbnail/2025/BLF_4614_1_ZlBwU89.jpg,2025-04-23T14:43:04.386989+06:00,AVAILABLE
d56c9122-2edf-4b46-9efb-1c68926288ed,BLF 4947,COW,MALE_BULL,NON_RED,HOSTINE_CROSS,['GRASS_GRAIN_FED'],2 Years,[],0.0,6 Months,6,0,56.0,,655.0,400000.00,False,True,True,True,True,EXTRA_LARGE,,2025-06-05T12:18:14.148510+06:00,ORDERED
cce36508-2100-41c9-8cb0-0ec872cb711d,BLF 4748,COW,MALE_BULL,RED,LOCAL,['GRASS_GRAIN_FED'],2.5 Years,"[{'id': '24513e19-1cfd-4bf2-8697-d573625352db', 'image': 'https://uploads-master.aws.bengalmeat.com/media/cattle-image/2025/BLF_4748_2.jpg'}, {'id': 'a1b38a62-eee0-4bdb-b5f3-58fbd360b6e1', 'image': 'https://uploads-master.aws.bengalmeat.com/media/cattle-image/2025/BLF_4748_3.jpg'}, {'id': '30c8ea30-4577-4472-b2b8-ea79c70754ed', 'image': 'https://uploads-master.aws.bengalmeat.com/media/cattle-image/2025/BLF_4748_4.jpg'}]",0.0,6 Months,4,0,40.0,ectBJK7Shi0,225.0,146000.00,False,True,True,True,True,MINIMUM,https://uploads-master.aws.bengalmeat.com/media/cattle-thumbnail/2025/BLF_4748_1.jpg,2025-04-24T16:39:16.665188+06:00,ORDERED
ffdb86a7-f646-4a71-8d32-0c75c8de1795,BLF 4774,COW,MALE_BULL,RED,LOCAL,['GRASS_GRAIN_FED'],2.5 Years,"[{'id': '55852b10-0476-4c67-8031-843d4fe5e574', 'image': 'https://uploads-master.aws.bengalmeat.com/media/cattle-image/2025/BLF_4774_2.jpg'}, {'id': '8e318fcc-6df6-4b41-b5e0-7f0dffdcb5c7', 'image': 'https://uploads-master.aws.bengalmeat.com/media/cattle-image/2025/BLF_4774_3.jpg'}, {'id': '79a4279f-406b-478a-bacd-a79aebddbdba', 'image': 'https://uploads-master.aws.bengalmeat.com/media/cattle-image/2025/BLF_4774_4.jpg'}]",0.0,6 Months,4,0,42.8,_H6bbwUek-4,269.0,172000.00,False,True,True,True,True,MINIMUM,https://uploads-master.aws.bengalmeat.com/media/cattle-thumbnail/2025/BLF_4774_1.jpg,2025-04-29T16:38:04.513284+06:00,AVAILABLE
ec47c623-2f6e-443a-aff3-c466e13b7a58,BLF 4760,COW,MALE_BULL,NON_RED,LOCAL,['GRASS_GRAIN_FED'],2.5 Years,"[{'id': 'a49eec9b-71d6-48fe-b6c9-f3fe57de03c3', 'image': 'https://uploads-master.aws.bengalmeat.com/media/cattle-image/2025/BLF_4760_2.jpg'}, {'id': '1ad97ee0-8704-4a86-98f2-1b851579ac98', 'image': 'https://uploads-master.aws.bengalmeat.com/media/cattle-image/2025/BLF_4760_3.jpg'}, {'id': '961239bd-7fc3-4aaf-91c0-0d186af0bdf1', 'image': 'https://uploads-master.aws.bengalmeat.com/media/cattle-image/2025/BLF_4760_4.jpg'}]",0.0,6 Months,4,0,39.0,O3M1KRdOBRw,212.0,138000.00,False,True,True,True,True,MINIMUM,https://uploads-master.aws.bengalmeat.com/media/cattle-thumbnail/2025/BLF_4760_1.jpg,2025-04-29T12:35:23.419838+06:00,AVAILABLE
4a9556d7-1cb7-4f36-82c1-c681726e02c9,BLF 4761,COW,MALE_BULL,NON_RED,LOCAL,['GRASS_GRAIN_FED'],2 Years,"[{'id': '990b3778-3c1f-4ecd-8c53-6234a932599c', 'image': 'https://uploads-master.aws.bengalmeat.com/media/cattle-image/2025/BLF_4761_2.jpg'}, {'id': '053d8979-a32f-4d8a-b09b-af59e0c5d851', 'image': 'https://uploads-master.aws.bengalmeat.com/media/cattle-image/2025/BLF_4761_3.jpg'}, {'id': '78620245-c718-4300-b360-ebfd069c09e5', 'image': 'https://uploads-master.aws.bengalmeat.com/media/cattle-image/2025/BLF_4761_4.jpg'}]",0.0,6 Months,2,0,41.5,-Fhq17PsrpM,226.0,147000.00,False,True,True,True,True,MINIMUM,https://uploads-master.aws.bengalmeat.com/media/cattle-thumbnail/2025/BLF_4761_1.jpg,2025-04-29T12:36:35.196430+06:00,AVAILABLE
78dcbd76-8986-4db3-9a73-43c1f3938856,BLF 4775,COW,MALE_BULL,NON_RED,LOCAL,['GRASS_GRAIN_FED'],2.5 Years,"[{'id': '1422efb0-a8df-4e0a-a034-f93f9bd02e54', 'image': 'https://uploads-master.aws.bengalmeat.com/media/cattle-image/2025/BLF_4775_2.jpg'}, {'id': '3c652633-104b-40a7-9d0a-cf08c4b8b54f', 'image': 'https://uploads-master.aws.bengalmeat.com/media/cattle-image/2025/BLF_4775_3.jpg'}, {'id': '2c9b14e0-f7af-424c-8587-7ab051ddc8f8', 'image': 'https://uploads-master.aws.bengalmeat.com/media/cattle-image/2025/BLF_4775_4.jpg'}]",0.0,6 Months,4,0,43.2,UYKVgoiEbVY,272.0,173000.00,False,True,True,True,True,MINIMUM,https://uploads-master.aws.bengalmeat.com/media/cattle-thumbnail/2025/BLF_4775_1.jpg,2025-04-29T16:40:06.352182+06:00,AVAILABLE
4fecb01b-038d-4d70-b6df-76b5da64292c,BLF 4749,COW,MALE_BULL,NON_RED,LOCAL,['GRASS_GRAIN_FED'],2 Years,"[{'id': '84608afc-ed04-4d4a-a7e1-9847cd0a00c1', 'image': 'https://uploads-master.aws.bengalmeat.com/media/cattle-image/2025/BLF_4749_2.jpg'}, {'id': '441ee2b2-9a47-4e06-bd89-c2ac1dfcf551', 'image': 'https://uploads-master.aws.bengalmeat.com/media/cattle-image/2025/BLF_4749_3.jpg'}, {'id': 'd9fd710c-641c-405b-8da2-0b859b7873ae', 'image': 'https://uploads-master.aws.bengalmeat.com/media/cattle-image/2025/BLF_4749_4.jpg'}]",0.0,6 Months,2,0,40.0,qPqn2Q5VnR8,249.0,159000.00,False,True,True,True,True,MINIMUM,https://uploads-master.aws.bengalmeat.com/media/cattle-thumbnail/2025/BLF_4749_1.jpg,2025-05-07T10:36:18.316963+06:00,ORDERED
a447cb81-82ca-4cca-a474-484e505bc6b2,BLF 4946,COW,MALE_BULL,NON_RED,HOSTINE_CROSS,['GRASS_GRAIN_FED'],2 Years,[],0.0,6 Months,6,0,55.0,,660.0,500000.00,False,True,True,True,True,EXTRA_LARGE,,2025-06-05T12:16:45.944723+06:00,ORDERED
d357724f-75f9-4796-9d91-e6a3f8185c83,BLF 4615,COW,MALE_BULL,NON_RED,LOCAL,['GRASS_GRAIN_FED'],2 Years,"[{'id': '359ea419-d4e8-497f-86d1-4369e947732e', 'image': 'https://uploads-master.aws.bengalmeat.com/media/cattle-image/2025/BLF_4615_2_s22HbrZ.jpg'}, {'id': '2a6a0700-8d87-4035-89bd-9a83cae098ff', 'image': 'https://uploads-master.aws.bengalmeat.com/media/cattle-image/2025/BLF_4615_3_unaisug.jpg'}, {'id': 'c28b6cf7-c61e-474a-a975-2f99da526942', 'image': 'https://uploads-master.aws.bengalmeat.com/media/cattle-image/2025/BLF_4615_4.jpg'}]",0.0,6 Months,2,0,42.9,BKe9ntp50VE,261.0,167000.00,False,True,True,True,True,MINIMUM,https://uploads-master.aws.bengalmeat.com/media/cattle-thumbnail/2025/BLF_4615_1.jpg,2025-05-01T15:45:43.707801+06:00,AVAILABLE
074654a2-3a45-48dd-9e1b-16a419cd5b8d,BLF 4601,COW,MALE_BULL,RED,LOCAL,['GRASS_GRAIN_FED'],2 Years,"[{'id': '0f5c8c8b-b954-4330-b2f6-1ec3541ba71a', 'image': 'https://uploads-master.aws.bengalmeat.com/media/cattle-image/2025/BLF_4601_2_pOIxV10.jpg'}, {'id': '76c6ff0f-a7bd-467c-9e09-c5467091a919', 'image': 'https://uploads-master.aws.bengalmeat.com/media/cattle-image/2025/BLF_4601_3_m1mrXM4.jpg'}, {'id': 'c6d9681b-ad7e-44e2-966e-f806f1d55b97', 'image': 'https://uploads-master.aws.bengalmeat.com/media/cattle-image/2025/BLF_4601_4_nnIuOyJ.jpg'}]",0.0,6 Months,2,0,40.0,CM5lhW7fqOM,269.0,172000.00,False,True,True,True,True,MINIMUM,https://uploads-master.aws.bengalmeat.com/media/cattle-thumbnail/2025/BLF_4601_1_DXBoW2l.jpg,2025-04-23T14:22:32.768797+06:00,AVAILABLE
721fec57-e691-41a9-b9d4-6dcf913fd350,BLF 4629,COW,MALE_BULL,NON_RED,LOCAL,['GRASS_GRAIN_FED'],2 Years,"[{'id': '1cf0f032-270b-440e-bef8-f0386030e706', 'image': 'https://uploads-master.aws.bengalmeat.com/media/cattle-image/2025/BLF_4629_2.jpg'}, {'id': 'f560d198-535a-49a6-981e-8cc1039f5f70', 'image': 'https://uploads-master.aws.bengalmeat.com/media/cattle-image/2025/BLF_4629_3.jpg'}, {'id': 'e353285a-3c8d-4c9e-bca1-f697ce357c65', 'image': 'https://uploads-master.aws.bengalmeat.com/media/cattle-image/2025/BLF_4629.jpg'}]",0.0,6 Months,2,0,39.4,e1u7cQu9uvM,219.0,143000.00,False,True,True,True,True,MINIMUM,https://uploads-master.aws.bengalmeat.com/media/cattle-thumbnail/2025/BLF_4629_1.jpg,2025-04-23T15:04:58.886918+06:00,ORDERED
a8b14e48-912f-47b1-bf88-ef098dc9b8af,BLF 4832,COW,MALE_BULL,RED,LOCAL,['GRASS_GRAIN_FED'],2.5 Years,"[{'id': 'd2d0b2c1-3924-42a7-8567-fee35d885671', 'image': 'https://uploads-master.aws.bengalmeat.com/media/cattle-image/2025/BLF_4832_2.jpg'}, {'id': 'cef335fe-58e0-4b18-8528-734c0f1cf2a9', 'image': 'https://uploads-master.aws.bengalmeat.com/media/cattle-image/2025/BLF_4832_3.jpg'}, {'id': '3389e8dd-548c-4457-bb24-5098f7407441', 'image': 'https://uploads-master.aws.bengalmeat.com/media/cattle-image/2025/BLF_4832_4.jpg'}]",0.0,6 Months,4,0,48.0,GKGrJjXU6Ac,307.0,196000.00,False,True,True,True,True,MEDIUM,https://uploads-master.aws.bengalmeat.com/media/cattle-thumbnail/2025/BLF_4832_1.jpg,2025-05-13T12:26:54.608350+06:00,AVAILABLE
ee3c64c2-f2ef-4ead-876f-5ccd8a148df1,BLF 4826,COW,MALE_BULL,NON_RED,LOCAL,['GRASS_GRAIN_FED'],2 Years,"[{'id': 'ab847e11-71bd-477d-ae6c-568c5d7d11cf', 'image': 'https://uploads-master.aws.bengalmeat.com/media/cattle-image/2025/BLF_4826_2.jpg'}, {'id': '18ad2275-3db8-4894-a18c-c0d458f26261', 'image': 'https://uploads-master.aws.bengalmeat.com/media/cattle-image/2025/BLF_4826_3.jpg'}, {'id': '60119711-4a8b-4bb2-94b5-fada99779111', 'image': 'https://uploads-master.aws.bengalmeat.com/media/cattle-image/2025/BLF_4826_4.jpg'}]",0.0,6 Months,2,0,47.3,WcoJsFtm-IA,317.0,201000.00,False,True,True,True,True,MEDIUM,https://uploads-master.aws.bengalmeat.com/media/cattle-thumbnail/2025/BLF_4826_1.jpg,2025-05-04T14:49:59.283644+06:00,AVAILABLE
7996021a-8c25-441c-ba2e-29858be2731d,BLF 4822,COW,MALE_BULL,NON_RED,LOCAL,['GRASS_GRAIN_FED'],2 Years,"[{'id': 'a94b2e93-05be-4df7-b9bd-0c5684451aba', 'image': 'https://uploads-master.aws.bengalmeat.com/media/cattle-image/2025/BLF_4822_2.jpg'}, {'id': '96488896-4287-4257-aec1-f361581ec698', 'image': 'https://uploads-master.aws.bengalmeat.com/media/cattle-image/2025/BLF_4822_3.jpg'}, {'id': 'a012d0ea-ed85-4d43-bec7-d4183b9d02d7', 'image': 'https://uploads-master.aws.bengalmeat.com/media/cattle-image/2025/BLF_4822_4.jpg'}]",0.0,6 Months,2,0,48.6,tz7CLEX3Gn0,358.0,225000.00,False,True,True,True,True,MEDIUM,https://uploads-master.aws.bengalmeat.com/media/cattle-thumbnail/2025/BLF_4822_1.jpg,2025-04-30T11:43:37.860823+06:00,AVAILABLE
8516e69f-d65c-4ff4-b17e-9e9564ff0054,BLF 4836,COW,MALE_BULL,NON_RED,LOCAL,['GRASS_GRAIN_FED'],2 Years,"[{'id': '786c5d55-4e70-4e14-98d4-a407e7e9e262', 'image': 'https://uploads-master.aws.bengalmeat.com/media/cattle-image/2025/BLF_4836_2.jpg'}, {'id': 'a5946614-be5d-4b8e-87d3-2cceb2eae267', 'image': 'https://uploads-master.aws.bengalmeat.com/media/cattle-image/2025/BLF_4836_3.jpg'}, {'id': '5a23f08d-f77b-42ed-84f3-3083d6cbbd49', 'image': 'https://uploads-master.aws.bengalmeat.com/media/cattle-image/2025/BLF_4836_4.jpg'}]",0.0,6 Months,2,0,40.3,UDa_XhvazdI,205.0,134000.00,False,True,True,True,True,MINIMUM,https://uploads-master.aws.bengalmeat.com/media/cattle-thumbnail/2025/BLF_4836_1.jpg,2025-05-08T11:02:09.047602+06:00,ORDERED
01847e25-73e4-496e-87ed-810491f65abd,BLF 4605,COW,MALE_BULL,NON_RED,LOCAL,['GRASS_GRAIN_FED'],2 Years,"[{'id': '45c7f2e8-74f8-4522-886a-66aa07a7471e', 'image': 'https://uploads-master.aws.bengalmeat.com/media/cattle-image/2025/BLF_4605_2_SYcNdmW.jpg'}, {'id': 'ab7f60f3-e1ac-4048-8b2c-bfdf8266b29f', 'image': 'https://uploads-master.aws.bengalmeat.com/media/cattle-image/2025/BLF_4605_3_oNAMopH.jpg'}, {'id': '051f7205-6665-4927-b211-81991757cbee', 'image': 'https://uploads-master.aws.bengalmeat.com/media/cattle-image/2025/BLF_4605.jpg'}]",0.0,6 Months,2,0,39.0,wu6p5_y0mQY,239.0,152000.00,False,True,True,True,True,MINIMUM,https://uploads-master.aws.bengalmeat.com/media/cattle-thumbnail/2025/BLF_4605_1_SWpKcKl.jpg,2025-04-23T14:27:30.333318+06:00,ORDERED
651c9d21-e226-4f66-977d-52fa15751cce,BLF 4611,COW,MALE_BULL,RED,LOCAL,['GRASS_GRAIN_FED'],2 Years,"[{'id': '3481870f-42dc-4927-a50c-eaa7be887359', 'image': 'https://uploads-master.aws.bengalmeat.com/media/cattle-image/2025/BLF_4611_2_m6KiDIu.jpg'}, {'id': '7693069c-9b7c-4801-897e-6b6da31fc2da', 'image': 'https://uploads-master.aws.bengalmeat.com/media/cattle-image/2025/BLF_4611_3_kbuIWWx.jpg'}, {'id': 'c542e2a6-ccff-4b10-b3da-d7b3dace079a', 'image': 'https://uploads-master.aws.bengalmeat.com/media/cattle-image/2025/BLF_4611_4_hBQQeZO.jpg'}]",0.0,6 Months,2,0,43.4,uxkoOi35u38,240.0,155000.00,False,True,True,True,True,MINIMUM,https://uploads-master.aws.bengalmeat.com/media/cattle-thumbnail/2025/BLF_4611_1_BaqQZEj.jpg,2025-04-23T14:37:22.522018+06:00,AVAILABLE
c85a4af2-b789-4c45-a7f8-ed1fd9b3a150,BLF 4639,COW,MALE_BULL,NON_RED,LOCAL,['GRASS_GRAIN_FED'],2.5 Years,"[{'id': '27762b31-b71c-4022-83fc-512ce627a516', 'image': 'https://uploads-master.aws.bengalmeat.com/media/cattle-image/2025/BLF_4639_2.jpg'}, {'id': 'e0b80aca-7e7f-479a-a2b7-4df21b3d583d', 'image': 'https://uploads-master.aws.bengalmeat.com/media/cattle-image/2025/BLF_4639_3.jpg'}, {'id': '415be72c-7106-4599-81f7-55248a549720', 'image': 'https://uploads-master.aws.bengalmeat.com/media/cattle-image/2025/BLF_4639_4.jpg'}]",0.0,6 Months,4,0,41.4,Iwlnm44ozGc,240.0,154000.00,False,True,True,True,True,MINIMUM,https://uploads-master.aws.bengalmeat.com/media/cattle-thumbnail/2025/BLF_4639_1.jpg,2025-04-23T16:24:46.539447+06:00,AVAILABLE
1edd7fc8-ef8e-42bd-9f5f-8aba80ebba41,BLF 4942,COW,MALE_BULL,RED,LOCAL,['GRASS_GRAIN_FED'],2 Years,"[{'id': '0f52de84-094b-43e6-9fc2-c48892cae5d4', 'image': 'https://uploads-master.aws.bengalmeat.com/media/cattle-image/2025/BLF_4942_2.jpg'}, {'id': '0544f362-018b-4cb2-a6ff-f58bd6420dbd', 'image': 'https://uploads-master.aws.bengalmeat.com/media/cattle-image/2025/BLF_4942_3.jpg'}, {'id': '93735c54-8023-45c5-8bf9-cffb2cb2c823', 'image': 'https://uploads-master.aws.bengalmeat.com/media/cattle-image/2025/BLF_4942_4.jpg'}]",0.0,3 Months,2,0,39.0,xVff1DpiNJ4,148.0,99000.00,False,True,True,True,True,MINIMUM,https://uploads-master.aws.bengalmeat.com/media/cattle-thumbnail/2025/BLF_4942_1.jpg,2025-05-31T18:15:33.821896+06:00,ORDERED
a1c0a1fa-fd1e-476e-ae57-b05b4076de56,BLF 4771,COW,MALE_BULL,NON_RED,LOCAL,['GRASS_GRAIN_FED'],2 Years,"[{'id': '6bf88c3a-f953-4109-8e96-90d82f19a052', 'image': 'https://uploads-master.aws.bengalmeat.com/media/cattle-image/2025/BLF_4771_2.jpg'}, {'id': 'c76e72fb-9592-4ada-931e-ebd7ef84461e', 'image': 'https://uploads-master.aws.bengalmeat.com/media/cattle-image/2025/BLF_4771_3.jpg'}, {'id': '62b9ec0a-4118-4b0b-b4c7-2b3bde95707f', 'image': 'https://uploads-master.aws.bengalmeat.com/media/cattle-image/2025/BLF_4771_4.jpg'}]",0.0,6 Months,2,0,40.3,m-OllWveXv0,240.0,154000.00,False,True,True,True,True,MINIMUM,https://uploads-master.aws.bengalmeat.com/media/cattle-thumbnail/2025/BLF_4771_1.jpg,2025-04-29T15:55:15.582811+06:00,AVAILABLE
204016a1-59f7-440a-b365-feb3c70a37b1,BLF 4765,COW,MALE_BULL,NON_RED,LOCAL,['GRASS_GRAIN_FED'],2 Years,"[{'id': '4530b474-2be1-487b-8e61-f13f0ec6341d', 'image': 'https://uploads-master.aws.bengalmeat.com/media/cattle-image/2025/BLF_4765_2.jpg'}, {'id': 'faefd96b-cffc-4a87-b58d-9e932c611599', 'image': 'https://uploads-master.aws.bengalmeat.com/media/cattle-image/2025/BLF_4765_3.jpg'}, {'id': '9176268b-aded-4fe8-9ccd-67406e707e7c', 'image': 'https://uploads-master.aws.bengalmeat.com/media/cattle-image/2025/BLF_4765_4.jpg'}]",0.0,6 Months,2,0,43.2,JUJtEjV7Cns,217.0,142000.00,False,True,True,True,True,MINIMUM,https://uploads-master.aws.bengalmeat.com/media/cattle-thumbnail/2025/BLF_4765_1.jpg,2025-04-29T12:42:31.483707+06:00,AVAILABLE
be7ddb35-9c99-442f-98b2-075f89eb78b8,BLF 4759,COW,MALE_BULL,NON_RED,HOSTINE_CROSS,['GRASS_GRAIN_FED'],2 Years,"[{'id': '8e9228b6-cac1-454f-89e1-6a1120407958', 'image': 'https://uploads-master.aws.bengalmeat.com/media/cattle-image/2025/BLF_4759_2.jpg'}, {'id': '4b332cef-74d0-41c0-8049-5aa89e3c0f8a', 'image': 'https://uploads-master.aws.bengalmeat.com/media/cattle-image/2025/BLF_4759_3.jpg'}, {'id': '2f6f2192-13fd-42bc-8ad7-f6f457c0d59f', 'image': 'https://uploads-master.aws.bengalmeat.com/media/cattle-image/2025/BLF_4759_4.jpg'}]",0.0,6 Months,2,0,40.0,E4KBSzvljtI,196.0,128000.00,False,True,True,True,True,MINIMUM,https://uploads-master.aws.bengalmeat.com/media/cattle-thumbnail/2025/BLF_4759_1.jpg,2025-05-03T15:51:31.484871+06:00,ORDERED
a8b52360-0c97-42b7-a0b3-cac55080ff1a,BLF 4758,COW,MALE_BULL,NON_RED,HOSTINE_CROSS,['GRASS_GRAIN_FED'],2 Years,"[{'id': '50732f6d-047f-4b83-a05b-534b4e29bd9e', 'image': 'https://uploads-master.aws.bengalmeat.com/media/cattle-image/2025/BLF_4758_2.jpg'}, {'id': 'af16262b-843d-4eeb-8e72-baa81c55b1d2', 'image': 'https://uploads-master.aws.bengalmeat.com/media/cattle-image/2025/BLF_4758_3.jpg'}, {'id': 'a1890f6e-6a18-47cb-8d16-3827fa2f8a84', 'image': 'https://uploads-master.aws.bengalmeat.com/media/cattle-image/2025/BLF_4758_4.jpg'}]",0.0,6 Months,2,0,52.0,z3d4ej3ru5c,457.0,281000.00,False,True,True,True,True,MINIMUM,https://uploads-master.aws.bengalmeat.com/media/cattle-thumbnail/2025/BLF_4758_1.jpg,2025-05-02T09:25:40.866230+06:00,AVAILABLE
b17ad2bb-bc48-4081-a9e5-652be98f249d,BLF 4764,COW,MALE_BULL,NON_RED,LOCAL,['GRASS_GRAIN_FED'],2 Years,"[{'id': '64845c4e-24d8-4d00-a6a6-94c2937acf39', 'image': 'https://uploads-master.aws.bengalmeat.com/media/cattle-image/2025/BLF_4764_2.jpg'}, {'id': '408b0f6c-7fef-47f5-b083-3cb080150acf', 'image': 'https://uploads-master.aws.bengalmeat.com/media/cattle-image/2025/BLF_4764_3.jpg'}, {'id': 'b4249f2a-57b7-49af-9759-729099d5472b', 'image': 'https://uploads-master.aws.bengalmeat.com/media/cattle-image/2025/BLF_4764_4.jpg'}]",0.0,6 Months,2,0,42.9,z87trxlHflI,243.0,156000.00,False,True,True,True,True,MINIMUM,https://uploads-master.aws.bengalmeat.com/media/cattle-thumbnail/2025/BLF_4764_1.jpg,2025-04-29T12:41:18.308092+06:00,AVAILABLE
6055582c-ef88-4a43-a280-a2ecfaadd234,BLF 4770,COW,MALE_BULL,NON_RED,LOCAL,['GRASS_GRAIN_FED'],2.5 Years,"[{'id': '75ccf048-9e68-4113-9d1c-5a80c014ca77', 'image': 'https://uploads-master.aws.bengalmeat.com/media/cattle-image/2025/BLF_4770_2.jpg'}, {'id': '590d18a7-cd72-48be-a6c7-e10188e7cf74', 'image': 'https://uploads-master.aws.bengalmeat.com/media/cattle-image/2025/BLF_4770_3.jpg'}, {'id': '14337bf8-bcd2-4c88-ac01-30728c029441', 'image': 'https://uploads-master.aws.bengalmeat.com/media/cattle-image/2025/BLF_4770_4.jpg'}]",0.0,6 Months,4,0,38.2,2q9CGOyFx88,200.0,131000.00,False,True,True,True,True,MINIMUM,https://uploads-master.aws.bengalmeat.com/media/cattle-thumbnail/2025/BLF_4770_1.jpg,2025-04-29T15:54:09.947921+06:00,AVAILABLE
b897373e-1e4d-451d-9c76-f614cbd78f61,BLF 4943,COW,MALE_BULL,NON_RED,LOCAL,['GRASS_GRAIN_FED'],2.5 Years,"[{'id': '781daada-ba4f-4238-91a5-6ab46e244440', 'image': 'https://uploads-master.aws.bengalmeat.com/media/cattle-image/2025/BLF_4943_2.jpg'}, {'id': '78ec1b72-3fc0-49c6-aba8-774a5796542f', 'image': 'https://uploads-master.aws.bengalmeat.com/media/cattle-image/2025/BLF_4943_3.jpg'}, {'id': 'c906f5f9-fd25-4e90-99cd-f18c7cf2f9e3', 'image': 'https://uploads-master.aws.bengalmeat.com/media/cattle-image/2025/BLF_4943_4.jpg'}]",0.0,3 Months,4,0,37.5,6EHria9DXJY,174.0,114000.00,False,True,True,True,True,MINIMUM,https://uploads-master.aws.bengalmeat.com/media/cattle-thumbnail/2025/BLF_4943_1.jpg,2025-05-31T18:17:01.105259+06:00,ORDERED
a1682cef-188c-41b8-ad04-efa635549395,BLF 4638,COW,MALE_BULL,RED,LOCAL,[],2 Years,"[{'id': 'f21dfc4d-4850-48a1-a60a-32872b3533af', 'image': 'https://uploads-master.aws.bengalmeat.com/media/cattle-image/2025/BLF_4638_2.jpg'}, {'id': '65db46b3-4e74-4e49-b4d9-d51399e9d0df', 'image': 'https://uploads-master.aws.bengalmeat.com/media/cattle-image/2025/BLF_4638_3.jpg'}, {'id': 'aab9db09-d1e3-46c7-9110-24260c9ece98', 'image': 'https://uploads-master.aws.bengalmeat.com/media/cattle-image/2025/BLF_4638_4.jpg'}]",0.0,6 Months,2,0,40.2,NidNJhkvHPA,223.0,146000.00,False,True,True,True,True,MINIMUM,https://uploads-master.aws.bengalmeat.com/media/cattle-thumbnail/2025/BLF_4638_1.jpg,2025-04-23T16:23:28.299853+06:00,AVAILABLE
2aba3ce1-03f1-4a45-921f-88d4f797a295,BLF 4610,COW,MALE_BULL,RED,LOCAL,['GRASS_GRAIN_FED'],2 Years,"[{'id': '9327c748-e933-43ca-8958-53a64d3eeef4', 'image': 'https://uploads-master.aws.bengalmeat.com/media/cattle-image/2025/BLF_4610_2_ptGARUB.jpg'}, {'id': '5e1df1a8-02a0-470f-b269-7b759ea2a11f', 'image': 'https://uploads-master.aws.bengalmeat.com/media/cattle-image/2025/BLF_4610_3_I4LfPw3.jpg'}, {'id': 'b0e91667-d59b-497c-b49b-b5e8951883e7', 'image': 'https://uploads-master.aws.bengalmeat.com/media/cattle-image/2025/BLF_4610_4_F2J2kfy.jpg'}]",0.0,6 Months,2,0,43.0,PC_ax2_ZXrc,280.0,177000.00,False,True,True,True,True,MINIMUM,https://uploads-master.aws.bengalmeat.com/media/cattle-thumbnail/2025/BLF_4610_1_JluRw6r.jpg,2025-04-23T14:35:36.606255+06:00,AVAILABLE
46096d4b-6579-4f5b-8550-17b9d1fa413c,BLF 4604,COW,MALE_BULL,RED,LOCAL,['GRASS_GRAIN_FED'],2 Years,"[{'id': 'fa159651-ff04-48ac-975b-137c021af27b', 'image': 'https://uploads-master.aws.bengalmeat.com/media/cattle-image/2025/BLF_4604_2_cdlc6iq.jpg'}, {'id': '8659ed2b-4294-4368-8ce9-34996d2504c5', 'image': 'https://uploads-master.aws.bengalmeat.com/media/cattle-image/2025/BLF_4604_3_5sZT8ip.jpg'}, {'id': 'cc4769f8-2ab8-4d00-af23-e2b098b7a87e', 'image': 'https://uploads-master.aws.bengalmeat.com/media/cattle-image/2025/BLF_4604_4_gU8oZGk.jpg'}]",0.0,6 Months,2,0,42.2,mPJcwOeM_XA,271.0,174000.00,False,True,True,True,True,MINIMUM,https://uploads-master.aws.bengalmeat.com/media/cattle-thumbnail/2025/BLF_4604.jpg,2025-04-23T14:26:14.084873+06:00,AVAILABLE
7859e08b-d01f-41e9-8529-e66025c2058e,BLF 4837,COW,MALE_BULL,NON_RED,LOCAL,['GRASS_GRAIN_FED'],2.5 Years,"[{'id': '612bc00f-57d0-4236-b075-b1e4d2429aa4', 'image': 'https://uploads-master.aws.bengalmeat.com/media/cattle-image/2025/BLF_4837_2.jpg'}, {'id': 'ddb72262-a932-4dfc-8be1-6ed58be0626e', 'image': 'https://uploads-master.aws.bengalmeat.com/media/cattle-image/2025/BLF_4837_3.jpg'}, {'id': '64e38942-c49d-42ad-9441-c5af1b763e91', 'image': 'https://uploads-master.aws.bengalmeat.com/media/cattle-image/2025/BLF_4837_4.jpg'}]",0.0,6 Months,4,0,39.1,XW8xbfUENNY,197.0,129000.00,False,True,True,True,True,MINIMUM,https://uploads-master.aws.bengalmeat.com/media/cattle-thumbnail/2025/BLF_4837_1.jpg,2025-05-13T12:28:26.949007+06:00,AVAILABLE
eed2402b-4fdc-4e1a-ba5b-4f6d1387c74c,BLF 4823,COW,MALE_BULL,NON_RED,HOSTINE_CROSS,['GRASS_GRAIN_FED'],2 Years,"[{'id': '7ac5c7b6-48f4-4ef5-88fb-fdbb4d7be3e8', 'image': 'https://uploads-master.aws.bengalmeat.com/media/cattle-image/2025/BLF_4823_2.jpg'}, {'id': '53cd968e-c2a3-4b5c-940e-8ded23fc69e6', 'image': 'https://uploads-master.aws.bengalmeat.com/media/cattle-image/2025/BLF_4823_3.jpg'}, {'id': '316eb229-feab-4e31-8d3d-ee8f88431475', 'image': 'https://uploads-master.aws.bengalmeat.com/media/cattle-image/2025/BLF_4823_4.jpg'}]",0.0,6 Months,2,0,47.1,BH8zqHz28yI,362.0,225000.00,False,True,True,True,True,MEDIUM,https://uploads-master.aws.bengalmeat.com/media/cattle-thumbnail/2025/BLF_4823_1.jpg,2025-04-30T11:52:46.527515+06:00,AVAILABLE
2f43eb12-7632-450a-9303-17fa554fe0e1,BLF 4809,COW,MALE_BULL,RED,LOCAL,['GRASS_GRAIN_FED'],2 Years,"[{'id': 'f2289f4b-69d5-4070-bb86-b07532464b84', 'image': 'https://uploads-master.aws.bengalmeat.com/media/cattle-image/2025/BLF_4809_2.jpg'}, {'id': 'ebe32341-cb30-494b-9b46-4cf8513288db', 'image': 'https://uploads-master.aws.bengalmeat.com/media/cattle-image/2025/BLF_4809_3.jpg'}, {'id': 'c2ba7b57-8cba-4273-80bd-59b55dd99a7b', 'image': 'https://uploads-master.aws.bengalmeat.com/media/cattle-image/2025/BLF_4809_4.jpg'}]",0.0,6 Months,2,0,46.11,4xGCBJS0kxQ,328.0,207000.00,False,True,True,True,True,MINIMUM,https://uploads-master.aws.bengalmeat.com/media/cattle-thumbnail/2025/BLF_4809_1.jpg,2025-05-01T15:09:06.945888+06:00,AVAILABLE
53d621c2-0b05-4fc4-8be2-dcd6bcffa982,BLF 4835,COW,MALE_BULL,NON_RED,LOCAL,['GRASS_GRAIN_FED'],2.5 Years,"[{'id': '0fb48682-3e04-42d3-a909-763932593f93', 'image': 'https://uploads-master.aws.bengalmeat.com/media/cattle-image/2025/BLF_4835_2.jpg'}, {'id': 'ce546f8d-04a8-456a-9761-94fcb463f90d', 'image': 'https://uploads-master.aws.bengalmeat.com/media/cattle-image/2025/BLF_4835_3.jpg'}, {'id': 'fc7837ef-5525-422b-b100-191de652ff6c', 'image': 'https://uploads-master.aws.bengalmeat.com/media/cattle-image/2025/BLF_4835_4.jpg'}]",0.0,6 Months,4,0,44.9,pe-JDdBuvw0,321.0,202000.00,False,True,True,True,True,MINIMUM,https://uploads-master.aws.bengalmeat.com/media/cattle-thumbnail/2025/BLF_4835_1.jpg,2025-04-30T12:04:26.123224+06:00,AVAILABLE
7513a2bd-cd16-4682-91c9-829f29a9c3da,BLF 4821,COW,MALE_BULL,NON_RED,LOCAL,['GRASS_GRAIN_FED'],2 Years,"[{'id': 'd1a00b9c-491d-466a-94ce-dd7b8ca75929', 'image': 'https://uploads-master.aws.bengalmeat.com/media/cattle-image/2025/BLF_4821_2.jpg'}, {'id': 'f6777fca-faa8-479e-886f-7a814df85c9e', 'image': 'https://uploads-master.aws.bengalmeat.com/media/cattle-image/2025/BLF_4821_3.jpg'}, {'id': 'dbac6f93-5196-4418-b045-321ddc8f300b', 'image': 'https://uploads-master.aws.bengalmeat.com/media/cattle-image/2025/BLF_4821_4.jpg'}]",0.0,6 Months,2,0,42.8,2c2Mb4e2How,211.0,136000.00,False,True,True,True,True,MINIMUM,https://uploads-master.aws.bengalmeat.com/media/cattle-thumbnail/2025/BLF_4821_1.jpg,2025-05-14T15:53:57.068282+06:00,AVAILABLE
c8f875fb-c12b-4a50-9aa9-b8f4a72e0328,BLF 4612,COW,MALE_BULL,RED,LOCAL,['GRASS_GRAIN_FED'],2 Years,"[{'id': 'ebc7234e-be2a-4fa5-9b43-85599996a5bd', 'image': 'https://uploads-master.aws.bengalmeat.com/media/cattle-image/2025/BLF_4612_2_0gSo2E3.jpg'}, {'id': '39836e3e-49cc-461c-b651-941b1e21d702', 'image': 'https://uploads-master.aws.bengalmeat.com/media/cattle-image/2025/BLF_4612_3_geiiGYZ.jpg'}, {'id': 'bf062942-5de4-4f5b-8765-9bbce18f7a7c', 'image': 'https://uploads-master.aws.bengalmeat.com/media/cattle-image/2025/BLF_4612_2_ImjYYen.jpg'}]",0.0,6 Months,2,0,42.0,OTmfTEKRd8A,226.0,148000.00,False,True,True,True,True,MINIMUM,https://uploads-master.aws.bengalmeat.com/media/cattle-thumbnail/2025/BLF_4612_1_gsd4nuv.jpg,2025-04-23T14:40:08.388254+06:00,AVAILABLE
a1baf79a-d637-49cc-a179-cb6f6444cc18,BLF 4606,COW,MALE_BULL,RED,LOCAL,['GRASS_GRAIN_FED'],2 Years,"[{'id': '0d98ae4b-39b3-4147-b864-141a290db918', 'image': 'https://uploads-master.aws.bengalmeat.com/media/cattle-image/2025/BLF_4606_2_KHVZRUV.jpg'}, {'id': 'f4570ef1-d186-4e10-9454-88bf721a09b5', 'image': 'https://uploads-master.aws.bengalmeat.com/media/cattle-image/2025/BLF_4606_3_jT7mQfs.jpg'}, {'id': '161688df-f88a-4670-adfe-8fcce3b73b5b', 'image': 'https://uploads-master.aws.bengalmeat.com/media/cattle-image/2025/BLF_4606.jpg'}]",0.0,6 Months,2,0,40.5,8m2oWzd_QtA,239.0,154000.00,False,True,True,True,True,MINIMUM,https://uploads-master.aws.bengalmeat.com/media/cattle-thumbnail/2025/BLF_4606_1_MdfFYMf.jpg,2025-04-23T14:28:58.866606+06:00,AVAILABLE
7d84f25e-af45-4c47-a216-594c6defeb51,BLF 4799,COW,MALE_BULL,RED,LOCAL,['GRASS_GRAIN_FED'],2 Years,"[{'id': '9575f000-7520-46e4-bc85-4d0cf396f1d9', 'image': 'https://uploads-master.aws.bengalmeat.com/media/cattle-image/2025/BLF_4799_2.jpg'}, {'id': '94d07dfa-0a96-4985-ae6e-735da4ed1aa2', 'image': 'https://uploads-master.aws.bengalmeat.com/media/cattle-image/2025/BLF_4799_3.jpg'}, {'id': 'b15d4ef3-b432-4d27-802f-83bef039dfff', 'image': 'https://uploads-master.aws.bengalmeat.com/media/cattle-image/2025/BLF_4799_4.jpg'}]",0.0,6 Months,2,0,41.6,GEAwviftfZI,250.0,160000.00,False,True,True,True,True,MINIMUM,https://uploads-master.aws.bengalmeat.com/media/cattle-thumbnail/2025/BLF_4799_1.jpg,2025-05-07T11:24:51.231843+06:00,ORDERED
5086cb28-fa2b-40ca-ad40-8dba86ec2427,BLF 4941,COW,MALE_BULL,RED,LOCAL,['GRASS_GRAIN_FED'],2 Years,"[{'id': '9cb0088d-93ce-4dfa-867e-307a0aee901e', 'image': 'https://uploads-master.aws.bengalmeat.com/media/cattle-image/2025/BLF_4941_2.jpg'}, {'id': '334b77a0-2c9f-48b5-94b0-f0dac305a8ce', 'image': 'https://uploads-master.aws.bengalmeat.com/media/cattle-image/2025/BLF_4941_3.jpg'}, {'id': '50610099-0a76-41bd-b98a-8bf552a923d9', 'image': 'https://uploads-master.aws.bengalmeat.com/media/cattle-image/2025/BLF_4941_4.jpg'}]",0.0,3 Months,2,0,40.0,dBEPrP5RH3M,186.0,118000.00,False,True,True,True,True,MINIMUM,https://uploads-master.aws.bengalmeat.com/media/cattle-thumbnail/2025/BLF_4941_1.jpg,2025-05-31T18:13:20.407156+06:00,ORDERED
fa95b5d9-1e12-4bd0-bd2d-23f7eefe0ca1,BLF 4766,COW,MALE_BULL,RED,LOCAL,['GRASS_GRAIN_FED'],3 Years,"[{'id': '5d2291df-d8ee-41bd-b6d9-8f807ec6dcdf', 'image': 'https://uploads-master.aws.bengalmeat.com/media/cattle-image/2025/BLF_4766_2.jpg'}, {'id': 'eeb440be-a8f9-428f-b8fe-9adc07d03215', 'image': 'https://uploads-master.aws.bengalmeat.com/media/cattle-image/2025/BLF_4766_3.jpg'}, {'id': '64354646-bfb3-4d07-b1a8-e576450756c7', 'image': 'https://uploads-master.aws.bengalmeat.com/media/cattle-image/2025/BLF_4766_4.jpg'}]",0.0,6 Months,6,0,42.5,dAZQtvseH7Y,220.0,143000.00,False,True,True,True,True,MINIMUM,https://uploads-master.aws.bengalmeat.com/media/cattle-thumbnail/2025/BLF_4766_1.jpg,2025-04-29T15:49:25.228608+06:00,AVAILABLE
da27a117-5e6d-4a7a-9bea-0e06b50fcc1e,BLF 4772,COW,MALE_BULL,NON_RED,LOCAL,['GRASS_GRAIN_FED'],2 Years,"[{'id': '77e49b52-4403-48c7-a9b3-5d93e179e4a8', 'image': 'https://uploads-master.aws.bengalmeat.com/media/cattle-image/2025/BLF_4772_2.jpg'}, {'id': 'b2f2f053-c65f-414e-b3f3-ae8819bb6ef0', 'image': 'https://uploads-master.aws.bengalmeat.com/media/cattle-image/2025/BLF_4772_3.jpg'}, {'id': 'ea2dadb3-380c-4e05-ba84-9b6dffb92891', 'image': 'https://uploads-master.aws.bengalmeat.com/media/cattle-image/2025/BLF_4772_4.jpg'}]",0.0,6 Months,2,0,39.6,k52yY0cO7h0,214.0,139000.00,False,True,True,True,True,MINIMUM,https://uploads-master.aws.bengalmeat.com/media/cattle-thumbnail/2025/BLF_4772_1.jpg,2025-04-29T16:34:56.120175+06:00,AVAILABLE
f02069fb-3afa-431c-8c96-be419f7f6081,BLF 4773,COW,MALE_BULL,NON_RED,LOCAL,['GRASS_GRAIN_FED'],2 Years,"[{'id': '509a3e57-b748-47f8-95e9-a60ae00d1d67', 'image': 'https://uploads-master.aws.bengalmeat.com/media/cattle-image/2025/BLF_4773_2.jpg'}, {'id': '9234f642-30cb-46fc-9cab-0a0f8441fafe', 'image': 'https://uploads-master.aws.bengalmeat.com/media/cattle-image/2025/BLF_4773_3.jpg'}, {'id': '53ed1a8a-e609-478f-87a4-c64b2deee062', 'image': 'https://uploads-master.aws.bengalmeat.com/media/cattle-image/2025/BLF_4773_4.jpg'}]",0.0,6 Months,2,0,40.3,5P6p6VTC3E4,213.0,139000.00,False,True,True,True,True,MINIMUM,https://uploads-master.aws.bengalmeat.com/media/cattle-thumbnail/2025/BLF_4773_1.jpg,2025-04-29T16:36:12.435252+06:00,AVAILABLE
cea9be42-0e6f-4b1c-9288-c9e8e9759d9d,BLF 4767,COW,MALE_BULL,RED,LOCAL,['GRASS_GRAIN_FED'],2 Years,"[{'id': '86494df6-2ed7-43cb-be82-b933467be041', 'image': 'https://uploads-master.aws.bengalmeat.com/media/cattle-image/2025/BLF_4767_2.jpg'}, {'id': 'b6825bda-8b19-4f21-a741-d52693e2f555', 'image': 'https://uploads-master.aws.bengalmeat.com/media/cattle-image/2025/BLF_4767_3.jpg'}, {'id': '8938180f-5809-4624-9202-2d4082f74363', 'image': 'https://uploads-master.aws.bengalmeat.com/media/cattle-image/2025/BLF_4767_4.jpg'}]",0.0,6 Months,2,0,44.4,uzz1wWKMnAc,301.0,194000.00,False,True,True,True,True,MINIMUM,https://uploads-master.aws.bengalmeat.com/media/cattle-thumbnail/2025/BLF_4767_1.jpg,2025-04-29T15:50:34.722031+06:00,AVAILABLE
6db183da-938d-494e-a04b-e23153f8ed5f,BLF 4798,COW,MALE_BULL,RED,LOCAL,['GRASS_GRAIN_FED'],2.5 Years,"[{'id': 'a79940d8-3437-41c8-96df-03a8cf20c2d2', 'image': 'https://uploads-master.aws.bengalmeat.com/media/cattle-image/2025/BLF_4798_2.jpg'}, {'id': '014a4fb5-300b-435e-b838-b9d2ec59b901', 'image': 'https://uploads-master.aws.bengalmeat.com/media/cattle-image/2025/BLF_4798_3.jpg'}, {'id': '0dc10aa9-b2f2-4730-b00a-7b112d2416ce', 'image': 'https://uploads-master.aws.bengalmeat.com/media/cattle-image/2025/BLF_4798_4.jpg'}]",0.0,6 Months,4,0,52.3,jdyVrfllR1E,500.0,320000.00,False,True,True,True,True,LARGE,https://uploads-master.aws.bengalmeat.com/media/cattle-thumbnail/2025/BLF_4798_1.jpg,2025-04-24T16:41:30.791434+06:00,AVAILABLE
02ab6d21-ebb6-4c4f-8733-abe52bf0880b,BLF 4607,COW,MALE_BULL,RED,LOCAL,['GRASS_GRAIN_FED'],2.5 Years,"[{'id': 'bc8cf2e6-8523-4cf7-99ad-c94c8b7c775d', 'image': 'https://uploads-master.aws.bengalmeat.com/media/cattle-image/2025/BLF_4607_2_CGXNr8e.jpg'}, {'id': '64613599-92fe-4f3a-a4f3-5f237f4ebde0', 'image': 'https://uploads-master.aws.bengalmeat.com/media/cattle-image/2025/BLF_4607_3_nPWSH8b.jpg'}, {'id': 'd7c8b0bd-4a6e-4797-99e3-04d7ab933893', 'image': 'https://uploads-master.aws.bengalmeat.com/media/cattle-image/2025/BLF_4607_2_To8HCb2.jpg'}]",0.0,6 Months,4,0,42.4,csqFf9PIx8E,254.0,163000.00,False,True,True,True,True,MINIMUM,https://uploads-master.aws.bengalmeat.com/media/cattle-thumbnail/2025/BLF_4607_1_N9AjtV5.jpg,2025-04-23T14:31:57.961136+06:00,AVAILABLE
24c012be-a77c-4a37-81d9-50eccc370c2f,BLF 4613,COW,MALE_BULL,RED,LOCAL,['GRASS_GRAIN_FED'],2 Years,"[{'id': '50cd202b-4d39-477d-8de7-e3210586b970', 'image': 'https://uploads-master.aws.bengalmeat.com/media/cattle-image/2025/BLF_4613_2_jlaTHR4.jpg'}, {'id': 'aa3a7d94-9147-4bae-b445-3a7e17287a0b', 'image': 'https://uploads-master.aws.bengalmeat.com/media/cattle-image/2025/BLF_4613_3_Lwy0TJ4.jpg'}, {'id': '630ff802-f4bc-40fa-bb2c-411170268645', 'image': 'https://uploads-master.aws.bengalmeat.com/media/cattle-image/2025/BLF_4613.jpg'}]",0.0,6 Months,2,0,42.0,rOiNPfDvqew,254.0,162000.00,False,True,True,True,True,MINIMUM,https://uploads-master.aws.bengalmeat.com/media/cattle-thumbnail/2025/BLF_4613_1_JO7RzIN.jpg,2025-04-23T14:41:44.174358+06:00,AVAILABLE
341cfa7e-dc34-4d60-ba6b-b94d9f48c0de,BLF 4820,COW,MALE_BULL,RED,LOCAL,['GRASS_GRAIN_FED'],2 Years,"[{'id': 'aebe641d-9751-4556-ae6a-86918d33a404', 'image': 'https://uploads-master.aws.bengalmeat.com/media/cattle-image/2025/BLF_4820_2.jpg'}, {'id': 'efc0be92-9db6-4dbb-b62b-26daf29ca2aa', 'image': 'https://uploads-master.aws.bengalmeat.com/media/cattle-image/2025/BLF_4820_3.jpg'}, {'id': 'f4ab0159-74f5-4804-92f8-44f7e90b1fb0', 'image': 'https://uploads-master.aws.bengalmeat.com/media/cattle-image/2025/BLF_4820_4.jpg'}]",0.0,6 Months,2,0,37.5,LCFtRt5yj68,163.0,108000.00,False,True,True,True,True,MINIMUM,https://uploads-master.aws.bengalmeat.com/media/cattle-thumbnail/2025/BLF_4820_1.jpg,2025-05-13T12:25:16.427472+06:00,ORDERED
89a3ffe9-0b58-4f7b-8f30-ee288edc113d,BLF 4834,COW,MALE_BULL,NON_RED,LOCAL,['GRASS_GRAIN_FED'],3 Years,"[{'id': '82de8368-3d54-4fb9-a291-9be8262a20e6', 'image': 'https://uploads-master.aws.bengalmeat.com/media/cattle-image/2025/BLF_4834_2.jpg'}, {'id': '9092ecd8-82ba-41da-bee1-ce84943dc49b', 'image': 'https://uploads-master.aws.bengalmeat.com/media/cattle-image/2025/BLF_4834_3.jpg'}, {'id': '469906e5-6104-492e-8348-071013288c80', 'image': 'https://uploads-master.aws.bengalmeat.com/media/cattle-image/2025/BLF_4834_4.jpg'}]",0.0,6 Months,6,0,35.6,dGy2yIvfXGY,179.0,117000.00,False,True,True,True,True,MINIMUM,https://uploads-master.aws.bengalmeat.com/media/cattle-thumbnail/2025/BLF_4834_1.jpg,2025-05-07T16:41:59.917138+06:00,ORDERED
6b0683fc-b243-4163-8326-ad8d9dd7e8a2,BLF 4808,COW,MALE_BULL,RED,LOCAL,['GRASS_GRAIN_FED'],2 Years,"[{'id': '483c0aeb-033a-4095-beae-93e3ef1c38f8', 'image': 'https://uploads-master.aws.bengalmeat.com/media/cattle-image/2025/BLF_4808_2.jpg'}, {'id': '340821ca-eccd-4756-8a9c-df2bc233ac53', 'image': 'https://uploads-master.aws.bengalmeat.com/media/cattle-image/2025/BLF_4808_3.jpg'}, {'id': '013e72c0-4c6e-4bf9-9b0d-56446953aafd', 'image': 'https://uploads-master.aws.bengalmeat.com/media/cattle-image/2025/BLF_4808_4.jpg'}]",0.0,6 Months,2,0,44.3,Y4P9AMHElpg,300.0,189000.00,False,True,True,True,True,MINIMUM,https://uploads-master.aws.bengalmeat.com/media/cattle-thumbnail/2025/BLF_4808_1.jpg,2025-04-30T08:33:00.614115+06:00,AVAILABLE
87012050-9677-4d4d-ac5a-54f5f28545d0,BLF 4853,COW,MALE_BULL,RED,LOCAL,['GRASS_FED_GRASS_FINISHED'],2 Years,"[{'id': 'ade7dfee-077b-4fbd-93ff-d1444cbdda70', 'image': 'https://uploads-master.aws.bengalmeat.com/media/cattle-image/2025/BLF_4853_2_9OnIpws.jpg'}, {'id': '977cb0e7-2cbb-44d4-a06c-23ac3a7561d8', 'image': 'https://uploads-master.aws.bengalmeat.com/media/cattle-image/2025/BLF_4853_3_u0ArFgW.jpg'}, {'id': '59016974-9ec7-41da-be32-6195d4c02b3f', 'image': 'https://uploads-master.aws.bengalmeat.com/media/cattle-image/2025/BLF_4853_4_UjGEm1C.jpg'}]",0.0,12 Months,2,0,45.5,PhuwtCNFc_o,313.0,198000.00,False,True,True,True,True,MEDIUM,https://uploads-master.aws.bengalmeat.com/media/cattle-thumbnail/2025/BLF_4853_1_tW7X51F.jpg,2025-05-14T15:56:28.823260+06:00,AVAILABLE
7435de25-0fed-463e-a926-153043962727,BLF 4847,COW,MALE_BULL,NON_RED,LOCAL,['GRASS_GRAIN_FED'],2 Years,"[{'id': '2c0f95c9-7a6d-46fd-9a10-9e99b7d0a187', 'image': 'https://uploads-master.aws.bengalmeat.com/media/cattle-image/2025/BLF_4847_2.jpg'}, {'id': 'ba27e794-898b-4047-946a-6e53c59c5dea', 'image': 'https://uploads-master.aws.bengalmeat.com/media/cattle-image/2025/BLF_4847_3.jpg'}, {'id': '51a92443-7f22-43c2-94d1-1183d44aea09', 'image': 'https://uploads-master.aws.bengalmeat.com/media/cattle-image/2025/BLF_4847_4.jpg'}]",0.0,6 Months,2,0,42.0,yLCU8eas4oM,236.0,151000.00,False,True,True,True,True,MINIMUM,https://uploads-master.aws.bengalmeat.com/media/cattle-thumbnail/2025/BLF_4847_1.jpg,2025-05-05T15:18:38.976423+06:00,AVAILABLE
f3b98452-9f8a-4fdf-a6f2-fd570a7055f2,BLF 4648,COW,MALE_BULL,NON_RED,LOCAL,['GRASS_GRAIN_FED'],2 Years,"[{'id': '377ac318-23b8-435c-869f-a019527cfd46', 'image': 'https://uploads-master.aws.bengalmeat.com/media/cattle-image/2025/BLF_4648_2.jpg'}, {'id': '03568467-78ee-4a08-b27a-9ed61f1ce915', 'image': 'https://uploads-master.aws.bengalmeat.com/media/cattle-image/2025/BLF_4648_3.jpg'}, {'id': '9b465422-dd83-43f6-a8f8-1e65d48d3892', 'image': 'https://uploads-master.aws.bengalmeat.com/media/cattle-image/2025/BLF_4648_4.jpg'}]",0.0,6 Months,2,0,39.1,OO9ABJuNJPg,216.0,141000.00,False,True,True,True,True,MINIMUM,https://uploads-master.aws.bengalmeat.com/media/cattle-thumbnail/2025/BLF_4648_1.jpg,2025-04-23T16:35:22.920248+06:00,AVAILABLE
28c5f6a6-c6d5-41c4-bcaf-75746197e447,BLF 4890,COW,MALE_BULL,RED,LOCAL,['GRASS_GRAIN_FED'],2 Years,"[{'id': 'b4d7c613-86a0-4ad3-ba3c-096e66902afd', 'image': 'https://uploads-master.aws.bengalmeat.com/media/cattle-image/2025/BLF_4890_2.jpg'}, {'id': '2568741d-d0cd-408c-b887-53b082a76002', 'image': 'https://uploads-master.aws.bengalmeat.com/media/cattle-image/2025/BLF_4890_3.jpg'}, {'id': 'b4a62922-f8dc-44df-9196-8195553f2a67', 'image': 'https://uploads-master.aws.bengalmeat.com/media/cattle-image/2025/BLF_4890_4.jpg'}]",0.0,6 Months,2,0,46.8,lgxHVPu0ljc,345.0,218000.00,False,True,True,True,True,MEDIUM,https://uploads-master.aws.bengalmeat.com/media/cattle-thumbnail/2025/BLF_4890_1.jpg,2025-05-06T08:58:50.565787+06:00,AVAILABLE
6b24deb4-412f-4db7-9297-8d300b90a817,BLF 4884,COW,MALE_BULL,NON_RED,LOCAL,['GRASS_GRAIN_FED'],2 Years,"[{'id': '018610a8-58ba-4044-9442-97df70aca4f1', 'image': 'https://uploads-master.aws.bengalmeat.com/media/cattle-image/2025/BLF_4884_2.jpg'}, {'id': '782de704-27bc-43a1-b2a2-5d0072f82aa9', 'image': 'https://uploads-master.aws.bengalmeat.com/media/cattle-image/2025/BLF_4884_3.jpg'}, {'id': 'ce217702-e3dd-44d6-9da9-c34c47cbd277', 'image': 'https://uploads-master.aws.bengalmeat.com/media/cattle-image/2025/BLF_4884_4.jpg'}]",0.0,6 Months,2,0,45.11,x0DUPOYunj0,290.0,183000.00,False,True,True,True,True,MEDIUM,https://uploads-master.aws.bengalmeat.com/media/cattle-thumbnail/2025/BLF_4884_1.jpg,2025-05-04T16:23:18.184663+06:00,AVAILABLE
42c3ce36-0bd7-4185-92f6-2dca593784f5,BLF 4674,COW,MALE_BULL,NON_RED,LOCAL,['GRASS_GRAIN_FED'],2 Years,"[{'id': '6491d3cc-e249-4b04-b64b-e5f76a49a05c', 'image': 'https://uploads-master.aws.bengalmeat.com/media/cattle-image/2025/BLF_4674_2.jpg'}, {'id': 'a3571a83-2ce3-4569-a25c-067572e53d67', 'image': 'https://uploads-master.aws.bengalmeat.com/media/cattle-image/2025/BLF_4674_3.jpg'}, {'id': 'a14dc6f9-d780-4e68-9001-d04665056fd7', 'image': 'https://uploads-master.aws.bengalmeat.com/media/cattle-image/2025/BLF_4674_4.jpg'}]",0.0,6 Months,2,0,41.0,oAWKwRVNoCA,219.0,143000.00,False,True,True,True,True,MINIMUM,https://uploads-master.aws.bengalmeat.com/media/cattle-thumbnail/2025/BLF_4674_1.jpg,2025-04-24T10:33:35.426612+06:00,ORDERED
a7709963-5709-4ece-9fd6-41de111791e4,BLF 4660,COW,MALE_BULL,RED,LOCAL,['GRASS_GRAIN_FED'],2 Years,"[{'id': '239db6a0-b97c-47bf-8b74-7b2ac83da93a', 'image': 'https://uploads-master.aws.bengalmeat.com/media/cattle-image/2025/BLF_4660_2_nhvEarm.jpg'}, {'id': '99dfd119-6400-43a0-9977-e672af135707', 'image': 'https://uploads-master.aws.bengalmeat.com/media/cattle-image/2025/BLF_4660_3_CqfqWkm.jpg'}, {'id': 'f43db995-77ab-410a-90fc-b73133ceb108', 'image': 'https://uploads-master.aws.bengalmeat.com/media/cattle-image/2025/BLF_4660_4_qQpzoIH.jpg'}]",0.0,6 Months,2,0,39.1,lwENEi3u7xw,223.0,147000.00,False,True,True,True,True,MINIMUM,https://uploads-master.aws.bengalmeat.com/media/cattle-thumbnail/2025/BLF_4660_1.jpg,2025-04-24T08:20:40.106944+06:00,AVAILABLE
f4a61453-4f34-4992-a457-bdbedcca9398,BLF 4927,COW,MALE_BULL,NON_RED,LOCAL,['GRASS_GRAIN_FED'],2 Years,"[{'id': 'b5af2135-0417-4865-8a3d-f5c1addc6a11', 'image': 'https://uploads-master.aws.bengalmeat.com/media/cattle-image/2025/BLF_4927_2.jpg'}, {'id': 'daf8540f-cef9-4216-8e34-5610057e6875', 'image': 'https://uploads-master.aws.bengalmeat.com/media/cattle-image/2025/BLF_4927_3.jpg'}, {'id': 'c2438c25-f4c2-4d5f-9048-06bf527ab33b', 'image': 'https://uploads-master.aws.bengalmeat.com/media/cattle-image/2025/BLF_4927_4.jpg'}]",0.0,6 Months,2,0,42.8,uy60GGURYo4,210.0,138000.00,False,True,True,True,True,MINIMUM,https://uploads-master.aws.bengalmeat.com/media/cattle-thumbnail/2025/BLF_4927_1.jpg,2025-05-12T16:29:27.686435+06:00,AVAILABLE
a21cedb1-35ec-4e63-987c-4b2c90eafdc8,BLF 4933,COW,MALE_BULL,NON_RED,HOSTINE_CROSS,['GRASS_GRAIN_FED'],3 Years,"[{'id': 'd295ad7e-565e-4296-a0c8-09e475af4367', 'image': 'https://uploads-master.aws.bengalmeat.com/media/cattle-image/2025/BLF_4933_2.jpg'}, {'id': 'a8b1890e-33f3-45e4-ab13-b4db95a5d837', 'image': 'https://uploads-master.aws.bengalmeat.com/media/cattle-image/2025/BLF_4933_3.jpg'}, {'id': '707cfcbd-4eb9-4975-b869-0709458bca53', 'image': 'https://uploads-master.aws.bengalmeat.com/media/cattle-image/2025/BLF_4933_4.jpg'}]",0.0,3 Months,6,0,58.8,swi9KTFrja0,471.0,287000.00,True,True,True,True,True,EXTRA_LARGE,https://uploads-master.aws.bengalmeat.com/media/cattle-thumbnail/2025/BLF_4933_1.jpg,2025-05-13T14:38:14.402334+06:00,AVAILABLE
7cddfd50-62f0-4223-a2b2-11e07690d088,BLF 4728,COW,MALE_BULL,NON_RED,LOCAL,['GRASS_GRAIN_FED'],2 Years,"[{'id': 'b23dc59d-ffec-4854-b8b6-d0b8e0631f15', 'image': 'https://uploads-master.aws.bengalmeat.com/media/cattle-image/2025/BLF_4728_2.jpg'}, {'id': '0a1b1a29-e152-47da-843c-66865d5f6eeb', 'image': 'https://uploads-master.aws.bengalmeat.com/media/cattle-image/2025/BLF_4728_3.jpg'}, {'id': '8099b639-333e-4a0c-b157-f265496e1cad', 'image': 'https://uploads-master.aws.bengalmeat.com/media/cattle-image/2025/BLF_4728_4.jpg'}]",0.0,6 Months,2,0,42.0,6YkNbPFY9wc,242.0,156000.00,False,True,True,True,True,MINIMUM,https://uploads-master.aws.bengalmeat.com/media/cattle-thumbnail/2025/BLF_4728_1.jpg,2025-05-07T09:38:47.926073+06:00,ORDERED
d846160c-bcc9-4960-9a38-50b567de59d3,BLF 4700,COW,MALE_BULL,NON_RED,LOCAL,['GRASS_GRAIN_FED'],2.5 Years,"[{'id': '7d92f60d-2847-4d1b-a1b5-e79cd7b65dba', 'image': 'https://uploads-master.aws.bengalmeat.com/media/cattle-image/2025/BLF_4700_2.jpg'}, {'id': '460d56d8-6f63-4e07-81bd-9c05dbee36c8', 'image': 'https://uploads-master.aws.bengalmeat.com/media/cattle-image/2025/BLF_4700_3.jpg'}, {'id': '6d30af22-dbd9-4475-9c8a-428dde7b1941', 'image': 'https://uploads-master.aws.bengalmeat.com/media/cattle-image/2025/BLF_4700_4.jpg'}]",0.0,6 Months,4,0,40.0,TSWJ74D78CA,209.0,137000.00,False,True,True,True,True,MINIMUM,https://uploads-master.aws.bengalmeat.com/media/cattle-thumbnail/2025/BLF_4700_1.jpg,2025-04-24T14:56:21.480898+06:00,AVAILABLE
15599cda-8a0d-4f93-ad4a-8a7dc0601363,BLF 4714,COW,MALE_BULL,RED,LOCAL,['GRASS_FED_GRASS_FINISHED'],3 Years,"[{'id': '01b2b18a-efad-4b9f-8320-3ae355eee3da', 'image': 'https://uploads-master.aws.bengalmeat.com/media/cattle-image/2025/BLF_4714_2.jpg'}, {'id': '3e547564-c7d3-4a2b-9cee-9557b7ecebbc', 'image': 'https://uploads-master.aws.bengalmeat.com/media/cattle-image/2025/BLF_4714_3.jpg'}, {'id': 'e3cce961-d359-4e4a-b479-a86d128e0524', 'image': 'https://uploads-master.aws.bengalmeat.com/media/cattle-image/2025/BLF_4714_4.jpg'}]",0.0,6 Months,6,0,46.8,ZQw5qcsnq-8,477.0,308000.00,False,True,True,True,True,MEDIUM,https://uploads-master.aws.bengalmeat.com/media/cattle-thumbnail/2025/BLF_4714_1.jpg,2025-04-24T14:38:52.080093+06:00,AVAILABLE
905a0dec-fd7c-4559-81fb-17d28d5e6308,BLF 4715,COW,MALE_BULL,RED,LOCAL,['GRASS_FED_GRASS_FINISHED'],2.5 Years,"[{'id': '60a1d046-b8b8-4f4f-9abc-a8069702ebaa', 'image': 'https://uploads-master.aws.bengalmeat.com/media/cattle-image/2025/BLF_4715_2.jpg'}, {'id': 'afbacc97-6bcb-4f5a-9d5f-cd08934b070b', 'image': 'https://uploads-master.aws.bengalmeat.com/media/cattle-image/2025/BLF_4715_3.jpg'}, {'id': '0b91ed40-ca45-4cce-9a7e-49ef71f13ec2', 'image': 'https://uploads-master.aws.bengalmeat.com/media/cattle-image/2025/BLF_4715_4.jpg'}]",0.0,6 Months,4,0,46.5,QdYoKEn3kg4,438.0,284000.00,False,True,True,True,True,MEDIUM,https://uploads-master.aws.bengalmeat.com/media/cattle-thumbnail/2025/BLF_4715.jpg,2025-04-24T14:40:05.579537+06:00,AVAILABLE
545059ed-517c-46ca-a504-f23d3c257b8f,BLF 4701,COW,MALE_BULL,NON_RED,LOCAL,['GRASS_GRAIN_FED'],2.5 Years,"[{'id': 'd7a99479-a1b9-4f34-b3b6-31567a721b43', 'image': 'https://uploads-master.aws.bengalmeat.com/media/cattle-image/2025/BLF_4701_2.jpg'}, {'id': 'd34417bf-ef63-493a-941f-6d24964531b7', 'image': 'https://uploads-master.aws.bengalmeat.com/media/cattle-image/2025/BLF_4701_3.jpg'}, {'id': '6453dfcf-ac0f-425d-b727-91f469ef0511', 'image': 'https://uploads-master.aws.bengalmeat.com/media/cattle-image/2025/BLF_4701_4.jpg'}]",0.0,6 Months,4,0,40.0,LQcttZsMihg,209.0,137000.00,False,True,True,True,True,MINIMUM,https://uploads-master.aws.bengalmeat.com/media/cattle-thumbnail/2025/BLF_4701_1.jpg,2025-04-24T14:57:54.076861+06:00,AVAILABLE
e2e9a3f5-bb8d-4a94-b42b-dcd7b8aa9815,BLF 4729,COW,MALE_BULL,RED,LOCAL,['GRASS_GRAIN_FED'],2.5 Years,"[{'id': '7aa03b8b-9a2d-40fb-8ff8-b8d8f420457f', 'image': 'https://uploads-master.aws.bengalmeat.com/media/cattle-image/2025/BLF_4729_2.jpg'}, {'id': '38892154-fa05-450e-9176-407260c45699', 'image': 'https://uploads-master.aws.bengalmeat.com/media/cattle-image/2025/BLF_4729_3.jpg'}, {'id': 'bb5dc206-95a3-44f8-9193-4f0b6fcc4c5c', 'image': 'https://uploads-master.aws.bengalmeat.com/media/cattle-image/2025/BLF_4729_4.jpg'}]",0.0,6 Months,4,0,41.5,0VjO4b10pyI,258.0,166000.00,False,True,True,True,True,MINIMUM,https://uploads-master.aws.bengalmeat.com/media/cattle-thumbnail/2025/BLF_4729_1.jpg,2025-04-29T12:32:25.679251+06:00,AVAILABLE
1c0747ec-319f-4adb-8564-0575c8338823,BLF 4932,COW,MALE_BULL,NON_RED,HOSTINE_CROSS,['GRASS_GRAIN_FED'],2 Years,"[{'id': '2da7d223-0615-41dc-bc4f-676f89850307', 'image': 'https://uploads-master.aws.bengalmeat.com/media/cattle-image/2025/BLF_4932_2.jpg'}, {'id': 'f1c9d75a-1f82-49dd-9e1f-9fc4b6441257', 'image': 'https://uploads-master.aws.bengalmeat.com/media/cattle-image/2025/BLF_4932_3.jpg'}, {'id': 'bf1d419a-2b77-42d0-89cd-be27364d6c03', 'image': 'https://uploads-master.aws.bengalmeat.com/media/cattle-image/2025/BLF_4932_4.jpg'}]",0.0,3 Months,2,0,52.0,Q7qE5-fvynA,378.0,233000.00,False,True,True,True,True,LARGE,https://uploads-master.aws.bengalmeat.com/media/cattle-thumbnail/2025/BLF_4932_1.jpg,2025-05-13T14:36:55.936952+06:00,AVAILABLE
c0b75843-3d62-4bc5-b923-c7a7117b771d,BLF 4926,COW,MALE_BULL,RED,LOCAL,['GRASS_GRAIN_FED'],2 Years,"[{'id': '4df1f4c2-4f91-45a3-8b29-be5e611bbfde', 'image': 'https://uploads-master.aws.bengalmeat.com/media/cattle-image/2025/BLF_4926_2.jpg'}, {'id': 'a6255caa-44fa-443b-a5e2-5c371998fb44', 'image': 'https://uploads-master.aws.bengalmeat.com/media/cattle-image/2025/BLF_4926_3.jpg'}, {'id': '1344c210-d7e7-46e8-a187-813faad135bd', 'image': 'https://uploads-master.aws.bengalmeat.com/media/cattle-image/2025/BLF_4926_4.jpg'}]",0.0,3 Months,2,0,41.6,JJmmQEBVdOs,218.0,142000.00,False,True,True,True,True,MINIMUM,https://uploads-master.aws.bengalmeat.com/media/cattle-thumbnail/2025/BLF_4926_1.jpg,2025-05-13T14:33:16.494569+06:00,AVAILABLE
e2f6f638-ce7b-4192-b3e4-ab719466ecdb,BLF 4661,COW,MALE_BULL,RED,LOCAL,['GRASS_GRAIN_FED'],2 Years,"[{'id': '0c839135-21fa-48b4-9e06-4c3d260fe75d', 'image': 'https://uploads-master.aws.bengalmeat.com/media/cattle-image/2025/BLF_4661_2_dUeBwES.jpg'}, {'id': '5c291b0c-14c3-490e-9cf7-53b0fa306e88', 'image': 'https://uploads-master.aws.bengalmeat.com/media/cattle-image/2025/BLF_4661_3_3wtY56k.jpg'}, {'id': '7582b356-90e4-44a5-9b00-cf0b8db02f40', 'image': 'https://uploads-master.aws.bengalmeat.com/media/cattle-image/2025/BLF_4661_4_yXjMQbO.jpg'}]",0.0,6 Months,2,0,39.4,aZva4sWdOKE,216.0,141000.00,False,True,True,True,True,MINIMUM,https://uploads-master.aws.bengalmeat.com/media/cattle-thumbnail/2025/BLF_4661_1_ptijDn6.jpg,2025-04-24T08:21:57.558801+06:00,AVAILABLE
c289602b-aaf7-4e6d-ab27-855c96e20fe0,BLF 4675,COW,MALE_BULL,NON_RED,LOCAL,['GRASS_GRAIN_FED'],2 Years,"[{'id': 'ae9ca068-9180-4257-bfec-a93c5980263a', 'image': 'https://uploads-master.aws.bengalmeat.com/media/cattle-image/2025/BLF_4675_2.jpg'}, {'id': '022b02d8-c76e-4459-849f-8ccb8371aa9e', 'image': 'https://uploads-master.aws.bengalmeat.com/media/cattle-image/2025/BLF_4675_3.jpg'}, {'id': '36e53b0a-7ecc-4814-b386-65e96ce7d99e', 'image': 'https://uploads-master.aws.bengalmeat.com/media/cattle-image/2025/BLF_4675_4.jpg'}]",0.0,6 Months,2,0,42.0,-IlxrNkvwls,222.0,145000.00,False,True,True,True,True,MINIMUM,https://uploads-master.aws.bengalmeat.com/media/cattle-thumbnail/2025/BLF_4675_1.jpg,2025-04-24T11:05:40.060517+06:00,AVAILABLE
ee8916e2-1475-4932-927b-7cb214f7b5f4,BLF 4885,COW,MALE_BULL,RED,LOCAL,['GRASS_GRAIN_FED'],2 Years,"[{'id': '8a5dee46-27a2-42bf-a052-f6a7d004c7a3', 'image': 'https://uploads-master.aws.bengalmeat.com/media/cattle-image/2025/BLF_4885_2.jpg'}, {'id': '09ab0cef-cb54-4559-94d4-63316f6c9760', 'image': 'https://uploads-master.aws.bengalmeat.com/media/cattle-image/2025/BLF_4885_3.jpg'}, {'id': 'c5f2a44b-3096-409d-ad2b-9946280d115e', 'image': 'https://uploads-master.aws.bengalmeat.com/media/cattle-image/2025/BLF_4885_4.jpg'}]",0.0,6 Months,2,0,45.5,-_IMMlqLM8M,309.0,198000.00,False,True,True,True,True,MEDIUM,https://uploads-master.aws.bengalmeat.com/media/cattle-thumbnail/2025/BLF_4885_1.jpg,2025-05-13T12:34:18.264003+06:00,AVAILABLE
58b62405-e9bd-4ba6-b867-524db75117f9,BLF 4891,COW,MALE_BULL,RED,LOCAL,['GRASS_GRAIN_FED'],2 Years,"[{'id': '97445c75-b0ec-4ea3-a492-296497153e06', 'image': 'https://uploads-master.aws.bengalmeat.com/media/cattle-image/2025/BLF_4891_2.jpg'}, {'id': '9ff18d75-e5db-4155-ae21-d09a03d1094e', 'image': 'https://uploads-master.aws.bengalmeat.com/media/cattle-image/2025/BLF_4891_3.jpg'}, {'id': '1e819066-a602-4b54-b909-baf0de7f6ebb', 'image': 'https://uploads-master.aws.bengalmeat.com/media/cattle-image/2025/BLF_4891_4.jpg'}]",0.0,6 Months,2,0,45.6,KZWnrbMabzw,310.0,197000.00,False,True,True,True,True,MEDIUM,https://uploads-master.aws.bengalmeat.com/media/cattle-thumbnail/2025/BLF_4891_1.jpg,2025-05-06T09:00:40.908950+06:00,AVAILABLE
26af4af4-6c1a-439b-8684-5ac7d40773dd,BLF 4649,COW,MALE_BULL,NON_RED,LOCAL,['GRASS_GRAIN_FED'],2 Years,"[{'id': 'ce29ae3c-e44d-433d-a27c-f7d33a0cdabc', 'image': 'https://uploads-master.aws.bengalmeat.com/media/cattle-image/2025/BLF_4649_2.jpg'}, {'id': '7ced2fce-00dc-4740-9ae5-24cd9a4f1f3d', 'image': 'https://uploads-master.aws.bengalmeat.com/media/cattle-image/2025/BLF_4649_3.jpg'}, {'id': 'c1baa3ba-ca00-4274-908d-1db4d223c5b0', 'image': 'https://uploads-master.aws.bengalmeat.com/media/cattle-image/2025/BLF_4649.jpg'}]",0.0,6 Months,2,0,40.6,iQRIQSvZ-_g,238.0,153000.00,False,True,True,True,True,MINIMUM,https://uploads-master.aws.bengalmeat.com/media/cattle-thumbnail/2025/BLF_4649_1.jpg,2025-04-23T16:36:33.884776+06:00,AVAILABLE
4717aa02-4b70-45a4-a7ca-5694b9977328,BLF 4846,COW,MALE_BULL,NON_RED,HOSTINE_CROSS,['GRASS_GRAIN_FED'],2.5 Years,"[{'id': '7625005e-c0d3-458d-a935-732a6d0e3658', 'image': 'https://uploads-master.aws.bengalmeat.com/media/cattle-image/2025/BLF_4846_2.jpg'}, {'id': 'db773f95-802d-4284-9025-e865911177a7', 'image': 'https://uploads-master.aws.bengalmeat.com/media/cattle-image/2025/BLF_4846_3.jpg'}, {'id': '5c8646a1-5f65-4fa9-98f3-3f5cbb015e0b', 'image': 'https://uploads-master.aws.bengalmeat.com/media/cattle-image/2025/BLF_4846_4.jpg'}]",0.0,6 Months,4,0,49.6,cBOZ-2BVkgo,395.0,246000.00,False,True,True,True,True,MEDIUM,https://uploads-master.aws.bengalmeat.com/media/cattle-thumbnail/2025/BLF_4846_1.jpg,2025-05-04T16:16:16.321911+06:00,AVAILABLE
588fdf1b-9aeb-47c7-9845-f59fff9370b0,BLF 4852,COW,MALE_BULL,RED,LOCAL,['GRASS_FED_GRASS_FINISHED'],2 Years,"[{'id': 'fe0bc1bd-549e-48c1-8e9c-8124068ab3a1', 'image': 'https://uploads-master.aws.bengalmeat.com/media/cattle-image/2025/BLF_4852_2_DsD7VIj.jpg'}, {'id': '1d68b118-d751-4c1e-9c08-0dfa303349e7', 'image': 'https://uploads-master.aws.bengalmeat.com/media/cattle-image/2025/BLF_4852_3_I8fX11T.jpg'}, {'id': '99865f30-f9d1-4432-a39c-79c696cec48d', 'image': 'https://uploads-master.aws.bengalmeat.com/media/cattle-image/2025/BLF_4852_4_YoqcHCH.jpg'}]",0.0,12 Months,2,0,48.8,ROT-yohR1-U,333.0,211000.00,False,True,True,True,True,MEDIUM,https://uploads-master.aws.bengalmeat.com/media/cattle-thumbnail/2025/BLF_4852_1_g52KKC4.jpg,2025-05-14T15:55:22.668220+06:00,AVAILABLE
d1e30167-1c43-43bb-b1fe-3921b5dd864c,BLF 4844,COW,MALE_BULL,CROSS_RED,LOCAL,['GRASS_GRAIN_FED'],2 Years,"[{'id': '77f5dbbe-d211-4363-b57b-ec6d5f297209', 'image': 'https://uploads-master.aws.bengalmeat.com/media/cattle-image/2025/BLF_4844_2.jpg'}, {'id': '3ee25bcd-f5e5-42d9-bec8-1e33772c673e', 'image': 'https://uploads-master.aws.bengalmeat.com/media/cattle-image/2025/BLF_4844_3.jpg'}, {'id': 'fcf767de-fb91-4da2-bfa6-3f511d2b6e50', 'image': 'https://uploads-master.aws.bengalmeat.com/media/cattle-image/2025/BLF_4844_4.jpg'}]",0.0,6 Months,2,0,39.1,F1AGmrEQ2uc,220.0,142000.00,False,True,True,True,True,MINIMUM,https://uploads-master.aws.bengalmeat.com/media/cattle-thumbnail/2025/BLF_4844_1.jpg,2025-05-11T15:57:46.554236+06:00,AVAILABLE
aabb271f-979b-448d-9063-a0c882dc3bd8,BLF 4850,COW,MALE_BULL,RED,HOSTINE_CROSS,['GRASS_GRAIN_FED'],2 Years,"[{'id': '2c43eec0-949f-407d-95b4-d29af42da491', 'image': 'https://uploads-master.aws.bengalmeat.com/media/cattle-image/2025/BLF_4850_2.jpg'}, {'id': '0bd18ce9-c96e-430f-8391-4e40dfc090f7', 'image': 'https://uploads-master.aws.bengalmeat.com/media/cattle-image/2025/BLF_4850_3.jpg'}, {'id': '2db0e830-340d-41ec-b103-e21c867c32e6', 'image': 'https://uploads-master.aws.bengalmeat.com/media/cattle-image/2025/BLF_4850_4.jpg'}]",0.0,6 Months,2,0,47.1,OtrA4AAFj-8,316.0,199000.00,False,True,True,True,True,MEDIUM,https://uploads-master.aws.bengalmeat.com/media/cattle-thumbnail/2025/BLF_4850_1.jpg,2025-05-01T15:37:48.510049+06:00,AVAILABLE
51c2e117-8952-4125-a44a-16748125f67b,BLF 4688,COW,MALE_BULL,RED,LOCAL,['GRASS_GRAIN_FED'],2 Years,"[{'id': '6e0f7f53-6318-4dcd-bd37-900c94f85c3b', 'image': 'https://uploads-master.aws.bengalmeat.com/media/cattle-image/2025/BLF_4688_2.jpg'}, {'id': '4ca38dab-f2d2-4409-a9b6-5bfad69ddc20', 'image': 'https://uploads-master.aws.bengalmeat.com/media/cattle-image/2025/BLF_4688_3.jpg'}, {'id': '3f8385a1-ea0b-43b9-a437-efd64e37fc06', 'image': 'https://uploads-master.aws.bengalmeat.com/media/cattle-image/2025/BLF_4688_4.jpg'}]",0.0,6 Months,2,0,44.0,VgQQkZOxJV4,251.0,161000.00,False,True,True,True,True,MINIMUM,https://uploads-master.aws.bengalmeat.com/media/cattle-thumbnail/2025/BLF_4688_1.jpg,2025-04-24T11:50:33.111986+06:00,AVAILABLE
d710df5b-b556-416d-a667-7d2c4a67cd35,BLF 4878,COW,MALE_BULL,NON_RED,LOCAL,['GRASS_GRAIN_FED'],2 Years,"[{'id': '7652141c-8d8e-4cde-b0a2-d99accdf8437', 'image': 'https://uploads-master.aws.bengalmeat.com/media/cattle-image/2025/BLF_4878_2.jpg'}, {'id': '95cfb63d-a9b6-4855-a7e8-cbffcf53c8e5', 'image': 'https://uploads-master.aws.bengalmeat.com/media/cattle-image/2025/BLF_4878_3.jpg'}, {'id': 'f1ff06c3-c12b-48e3-ab21-58dfa6ff7ba3', 'image': 'https://uploads-master.aws.bengalmeat.com/media/cattle-image/2025/BLF_4878_4.jpg'}]",0.0,6 Months,2,0,38.8,AlnqqtQ6D94,156.0,103000.00,False,True,True,True,True,MINIMUM,https://uploads-master.aws.bengalmeat.com/media/cattle-thumbnail/2025/BLF_4878_1.jpg,2025-05-12T15:42:20.254415+06:00,ORDERED
467a1481-b17f-4ecc-ba63-eb4cdfb01774,BLF 4887,COW,MALE_BULL,RED,LOCAL,['GRASS_GRAIN_FED'],2 Years,"[{'id': 'cdfd4086-05f1-46ac-bad6-ea6fa93d26a7', 'image': 'https://uploads-master.aws.bengalmeat.com/media/cattle-image/2025/BLF_4887_2.jpg'}, {'id': '123fa5d8-5bb2-4d39-ab44-48e6a8a8bcfd', 'image': 'https://uploads-master.aws.bengalmeat.com/media/cattle-image/2025/BLF_4887_3.jpg'}, {'id': '3927ff50-23f1-457f-b59c-57948ba8574b', 'image': 'https://uploads-master.aws.bengalmeat.com/media/cattle-image/2025/BLF_4887_4.jpg'}]",0.0,6 Months,2,0,45.6,NBtYh8Fmx6E,314.0,199000.00,False,True,True,True,True,MEDIUM,https://uploads-master.aws.bengalmeat.com/media/cattle-thumbnail/2025/BLF_4887_1.jpg,2025-05-12T15:56:01.644752+06:00,AVAILABLE
1a425866-ff76-49b0-a41b-a468fae0348e,BLF 4893,COW,MALE_BULL,RED,LOCAL,['GRASS_GRAIN_FED'],2 Years,"[{'id': '59cf16a1-ec08-4bab-8349-6f871c0f8087', 'image': 'https://uploads-master.aws.bengalmeat.com/media/cattle-image/2025/BLF_4893_2.jpg'}, {'id': '6e75c9b2-183d-4c07-979c-618e32371917', 'image': 'https://uploads-master.aws.bengalmeat.com/media/cattle-image/2025/BLF_4893_3.jpg'}, {'id': '47464bd5-8df9-40d5-a715-37a739eb317d', 'image': 'https://uploads-master.aws.bengalmeat.com/media/cattle-image/2025/BLF_4893_4.jpg'}]",0.0,6 Months,2,0,42.8,KKoxP5CJHpA,206.0,135000.00,False,True,True,True,True,MINIMUM,https://uploads-master.aws.bengalmeat.com/media/cattle-thumbnail/2025/BLF_4893_1.jpg,2025-05-12T15:57:19.560929+06:00,AVAILABLE
4303e222-d9b6-4285-a534-2ad25e5d97a5,BLF 4663,COW,MALE_BULL,RED,LOCAL,['GRASS_GRAIN_FED'],2 Years,"[{'id': '8eb8ab27-1400-4538-bfb3-f14d7382f338', 'image': 'https://uploads-master.aws.bengalmeat.com/media/cattle-image/2025/BLF_4663_2.jpg'}, {'id': '8e1614ac-0cd3-42fd-98ab-6ba42bad00df', 'image': 'https://uploads-master.aws.bengalmeat.com/media/cattle-image/2025/BLF_4663_3.jpg'}, {'id': 'c708fa31-2c38-4398-b571-57246830177c', 'image': 'https://uploads-master.aws.bengalmeat.com/media/cattle-image/2025/BLF_4663_4.jpg'}]",0.0,6 Months,2,0,41.4,iqBU7g1oFQo,242.0,157000.00,False,True,True,True,True,MINIMUM,https://uploads-master.aws.bengalmeat.com/media/cattle-thumbnail/2025/BLF_4663_1.jpg,2025-04-24T08:24:27.854067+06:00,AVAILABLE
800320dc-bc04-480b-922e-f7e5bff8674b,BLF 4677,COW,MALE_BULL,RED,SAHIWAL,['GRASS_GRAIN_FED'],2 Years,"[{'id': 'b9c85e97-f739-4205-963a-0763c5939072', 'image': 'https://uploads-master.aws.bengalmeat.com/media/cattle-image/2025/BLF_4677_2.jpg'}, {'id': '7da0f53a-9eb1-462c-96ae-10e0e9736d74', 'image': 'https://uploads-master.aws.bengalmeat.com/media/cattle-image/2025/BLF_4677_3.jpg'}, {'id': '5b68e6f5-7327-4679-b108-34802968012d', 'image': 'https://uploads-master.aws.bengalmeat.com/media/cattle-image/2025/BLF_4677_4.jpg'}]",0.0,6 Months,2,0,40.11,HAWukkcIx4g,243.0,156000.00,False,True,True,True,True,MINIMUM,https://uploads-master.aws.bengalmeat.com/media/cattle-thumbnail/2025/BLF_4677_1.jpg,2025-04-24T11:20:42.208493+06:00,AVAILABLE
915cd8bf-4a44-4449-87ee-4d7f08c4efc5,BLF 4930,COW,MALE_BULL,NON_RED,LOCAL,['GRASS_GRAIN_FED'],2 Years,"[{'id': 'b7a32d59-b19f-4e72-87b4-e43d727760bb', 'image': 'https://uploads-master.aws.bengalmeat.com/media/cattle-image/2025/BLF_4930_2.jpg'}, {'id': 'a0337a30-8dd1-4e34-abf8-e600a9b0379a', 'image': 'https://uploads-master.aws.bengalmeat.com/media/cattle-image/2025/BLF_4930_3.jpg'}, {'id': 'fad51779-5e8a-4f01-b55a-e1c7e14d873e', 'image': 'https://uploads-master.aws.bengalmeat.com/media/cattle-image/2025/BLF_4930_4.jpg'}]",0.0,3 Months,2,0,36.3,4Z_Q5yeUouo,172.0,114000.00,False,True,True,True,True,MINIMUM,https://uploads-master.aws.bengalmeat.com/media/cattle-thumbnail/2025/BLF_4930_1.jpg,2025-05-11T16:24:20.921896+06:00,ORDERED
20535a39-38fa-4d83-b0a2-501d6f578aeb,BLF 4924,COW,MALE_BULL,RED,HOSTINE_CROSS,['GRASS_GRAIN_FED'],2.5 Years,"[{'id': '44a7cbf8-bb09-41fb-958e-c2fa86509856', 'image': 'https://uploads-master.aws.bengalmeat.com/media/cattle-image/2025/BLF_4924_2.jpg'}, {'id': '82c158ef-d0e7-4264-a76b-04d064b75e1e', 'image': 'https://uploads-master.aws.bengalmeat.com/media/cattle-image/2025/BLF_4924_3.jpg'}, {'id': 'cb54d31c-53ea-4c80-bbf6-9ba21d82bdb7', 'image': 'https://uploads-master.aws.bengalmeat.com/media/cattle-image/2025/BLF_4924_4.jpg'}]",0.0,6 Months,4,0,48.4,NR3U0oMeBPc,351.0,220000.00,False,True,True,True,True,MEDIUM,https://uploads-master.aws.bengalmeat.com/media/cattle-thumbnail/2025/BLF_4924_1.jpg,2025-05-11T16:18:35.915776+06:00,AVAILABLE
095adfc0-9011-4a85-ba89-1c0b3b667b7c,BLF 4918,COW,MALE_BULL,NON_RED,LOCAL,['GRASS_GRAIN_FED'],2 Years,"[{'id': 'ff42a882-b87d-4780-9ff6-f95efa0330b3', 'image': 'https://uploads-master.aws.bengalmeat.com/media/cattle-image/2025/BLF_4918_2.jpg'}, {'id': '3a23a725-0551-4f3f-b57a-8e46be432d8a', 'image': 'https://uploads-master.aws.bengalmeat.com/media/cattle-image/2025/BLF_4918_3.jpg'}, {'id': '13c0925e-2372-43f5-b945-1b25f2364536', 'image': 'https://uploads-master.aws.bengalmeat.com/media/cattle-image/2025/BLF_4918_4.jpg'}]",0.0,6 Months,4,0,39.1,zKFcr36Stjs,195.0,127000.00,False,True,True,True,True,MINIMUM,https://uploads-master.aws.bengalmeat.com/media/cattle-thumbnail/2025/BLF_4918_1.jpg,2025-05-08T11:15:07.841202+06:00,ORDERED
2ba8729a-5a54-4820-8c03-7bf7d04328b6,BLF 4717,COW,MALE_BULL,RED,LOCAL,['GRASS_FED_GRASS_FINISHED'],3 Years,"[{'id': '2488a49a-be7b-41e1-a7f7-02041a9da3c8', 'image': 'https://uploads-master.aws.bengalmeat.com/media/cattle-image/2025/BLF_4717_2.jpg'}, {'id': 'af0b6a76-0492-450a-88a2-0386cb8ed296', 'image': 'https://uploads-master.aws.bengalmeat.com/media/cattle-image/2025/BLF_4717_3.jpg'}, {'id': '80f50e2c-de34-4353-9f3f-2ee4d3f98b19', 'image': 'https://uploads-master.aws.bengalmeat.com/media/cattle-image/2025/BLF_4717_4.jpg'}]",0.0,6 Months,6,0,49.0,eAu-AqpycLk,525.0,338000.00,False,True,True,True,True,MEDIUM,https://uploads-master.aws.bengalmeat.com/media/cattle-thumbnail/2025/BLF_4717_1.jpg,2025-04-24T14:45:29.395942+06:00,AVAILABLE
c8f777a3-cb26-464a-9136-2fa99be296aa,BLF 4703,COW,MALE_BULL,NON_RED,LOCAL,['GRASS_GRAIN_FED'],2 Years,"[{'id': '4d2e12dd-98dd-432f-8c3b-b39b0bf6a6e9', 'image': 'https://uploads-master.aws.bengalmeat.com/media/cattle-image/2025/BLF_4703_2.jpg'}, {'id': '70a19086-e5fa-43d4-b41c-ba30317d0677', 'image': 'https://uploads-master.aws.bengalmeat.com/media/cattle-image/2025/BLF_4703_3.jpg'}, {'id': '9b24bc88-09db-409c-a66e-2da18ffbb3e7', 'image': 'https://uploads-master.aws.bengalmeat.com/media/cattle-image/2025/BLF_4703_4.jpg'}]",0.0,6 Months,2,0,42.3,MZqzheA-ra0,232.0,151000.00,False,True,True,True,True,MINIMUM,https://uploads-master.aws.bengalmeat.com/media/cattle-thumbnail/2025/BLF_4703_1.jpg,2025-04-24T15:01:16.302363+06:00,AVAILABLE
a80208b6-1741-4d2b-93e4-ccef67d6570c,BLF 4702,COW,MALE_BULL,NON_RED,LOCAL,['GRASS_GRAIN_FED'],2.5 Years,"[{'id': 'fbd4702c-4f08-4547-81fd-bff3ae0dd084', 'image': 'https://uploads-master.aws.bengalmeat.com/media/cattle-image/2025/BLF_4702_2.jpg'}, {'id': '1dbf7d39-b05c-4d41-abd2-49ca78be0aee', 'image': 'https://uploads-master.aws.bengalmeat.com/media/cattle-image/2025/BLF_4702_3.jpg'}, {'id': '9da0af08-2b44-4f78-af18-956ed86cfc20', 'image': 'https://uploads-master.aws.bengalmeat.com/media/cattle-image/2025/BLF_4702_4.jpg'}]",0.0,6 Months,4,0,39.1,EFwj2WhhzAI,206.0,135000.00,False,True,True,True,True,MINIMUM,https://uploads-master.aws.bengalmeat.com/media/cattle-thumbnail/2025/BLF_4702_1.jpg,2025-04-24T14:58:56.717845+06:00,AVAILABLE
02f11e0b-46ef-4878-80b1-b109b8345513,BLF 4716,COW,MALE_BULL,RED,LOCAL,['GRASS_FED_GRASS_FINISHED'],3 Years,"[{'id': '7d140492-cb53-4df6-816d-15ec31efe7ab', 'image': 'https://uploads-master.aws.bengalmeat.com/media/cattle-image/2025/BLF_4716_2.jpg'}, {'id': '5b92a76b-5d89-4136-a45c-4a3edeb3f52a', 'image': 'https://uploads-master.aws.bengalmeat.com/media/cattle-image/2025/BLF_4716_3.jpg'}, {'id': '8b2e6f5f-3360-4a54-8041-b06f0cf402e9', 'image': 'https://uploads-master.aws.bengalmeat.com/media/cattle-image/2025/BLF_4716_4.jpg'}]",0.0,6 Months,6,0,47.0,R62WYjkIHmQ,545.0,355000.00,True,True,True,True,True,MEDIUM,https://uploads-master.aws.bengalmeat.com/media/cattle-thumbnail/2025/BLF_4716_1.jpg,2025-04-24T14:43:13.154374+06:00,AVAILABLE
69fd8ef5-04a6-4e3e-8bf0-1887318fb428,BLF 4919,COW,MALE_BULL,RED,LOCAL,['GRASS_GRAIN_FED'],2 Years,"[{'id': '3faff2d2-6449-47ee-85bb-c406c48e7f74', 'image': 'https://uploads-master.aws.bengalmeat.com/media/cattle-image/2025/BLF_4919_2.jpg'}, {'id': 'a42da578-d2f0-477f-854c-f78a5dfa591e', 'image': 'https://uploads-master.aws.bengalmeat.com/media/cattle-image/2025/BLF_4919_3.jpg'}, {'id': 'a6ac71c3-49b2-4361-872c-7ec1d837da2d', 'image': 'https://uploads-master.aws.bengalmeat.com/media/cattle-image/2025/BLF_4919_4.jpg'}]",0.0,6 Months,2,0,40.3,guxNp2DA53Y,200.0,130000.00,False,True,True,True,True,MINIMUM,https://uploads-master.aws.bengalmeat.com/media/cattle-thumbnail/2025/BLF_4919_1.jpg,2025-05-08T14:22:47.396780+06:00,ORDERED
38df034b-e9a7-4fc9-835e-e9f185ad5dc6,BLF 4925,COW,MALE_BULL,NON_RED,LOCAL,['GRASS_GRAIN_FED'],2 Years,"[{'id': '22e089e1-5015-4e99-ac5e-50c5a8fa6006', 'image': 'https://uploads-master.aws.bengalmeat.com/media/cattle-image/2025/BLF_4925_2.jpg'}, {'id': 'd7d0e446-645d-409a-b3bf-8e10a4e36b96', 'image': 'https://uploads-master.aws.bengalmeat.com/media/cattle-image/2025/BLF_4925_3.jpg'}, {'id': '4a163e83-53b3-45c7-841e-c271751dae90', 'image': 'https://uploads-master.aws.bengalmeat.com/media/cattle-image/2025/BLF_4925_4.jpg'}]",0.0,6 Months,2,0,43.0,BRebLUS_vjg,210.0,137000.00,False,True,True,True,True,MINIMUM,https://uploads-master.aws.bengalmeat.com/media/cattle-thumbnail/2025/BLF_4925_1.jpg,2025-05-12T16:27:39.481597+06:00,AVAILABLE
368ca9f5-99dd-4db7-888b-6462dfbffed5,BLF 4931,COW,MALE_BULL,NON_RED,LOCAL,['GRASS_GRAIN_FED'],2 Years,"[{'id': '17ccc67e-97a3-4e06-a3fe-78ccee1d1aea', 'image': 'https://uploads-master.aws.bengalmeat.com/media/cattle-image/2025/BLF_4931_2.jpg'}, {'id': '3a9add34-1ce0-4abf-8540-1f7bbf9a2919', 'image': 'https://uploads-master.aws.bengalmeat.com/media/cattle-image/2025/BLF_4931_3.jpg'}, {'id': '5213b7e2-47b8-46a4-846e-680bdfbd4ae3', 'image': 'https://uploads-master.aws.bengalmeat.com/media/cattle-image/2025/BLF_4931_4.jpg'}]",0.0,3 Months,2,0,39.1,-870rtKte0g,161.0,105000.00,False,True,True,True,True,MINIMUM,https://uploads-master.aws.bengalmeat.com/media/cattle-thumbnail/2025/BLF_4931_1.jpg,2025-05-11T16:25:12.370687+06:00,ORDERED
779e17c9-8651-4ca8-aff8-295b1f087a03,BLF 4676,COW,MALE_BULL,RED,LOCAL,['GRASS_GRAIN_FED'],2 Years,"[{'id': '916bf19a-1e4c-4e44-88a9-59564088eda8', 'image': 'https://uploads-master.aws.bengalmeat.com/media/cattle-image/2025/BLF_4676_2.jpg'}, {'id': 'ad1ea6c9-1ec6-440a-96e2-ed816bcd7015', 'image': 'https://uploads-master.aws.bengalmeat.com/media/cattle-image/2025/BLF_4676_3.jpg'}, {'id': '4a2581c6-c04f-4258-999d-bf69de5c96c2', 'image': 'https://uploads-master.aws.bengalmeat.com/media/cattle-image/2025/BLF_4676_4.jpg'}]",0.0,6 Months,2,0,42.9,UL3dA6fNAjE,231.0,150000.00,False,True,True,True,True,MINIMUM,https://uploads-master.aws.bengalmeat.com/media/cattle-thumbnail/2025/BLF_4676.jpg,2025-04-24T11:13:53.578105+06:00,AVAILABLE
078dffb4-194d-4786-a5ef-6faebd7d15c9,BLF 4662,COW,MALE_BULL,NON_RED,LOCAL,['GRASS_GRAIN_FED'],2 Years,"[{'id': 'd354ddad-3f3d-4ff6-be2a-9c3d58c233ef', 'image': 'https://uploads-master.aws.bengalmeat.com/media/cattle-image/2025/BLF_4662_2.jpg'}, {'id': '64404de7-1640-4b12-beab-1cc8066702b4', 'image': 'https://uploads-master.aws.bengalmeat.com/media/cattle-image/2025/BLF_4662_3.jpg'}, {'id': '148cbf09-725e-4355-8961-ab02bd22bce8', 'image': 'https://uploads-master.aws.bengalmeat.com/media/cattle-image/2025/BLF_4662_4.jpg'}]",0.0,6 Months,2,0,42.8,Nn43PT2gP6k,250.0,160000.00,False,True,True,True,True,MINIMUM,https://uploads-master.aws.bengalmeat.com/media/cattle-thumbnail/2025/BLF_4662_1.jpg,2025-04-24T08:23:16.052986+06:00,ORDERED
4c075e9c-1a18-4399-a0f6-a2940b176cac,BLF 4892,COW,MALE_BULL,RED,LOCAL,['GRASS_GRAIN_FED'],2 Years,"[{'id': 'a777af33-da94-48fe-bcf0-5f3466c656c9', 'image': 'https://uploads-master.aws.bengalmeat.com/media/cattle-image/2025/BLF_4892_2.jpg'}, {'id': '6c7e09d7-f588-4181-8ab5-863f0070dfda', 'image': 'https://uploads-master.aws.bengalmeat.com/media/cattle-image/2025/BLF_4892_3.jpg'}, {'id': '1e059d91-86ea-4dfc-ba99-2315689e71f4', 'image': 'https://uploads-master.aws.bengalmeat.com/media/cattle-image/2025/BLF_4892_4.jpg'}]",0.0,6 Months,2,0,40.4,dcuzAQkZVy0,230.0,150000.00,False,True,True,True,True,MINIMUM,https://uploads-master.aws.bengalmeat.com/media/cattle-thumbnail/2025/BLF_4892_1.jpg,2025-05-04T16:28:42.906354+06:00,AVAILABLE
90361cdc-a2f0-4187-8f31-4d0f108bb997,BLF 4886,COW,MALE_BULL,NON_RED,LOCAL,['GRASS_GRAIN_FED'],2 Years,"[{'id': '85ee39d2-caac-4f09-9b71-4adff165ab56', 'image': 'https://uploads-master.aws.bengalmeat.com/media/cattle-image/2025/BLF_4886_2.jpg'}, {'id': 'c45fb9d2-518c-44e2-b5b3-d18bf49e730e', 'image': 'https://uploads-master.aws.bengalmeat.com/media/cattle-image/2025/BLF_4886_3.jpg'}, {'id': 'a0e1661a-4564-4470-9007-0e80fe454b87', 'image': 'https://uploads-master.aws.bengalmeat.com/media/cattle-image/2025/BLF_4886_4.jpg'}]",0.0,6 Months,2,0,43.0,hwsZilNx3Mo,290.0,185000.00,False,True,True,True,True,MINIMUM,https://uploads-master.aws.bengalmeat.com/media/cattle-thumbnail/2025/BLF_4886_1.jpg,2025-05-04T16:25:17.579515+06:00,AVAILABLE
cced6d17-d500-43ed-aef3-f581dc4b9811,BLF 4879,COW,MALE_BULL,NON_RED,LOCAL,['GRASS_GRAIN_FED'],2 Years,"[{'id': 'eb0d5623-9b63-4e3d-8563-243ac1209b56', 'image': 'https://uploads-master.aws.bengalmeat.com/media/cattle-image/2025/BLF_4879_2.jpg'}, {'id': 'd5531db2-fb26-40dc-8517-4bab133abb5e', 'image': 'https://uploads-master.aws.bengalmeat.com/media/cattle-image/2025/BLF_4879_3.jpg'}, {'id': '4c307893-5596-4f5a-bbee-ec3c528a94a6', 'image': 'https://uploads-master.aws.bengalmeat.com/media/cattle-image/2025/BLF_4879_4.jpg'}]",0.0,6 Months,2,0,38.8,aV75hbZhfdU,212.0,138000.00,False,True,True,True,True,MINIMUM,https://uploads-master.aws.bengalmeat.com/media/cattle-thumbnail/2025/BLF_4879_1.jpg,2025-05-12T15:54:26.878079+06:00,AVAILABLE
d47da12a-1c10-43e1-b28c-359ccbcf1595,BLF 4689,COW,MALE_BULL,NON_RED,LOCAL,['GRASS_GRAIN_FED'],2 Years,"[{'id': 'b388a3b5-d9a6-4e81-9323-164f9c101cfe', 'image': 'https://uploads-master.aws.bengalmeat.com/media/cattle-image/2025/BLF_4689_2.jpg'}, {'id': '3d33eca1-40fa-4681-91ac-0b8e38c5b5a6', 'image': 'https://uploads-master.aws.bengalmeat.com/media/cattle-image/2025/BLF_4689_3.jpg'}, {'id': 'd0d4ceb1-aa37-437c-a2a9-be1f5900e8b0', 'image': 'https://uploads-master.aws.bengalmeat.com/media/cattle-image/2025/BLF_4689_4.jpg'}]",0.0,6 Months,2,0,42.5,lIT1tex-ilo,260.0,166000.00,False,True,True,True,True,MINIMUM,https://uploads-master.aws.bengalmeat.com/media/cattle-thumbnail/2025/BLF_4689_1.jpg,2025-04-24T11:54:20.659744+06:00,AVAILABLE
7076dab1-9203-460b-b041-3f5cd6b74bd2,BLF 4851,COW,MALE_BULL,RED,LOCAL,['GRASS_FED_GRASS_FINISHED'],2 Years,"[{'id': '094cd818-3607-4e57-bf3e-bdbc553d6483', 'image': 'https://uploads-master.aws.bengalmeat.com/media/cattle-image/2025/BLF_4851_2.jpg'}, {'id': '0804faa7-059e-42eb-93aa-42cdfdd3ad0a', 'image': 'https://uploads-master.aws.bengalmeat.com/media/cattle-image/2025/BLF_4851_3.jpg'}, {'id': '2a55ac1d-2b50-47f5-b2b8-844830db2f8f', 'image': 'https://uploads-master.aws.bengalmeat.com/media/cattle-image/2025/BLF_4851_4.jpg'}]",0.0,12 Months,2,0,47.1,kU0Etnp-RmI,345.0,218000.00,True,True,True,True,True,MINIMUM,https://uploads-master.aws.bengalmeat.com/media/cattle-thumbnail/2025/BLF_4851_1.jpg,2025-05-01T15:40:16.075883+06:00,AVAILABLE
8003892c-18ad-4abf-a00e-2ae03dc0001d,BLF 4845,COW,MALE_BULL,NON_RED,LOCAL,['GRASS_GRAIN_FED'],2 Years,"[{'id': '80bb74be-bb51-4a62-9d72-7f0248f8eef7', 'image': 'https://uploads-master.aws.bengalmeat.com/media/cattle-image/2025/BLF_4845_2.jpg'}, {'id': '16981136-bd2a-4b4d-9521-6738360ad8cf', 'image': 'https://uploads-master.aws.bengalmeat.com/media/cattle-image/2025/BLF_4845_3.jpg'}, {'id': 'c02578dc-71df-4d4a-803a-e6eba6106c51', 'image': 'https://uploads-master.aws.bengalmeat.com/media/cattle-image/2025/BLF_4845_4.jpg'}]",0.0,6 Months,2,0,41.5,DRT1yCBrPv4,230.0,148000.00,False,True,True,True,True,MINIMUM,https://uploads-master.aws.bengalmeat.com/media/cattle-thumbnail/2025/BLF_4845_1.jpg,2025-05-11T16:00:20.178527+06:00,AVAILABLE
bbb8078c-26cc-4f02-ba98-c46367f72439,BLF 4869,COW,MALE_BULL,NON_RED,HOSTINE_CROSS,['GRASS_FED_GRASS_FINISHED'],2.5 Years,"[{'id': 'f2aaa442-2ff0-4cb5-8131-d394da4e4e80', 'image': 'https://uploads-master.aws.bengalmeat.com/media/cattle-image/2025/BLF_4869_2.jpg'}, {'id': '6dca0437-9936-4e85-ad5d-125cec00e9cd', 'image': 'https://uploads-master.aws.bengalmeat.com/media/cattle-image/2025/BLF_4869_3.jpg'}, {'id': '9cb7712b-7cac-4856-be33-f82f6d185eb7', 'image': 'https://uploads-master.aws.bengalmeat.com/media/cattle-image/2025/BLF_4869_4.jpg'}]",0.0,12 Months,4,0,50.0,YRwK-LezC5w,467.0,287000.00,False,True,True,True,True,MEDIUM,https://uploads-master.aws.bengalmeat.com/media/cattle-thumbnail/2025/BLF_4869_1.jpg,2025-05-04T11:44:40.244124+06:00,AVAILABLE
663d64c7-90fb-45d0-bf50-85574e8da21d,BLF 4841,COW,MALE_BULL,NON_RED,LOCAL,['GRASS_GRAIN_FED'],2 Years,"[{'id': 'e16d39c4-e8db-46f2-9fb7-acf368d55b0a', 'image': 'https://uploads-master.aws.bengalmeat.com/media/cattle-image/2025/BLF_4841_2.jpg'}, {'id': '62202798-147b-4c21-8eef-6f8632b8131b', 'image': 'https://uploads-master.aws.bengalmeat.com/media/cattle-image/2025/BLF_4841_3.jpg'}, {'id': 'fd66498d-6882-4b05-ba77-4e044106f3c9', 'image': 'https://uploads-master.aws.bengalmeat.com/media/cattle-image/2025/BLF_4841_4.jpg'}]",0.0,6 Months,2,0,39.0,mmfb2IriZb0,188.0,123000.00,False,True,True,True,True,MINIMUM,https://uploads-master.aws.bengalmeat.com/media/cattle-thumbnail/2025/BLF_4841_1.jpg,2025-05-05T15:17:04.353235+06:00,ORDERED
02ad7adf-8b65-4b3a-a2a7-5ca4b4608c85,BLF 4699,COW,MALE_BULL,NON_RED,LOCAL,['GRASS_GRAIN_FED'],2 Years,"[{'id': '1f710135-8899-4aef-9c2c-be4de3dba6af', 'image': 'https://uploads-master.aws.bengalmeat.com/media/cattle-image/2025/BLF_4699_2.jpg'}, {'id': 'e3126c6a-8e92-4830-87e7-c1655287be77', 'image': 'https://uploads-master.aws.bengalmeat.com/media/cattle-image/2025/BLF_4699_3.jpg'}, {'id': 'efcbc178-4e1a-477b-9056-054ca521794d', 'image': 'https://uploads-master.aws.bengalmeat.com/media/cattle-image/2025/BLF_4699_4.jpg'}]",0.0,6 Months,2,0,39.4,zzyiWw-2vpM,194.0,128000.00,False,True,True,True,True,MINIMUM,https://uploads-master.aws.bengalmeat.com/media/cattle-thumbnail/2025/BLF_4699_1.jpg,2025-04-24T14:55:18.523183+06:00,ORDERED
4e23d10e-f505-45e5-8f16-747edd9432c1,BLF 4855,COW,MALE_BULL,NON_RED,HOSTINE_CROSS,['GRASS_GRAIN_FED'],2 Years,"[{'id': '1c981935-fb46-4ecf-8d9b-b4e85a3b901b', 'image': 'https://uploads-master.aws.bengalmeat.com/media/cattle-image/2025/BLF_4855_2.jpg'}, {'id': 'acdb322e-524c-4f37-8f9c-13e6db9ebf0f', 'image': 'https://uploads-master.aws.bengalmeat.com/media/cattle-image/2025/BLF_4855_3.jpg'}, {'id': 'a339c0aa-a549-4aa0-9630-072f5ec6512c', 'image': 'https://uploads-master.aws.bengalmeat.com/media/cattle-image/2025/BLF_4855_4.jpg'}]",0.0,6 Months,2,0,45.0,2umwCeTj9r8,328.0,199000.00,False,True,True,True,True,MEDIUM,https://uploads-master.aws.bengalmeat.com/media/cattle-thumbnail/2025/BLF_4855_1.jpg,2025-05-03T15:56:03.054979+06:00,AVAILABLE
a7e16160-1ee9-47e8-b692-27ecb19ae80a,BLF 4666,COW,MALE_BULL,NON_RED,LOCAL,['GRASS_GRAIN_FED'],2.5 Years,"[{'id': 'bbab71f6-9e25-45b8-b75b-6900d86868cd', 'image': 'https://uploads-master.aws.bengalmeat.com/media/cattle-image/2025/BLF_4666_2.jpg'}, {'id': 'c0e1fda4-26be-4067-89de-56e7fb86bda8', 'image': 'https://uploads-master.aws.bengalmeat.com/media/cattle-image/2025/BLF_4666_3.jpg'}, {'id': '94774587-b5a5-454b-85e5-4d9d8df3781f', 'image': 'https://uploads-master.aws.bengalmeat.com/media/cattle-image/2025/BLF_4666_4.jpg'}]",0.0,6 Months,4,0,41.4,zWb6l-P87Yk,265.0,169000.00,False,True,True,True,True,MINIMUM,https://uploads-master.aws.bengalmeat.com/media/cattle-thumbnail/2025/BLF_4666_1.jpg,2025-04-24T08:29:51.018247+06:00,AVAILABLE
dc22111a-e9ce-48cc-a59d-3128e5ec8811,BLF 4672,COW,MALE_BULL,NON_RED,LOCAL,['GRASS_GRAIN_FED'],2.5 Years,"[{'id': '1a23ec74-3e7a-460c-a789-85dc127938e4', 'image': 'https://uploads-master.aws.bengalmeat.com/media/cattle-image/2025/BLF_4672_2.jpg'}, {'id': '4e66083c-fbbe-4a7d-9637-d0834abaf582', 'image': 'https://uploads-master.aws.bengalmeat.com/media/cattle-image/2025/BLF_4672_3.jpg'}, {'id': 'f9d33bea-734e-46fd-a041-cf93957b65c3', 'image': 'https://uploads-master.aws.bengalmeat.com/media/cattle-image/2025/BLF_4672_4.jpg'}]",0.0,6 Months,4,0,43.0,HCVm1lDyBRk,254.0,164000.00,False,True,True,True,True,MINIMUM,https://uploads-master.aws.bengalmeat.com/media/cattle-thumbnail/2025/BLF_4672_1.jpg,2025-04-24T10:30:03.483641+06:00,ORDERED
c4675386-9a73-4b06-ad9b-87b9e82794a9,BLF 4882,COW,MALE_BULL,NON_RED,LOCAL,['GRASS_GRAIN_FED'],2.5 Years,"[{'id': '0045906e-ce81-4cc0-abc6-4254a13ca933', 'image': 'https://uploads-master.aws.bengalmeat.com/media/cattle-image/2025/BLF_4882_2.jpg'}, {'id': '37924aa6-fefd-48ba-973e-6c3bde4b2cdd', 'image': 'https://uploads-master.aws.bengalmeat.com/media/cattle-image/2025/BLF_4882_3.jpg'}, {'id': '2859a960-fd4d-4d43-9a35-f36644f93341', 'image': 'https://uploads-master.aws.bengalmeat.com/media/cattle-image/2025/BLF_4882_4.jpg'}]",0.0,6 Months,4,0,48.4,hry5MlzyHc4,355.0,223000.00,False,True,True,True,True,MEDIUM,https://uploads-master.aws.bengalmeat.com/media/cattle-thumbnail/2025/BLF_4882_1.jpg,2025-05-13T12:32:40.482002+06:00,AVAILABLE
0fa6be8c-1a42-4b58-a1e5-c1a5e95ab6b1,BLF 4896,COW,MALE_BULL,NON_RED,LOCAL,['GRASS_GRAIN_FED'],2 Years,"[{'id': 'cf12a9c8-7753-4fec-b93d-4cca20cae63e', 'image': 'https://uploads-master.aws.bengalmeat.com/media/cattle-image/2025/BLF_4896_2.jpg'}, {'id': '25fbde47-bd09-40db-94d4-f9893d47cfa9', 'image': 'https://uploads-master.aws.bengalmeat.com/media/cattle-image/2025/BLF_4896_3.jpg'}, {'id': '2a03c4e1-ec73-4dca-9aca-0eba8c1709c0', 'image': 'https://uploads-master.aws.bengalmeat.com/media/cattle-image/2025/BLF_4896_4.jpg'}]",0.0,6 Months,2,0,40.0,KQYAtFUc-co,225.0,144000.00,False,True,True,True,True,MINIMUM,https://uploads-master.aws.bengalmeat.com/media/cattle-thumbnail/2025/BLF_4896_1.jpg,2025-05-11T16:06:56.451852+06:00,AVAILABLE
52c9da10-2482-434c-80bc-d9e44a161e83,BLF 4909,COW,MALE_BULL,RED,LOCAL,['GRASS_GRAIN_FED'],2 Years,"[{'id': 'ef2e3135-dda8-4724-9193-61e924c22c2b', 'image': 'https://uploads-master.aws.bengalmeat.com/media/cattle-image/2025/BLF_4909_2.jpg'}, {'id': '15fb0bd5-73d8-48b8-843b-438de78ab41b', 'image': 'https://uploads-master.aws.bengalmeat.com/media/cattle-image/2025/BLF_4909_3.jpg'}, {'id': '97c3fe7e-3106-4b52-8940-b4a8a8cc3669', 'image': 'https://uploads-master.aws.bengalmeat.com/media/cattle-image/2025/BLF_4909_4.jpg'}]",0.0,6 Months,2,0,45.6,rWUZxZsrQIM,392.0,245000.00,False,True,True,True,True,MEDIUM,https://uploads-master.aws.bengalmeat.com/media/cattle-thumbnail/2025/BLF_4909_1.jpg,2025-05-06T10:13:35.954348+06:00,AVAILABLE
e05044f3-2f5a-4659-8313-fb273653a270,BLF 4935,COW,MALE_BULL,NON_RED,LOCAL,['GRASS_GRAIN_FED'],2.5 Years,"[{'id': '60e41951-c607-447e-a9d3-2b6c47d5fdf8', 'image': 'https://uploads-master.aws.bengalmeat.com/media/cattle-image/2025/BLF_4935_2.jpg'}, {'id': '059a1ec8-387a-4673-a58c-10be149e299c', 'image': 'https://uploads-master.aws.bengalmeat.com/media/cattle-image/2025/BLF_4935_3.jpg'}, {'id': '48d673c9-6515-472c-b7ae-c0899b34e5b9', 'image': 'https://uploads-master.aws.bengalmeat.com/media/cattle-image/2025/BLF_4935_4.jpg'}]",0.0,3 Months,4,0,41.6,eBgWRA8nggw,215.0,139000.00,False,True,True,True,True,MINIMUM,https://uploads-master.aws.bengalmeat.com/media/cattle-thumbnail/2025/BLF_4935_1.jpg,2025-05-22T09:50:45.511623+06:00,AVAILABLE
090ab52c-4a5f-4355-9277-058cbe3a1391,BLF 4921,COW,MALE_BULL,NON_RED,HOSTINE_CROSS,['GRASS_GRAIN_FED'],2 Years,"[{'id': '7dcbb212-8f1c-4a12-b8fb-aae958161dd4', 'image': 'https://uploads-master.aws.bengalmeat.com/media/cattle-image/2025/BLF_4921_2.jpg'}, {'id': '82de2bec-fbdb-43ed-be83-7832f2c79487', 'image': 'https://uploads-master.aws.bengalmeat.com/media/cattle-image/2025/BLF_4921_3.jpg'}, {'id': 'cfaa6e99-3eaa-4e67-bb4d-d1d604a9ac7a', 'image': 'https://uploads-master.aws.bengalmeat.com/media/cattle-image/2025/BLF_4921_4.jpg'}]",0.0,6 Months,2,0,47.0,Rvi6nuEMni0,295.0,187000.00,False,True,True,True,True,MEDIUM,https://uploads-master.aws.bengalmeat.com/media/cattle-thumbnail/2025/BLF_4921_1.jpg,2025-05-12T16:25:27.561673+06:00,AVAILABLE
0bda41bb-3146-4250-9bd3-99bab110b63a,BLF 4712,COW,MALE_BULL,RED,LOCAL,['GRASS_GRAIN_FED'],2 Years,"[{'id': 'f2f1afb5-586c-4282-953f-b3fc2d027500', 'image': 'https://uploads-master.aws.bengalmeat.com/media/cattle-image/2025/BLF_4712_2.jpg'}, {'id': '5a148cc3-62c0-4873-b7a7-f2da9ac52b57', 'image': 'https://uploads-master.aws.bengalmeat.com/media/cattle-image/2025/BLF_4712_3.jpg'}, {'id': 'bbd10769-7ddc-4c43-950b-b173a0250fd7', 'image': 'https://uploads-master.aws.bengalmeat.com/media/cattle-image/2025/BLF_4712_4.jpg'}]",0.0,6 Months,2,0,39.2,OBhDojqVByk,222.0,145000.00,False,True,True,True,True,MINIMUM,https://uploads-master.aws.bengalmeat.com/media/cattle-thumbnail/2025/BLF_4712_1.jpg,2025-04-24T15:16:42.751316+06:00,ORDERED
523403bf-d223-4d46-a3f0-247c39c6ec85,BLF 4706,COW,MALE_BULL,RED,LOCAL,['GRASS_GRAIN_FED'],2.5 Years,"[{'id': 'b429590f-5f0b-4556-b5e9-f2a40af1e6c4', 'image': 'https://uploads-master.aws.bengalmeat.com/media/cattle-image/2025/BLF_4706_2.jpg'}, {'id': '4b763a67-2388-4958-b826-7167ccadddc9', 'image': 'https://uploads-master.aws.bengalmeat.com/media/cattle-image/2025/BLF_4706_3.jpg'}, {'id': '5f37874c-0b8e-4abe-a8aa-01dff966bc08', 'image': 'https://uploads-master.aws.bengalmeat.com/media/cattle-image/2025/BLF_4706_4.jpg'}]",0.0,6 Months,4,0,41.6,hcbjpUYWVgM,252.0,161000.00,False,True,True,True,True,MINIMUM,https://uploads-master.aws.bengalmeat.com/media/cattle-thumbnail/2025/BLF_4706_1.jpg,2025-04-24T15:08:41.979226+06:00,AVAILABLE
b1427207-e1e3-4178-b1be-4ad617234b5f,BLF 4707,COW,MALE_BULL,RED,LOCAL,['GRASS_FED_GRASS_FINISHED'],2 Years,"[{'id': 'ac6e303e-e1e6-48bd-a2a8-d0f0656ff5bd', 'image': 'https://uploads-master.aws.bengalmeat.com/media/cattle-image/2025/BLF_4707_2.jpg'}, {'id': '8221bb8d-1447-4935-8074-c684b149995a', 'image': 'https://uploads-master.aws.bengalmeat.com/media/cattle-image/2025/BLF_4707_3.jpg'}, {'id': '235abfe9-82ae-425c-b269-6e779ea40a46', 'image': 'https://uploads-master.aws.bengalmeat.com/media/cattle-image/2025/BLF_4707_4.jpg'}]",0.0,6 Months,2,0,41.5,MPnj8AixxDI,278.0,177000.00,False,True,True,True,True,MINIMUM,https://uploads-master.aws.bengalmeat.com/media/cattle-thumbnail/2025/BLF_4707.jpg,2025-04-24T15:09:53.664776+06:00,AVAILABLE
6a7cba95-ffee-460f-a0ec-7053a77ff2f0,BLF 4713,COW,MALE_BULL,RED,LOCAL,['GRASS_FED_GRASS_FINISHED'],3 Years,"[{'id': 'dac768f8-88db-420f-930e-700c4d77d288', 'image': 'https://uploads-master.aws.bengalmeat.com/media/cattle-image/2025/BLF_4713_2.jpg'}, {'id': '283bb862-cf58-4336-9bdd-e5b158a4076d', 'image': 'https://uploads-master.aws.bengalmeat.com/media/cattle-image/2025/BLF_4713_3.jpg'}, {'id': 'cbad014f-adf6-4c36-87a0-9df0e69c04fa', 'image': 'https://uploads-master.aws.bengalmeat.com/media/cattle-image/2025/BLF_4713_4.jpg'}]",0.0,6 Months,6,0,45.0,7-TXx6ShrLU,490.0,315000.00,True,True,True,True,True,MEDIUM,https://uploads-master.aws.bengalmeat.com/media/cattle-thumbnail/2025/BLF_4713.jpg,2025-04-24T14:37:36.403225+06:00,AVAILABLE
1280bcaf-a691-465e-a47b-7c3a6632c74c,BLF 4920,COW,MALE_BULL,RED,LOCAL,['GRASS_GRAIN_FED'],2 Years,"[{'id': 'f0014073-a434-481d-adaa-20cad08e9d44', 'image': 'https://uploads-master.aws.bengalmeat.com/media/cattle-image/2025/BLF_4920_2.jpg'}, {'id': '995496b0-679f-472c-b3d9-41dd3f38959d', 'image': 'https://uploads-master.aws.bengalmeat.com/media/cattle-image/2025/BLF_4920_3.jpg'}, {'id': 'b107ebbb-1f5b-41fc-9fc4-9fa4b6c3c2ca', 'image': 'https://uploads-master.aws.bengalmeat.com/media/cattle-image/2025/BLF_4920_4.jpg'}]",0.0,6 Months,2,0,43.1,ivvZcXa7t_0,245.0,156000.00,False,True,True,True,True,MINIMUM,https://uploads-master.aws.bengalmeat.com/media/cattle-thumbnail/2025/BLF_4920_1.jpg,2025-05-11T16:11:39.093607+06:00,AVAILABLE
0dbb9192-a334-4042-86b2-407b1710e4d7,BLF 4934,COW,MALE_BULL,RED,LOCAL,['GRASS_GRAIN_FED'],2 Years,"[{'id': '336b1fa0-2e2a-4ee5-9a38-50fc4955bd80', 'image': 'https://uploads-master.aws.bengalmeat.com/media/cattle-image/2025/BLF_4934_2.jpg'}, {'id': '7bf0be39-4ca6-459d-9ee6-7a5426e1bf4f', 'image': 'https://uploads-master.aws.bengalmeat.com/media/cattle-image/2025/BLF_4934_3.jpg'}, {'id': '54ae6504-2a36-4302-aba6-ccbfb93dafb8', 'image': 'https://uploads-master.aws.bengalmeat.com/media/cattle-image/2025/BLF_4934_4.jpg'}]",0.0,3 Months,2,0,39.1,4D66blZwFFk,190.0,115000.00,False,True,True,True,True,MINIMUM,https://uploads-master.aws.bengalmeat.com/media/cattle-thumbnail/2025/BLF_4934_1.jpg,2025-05-22T09:49:07.498610+06:00,ORDERED
a3e970f8-3f26-4f49-a957-43762f27e50d,BLF 4908,COW,MALE_BULL,NON_RED,LOCAL,['GRASS_GRAIN_FED'],2.5 Years,"[{'id': 'ea0716fb-def5-40a4-9b7e-6f170fd4f542', 'image': 'https://uploads-master.aws.bengalmeat.com/media/cattle-image/2025/BLF_4908_2.jpg'}, {'id': 'a0056768-fb7c-4f07-83c3-3013485ffc9c', 'image': 'https://uploads-master.aws.bengalmeat.com/media/cattle-image/2025/BLF_4908_3.jpg'}, {'id': '124703f3-c8d1-4b93-8070-61159c2569f8', 'image': 'https://uploads-master.aws.bengalmeat.com/media/cattle-image/2025/BLF_4908_4.jpg'}]",0.0,6 Months,4,1,49.5,Q0Vo52QdOFI,421.0,39500.00,False,True,True,True,True,MEDIUM,https://uploads-master.aws.bengalmeat.com/media/cattle-thumbnail/2025/BLF_4908_1.jpg,2025-05-06T10:11:14.240331+06:00,SHARED
0dd3ef91-2fa4-49b7-9827-75f4ab4fb421,BLF 4897,COW,MALE_BULL,RED,HOSTINE_CROSS,['GRASS_GRAIN_FED'],2.5 Years,"[{'id': '51109dea-5442-4fad-b9e5-beddb3ece73c', 'image': 'https://uploads-master.aws.bengalmeat.com/media/cattle-image/2025/BLF_4897_2.jpg'}, {'id': 'f37849c1-27c6-4c5b-bacc-a7079cb7cc72', 'image': 'https://uploads-master.aws.bengalmeat.com/media/cattle-image/2025/BLF_4897_3.jpg'}, {'id': 'e5c821f1-1237-423f-a6f7-768245a208d2', 'image': 'https://uploads-master.aws.bengalmeat.com/media/cattle-image/2025/BLF_4897_4.jpg'}]",0.0,6 Months,4,0,47.0,FYQUphb-fCw,290.0,185000.00,False,True,True,True,True,MEDIUM,https://uploads-master.aws.bengalmeat.com/media/cattle-thumbnail/2025/BLF_4897_1.jpg,2025-05-06T09:02:48.820160+06:00,AVAILABLE
c9c61e18-7837-492f-80aa-1390ed4e4060,BLF 4883,COW,MALE_BULL,RED,LOCAL,['GRASS_GRAIN_FED'],2 Years,"[{'id': 'cf0b2381-7f23-41c4-b672-1977e35a8ce6', 'image': 'https://uploads-master.aws.bengalmeat.com/media/cattle-image/2025/BLF_4883_2.jpg'}, {'id': '3b92b7c5-315b-4926-b004-228e2a42b5d8', 'image': 'https://uploads-master.aws.bengalmeat.com/media/cattle-image/2025/BLF_4883_3.jpg'}, {'id': 'cfe7ff88-4693-4b72-9604-2fe2ece4e7c5', 'image': 'https://uploads-master.aws.bengalmeat.com/media/cattle-image/2025/BLF_4883_4.jpg'}]",0.0,6 Months,2,0,46.9,j-Guh3VJ4zU,355.0,225000.00,False,True,True,True,True,MEDIUM,https://uploads-master.aws.bengalmeat.com/media/cattle-thumbnail/2025/BLF_4883_1.jpg,2025-05-05T15:57:19.383453+06:00,AVAILABLE
0ed73ae8-3116-4f66-bbda-42b81c386300,BLF 4673,COW,MALE_BULL,NON_RED,LOCAL,['GRASS_GRAIN_FED'],2 Years,"[{'id': '519d9d64-f863-4171-91c6-db66d3567300', 'image': 'https://uploads-master.aws.bengalmeat.com/media/cattle-image/2025/BLF_4673_2.jpg'}, {'id': 'c6877b78-924b-45ca-ba7a-7fc8d194b8d0', 'image': 'https://uploads-master.aws.bengalmeat.com/media/cattle-image/2025/BLF_4673_3.jpg'}, {'id': '598b8619-4bf0-4e26-81df-46aa1458b9df', 'image': 'https://uploads-master.aws.bengalmeat.com/media/cattle-image/2025/BLF_4673_4.jpg'}]",0.0,6 Months,2,0,40.3,y56_1QaeYGc,224.0,146000.00,False,True,True,True,True,MINIMUM,https://uploads-master.aws.bengalmeat.com/media/cattle-thumbnail/2025/BLF_4673_1.jpg,2025-04-24T10:32:16.029760+06:00,AVAILABLE
76829408-7379-476b-9590-567644fe09af,BLF 4667,COW,MALE_BULL,NON_RED,LOCAL,['GRASS_GRAIN_FED'],2 Years,"[{'id': '2be3d5cf-70a3-473e-8e2f-af41a4bd9807', 'image': 'https://uploads-master.aws.bengalmeat.com/media/cattle-image/2025/BLF_4667_2.jpg'}, {'id': '30e16b6d-93a2-4443-af73-9a1cca013208', 'image': 'https://uploads-master.aws.bengalmeat.com/media/cattle-image/2025/BLF_4667_3.jpg'}, {'id': 'ab8aa9dd-4517-4a68-b82d-eece56d0d58e', 'image': 'https://uploads-master.aws.bengalmeat.com/media/cattle-image/2025/BLF_4667_4.jpg'}]",0.0,6 Months,2,0,38.8,53YYvodFQsc,200.0,131000.00,False,True,True,True,True,MINIMUM,https://uploads-master.aws.bengalmeat.com/media/cattle-thumbnail/2025/BLF_4667_1.jpg,2025-04-24T08:32:43.131964+06:00,ORDERED
f0750257-d5b8-49c4-9cb3-2aef73252571,BLF 4854,COW,MALE_BULL,RED,LOCAL,['GRASS_GRAIN_FED'],2.5 Years,"[{'id': '01c83d67-2376-49c2-9d58-d5d3624de782', 'image': 'https://uploads-master.aws.bengalmeat.com/media/cattle-image/2025/BLF_4854_2.jpg'}, {'id': '88f1aa31-ea86-406f-881d-4aa8389f4938', 'image': 'https://uploads-master.aws.bengalmeat.com/media/cattle-image/2025/BLF_4854_3.jpg'}, {'id': '402aef8e-951d-4c2a-921e-84106043d77c', 'image': 'https://uploads-master.aws.bengalmeat.com/media/cattle-image/2025/BLF_4854_4.jpg'}]",0.0,6 Months,4,0,46.3,bK6BpT8U6ic,369.0,232000.00,False,True,True,True,True,MEDIUM,https://uploads-master.aws.bengalmeat.com/media/cattle-thumbnail/2025/BLF_4854_1.jpg,2025-05-01T15:43:21.028541+06:00,AVAILABLE
3655a9ab-5502-4c69-8bc2-04a2d5011bfd,BLF 4698,COW,MALE_BULL,RED,LOCAL,['GRASS_GRAIN_FED'],2 Years,"[{'id': 'd466a49d-a16f-4cca-8504-6e372f4b8877', 'image': 'https://uploads-master.aws.bengalmeat.com/media/cattle-image/2025/BLF_4698_2.jpg'}, {'id': '7b80ce55-195b-4d4f-aa68-fa8cc1200232', 'image': 'https://uploads-master.aws.bengalmeat.com/media/cattle-image/2025/BLF_4698_3.jpg'}, {'id': '92245e0f-35dc-4c2f-a7db-ad8321313298', 'image': 'https://uploads-master.aws.bengalmeat.com/media/cattle-image/2025/BLF_4698_4.jpg'}]",0.0,6 Months,2,0,42.4,rwQ9SgVoCFU,283.0,179000.00,False,True,True,True,True,MINIMUM,https://uploads-master.aws.bengalmeat.com/media/cattle-thumbnail/2025/BLF_4698_1.jpg,2025-04-24T14:30:53.400876+06:00,AVAILABLE
8c88514c-54e4-4adc-a4a3-17ad99074ae1,BLF 4840,COW,MALE_BULL,RED,LOCAL,['GRASS_FED_GRASS_FINISHED'],2 Years,"[{'id': '9cf0c01f-fcaf-48de-ade9-3c732a64687d', 'image': 'https://uploads-master.aws.bengalmeat.com/media/cattle-image/2025/BLF_4840_2.jpg'}, {'id': 'e4d1233d-ba60-4cee-9991-b792d7b20a46', 'image': 'https://uploads-master.aws.bengalmeat.com/media/cattle-image/2025/BLF_4840_3.jpg'}, {'id': '77c1987b-ace1-4927-9e41-02a4a641a748', 'image': 'https://uploads-master.aws.bengalmeat.com/media/cattle-image/2025/BLF_4840_4.jpg'}]",0.0,12 Months,2,0,45.1,8sJddzCZZGo,304.0,193000.00,False,True,True,True,True,MEDIUM,https://uploads-master.aws.bengalmeat.com/media/cattle-thumbnail/2025/BLF_4840_1.jpg,2025-05-01T15:29:15.315693+06:00,AVAILABLE
ebab1184-530f-4600-9c0e-0b83b9e55bcf,BLF 4868,COW,MALE_BULL,NON_RED,HOSTINE_CROSS,['GRASS_FED_GRASS_FINISHED'],2.5 Years,"[{'id': '1fd55f83-10b1-4d02-b45f-321b2caad219', 'image': 'https://uploads-master.aws.bengalmeat.com/media/cattle-image/2025/BLF_4868_2.jpg'}, {'id': '7c0de9d9-682d-4843-aeab-c6c2a7cec13a', 'image': 'https://uploads-master.aws.bengalmeat.com/media/cattle-image/2025/BLF_4868_3.jpg'}, {'id': '79b5b071-befe-477e-994c-28629e80934f', 'image': 'https://uploads-master.aws.bengalmeat.com/media/cattle-image/2025/BLF_4868_4.jpg'}]",0.0,12 Months,4,0,50.1,kqcpqdpHmJY,447.0,276000.00,False,True,True,True,True,MEDIUM,https://uploads-master.aws.bengalmeat.com/media/cattle-thumbnail/2025/BLF_4868_1.jpg,2025-05-04T11:42:48.870653+06:00,AVAILABLE
75a0f7e4-4ac4-4023-b378-5add60dd128b,BLF 4856,COW,MALE_BULL,NON_RED,LOCAL,['GRASS_GRAIN_FED'],2.5 Years,"[{'id': 'a705a6a8-1eb6-47bb-9cf6-097d2343a310', 'image': 'https://uploads-master.aws.bengalmeat.com/media/cattle-image/2025/BLF_4856_2.jpg'}, {'id': 'e05cce9c-5405-40c4-b6b2-4dece70ef504', 'image': 'https://uploads-master.aws.bengalmeat.com/media/cattle-image/2025/BLF_4856_3.jpg'}, {'id': '991fbd9d-ba17-412c-8935-693a916a7481', 'image': 'https://uploads-master.aws.bengalmeat.com/media/cattle-image/2025/BLF_4856_4.jpg'}]",0.0,6 Months,4,0,49.6,_S43euKhThs,420.0,264000.00,False,True,True,True,True,MEDIUM,https://uploads-master.aws.bengalmeat.com/media/cattle-thumbnail/2025/BLF_4856_1.jpg,2025-05-04T16:18:35.333911+06:00,AVAILABLE
ce31de0a-07ea-49a5-b5c2-9c4e36e35660,BLF 4842,COW,MALE_BULL,RED,LOCAL,['GRASS_FED_GRAIN_FINISHED'],2.5 Years,"[{'id': '482cba3e-52eb-4816-840e-dc7334dcf117', 'image': 'https://uploads-master.aws.bengalmeat.com/media/cattle-image/2025/BLF_4842_2.jpg'}, {'id': 'b0a2e322-4c75-4797-9a76-c759eccb7347', 'image': 'https://uploads-master.aws.bengalmeat.com/media/cattle-image/2025/BLF_4842_3.jpg'}, {'id': '69fdda2a-e7cc-455c-9594-ba60772ea114', 'image': 'https://uploads-master.aws.bengalmeat.com/media/cattle-image/2025/BLF_4842_4.jpg'}]",0.0,12 Months,4,0,45.11,gl6eN8yIWLc,300.0,191000.00,False,True,True,True,True,MEDIUM,https://uploads-master.aws.bengalmeat.com/media/cattle-thumbnail/2025/BLF_4842_1.jpg,2025-05-04T15:10:08.827969+06:00,AVAILABLE
a58a8460-76b7-45dc-b553-306d71d80ecf,BLF 4671,COW,MALE_BULL,NON_RED,LOCAL,['GRASS_GRAIN_FED'],2 Years,"[{'id': 'e2cef35c-1c16-440c-bcc9-fdde9a4e5f00', 'image': 'https://uploads-master.aws.bengalmeat.com/media/cattle-image/2025/BLF_4671.jpg'}, {'id': '2b1006c8-2645-4023-aa86-463b368af54a', 'image': 'https://uploads-master.aws.bengalmeat.com/media/cattle-image/2025/BLF_4671_3_HRqVjir.jpg'}, {'id': 'd7fbb602-cf15-4061-94dd-63d8b3bc0f82', 'image': 'https://uploads-master.aws.bengalmeat.com/media/cattle-image/2025/BLF_4671_4_HptGaeq.jpg'}]",0.0,6 Months,2,0,39.2,JCsNRzqIMwY,227.0,148000.00,False,True,True,True,True,MINIMUM,https://uploads-master.aws.bengalmeat.com/media/cattle-thumbnail/2025/BLF_4671_1.jpg,2025-04-24T10:28:52.729957+06:00,AVAILABLE
b829bc8a-c697-4a9f-adf1-d2138b454787,BLF 4665,COW,MALE_BULL,RED,LOCAL,['GRASS_GRAIN_FED'],2 Years,"[{'id': 'c21a11d6-c311-429a-aec5-5f3656553a24', 'image': 'https://uploads-master.aws.bengalmeat.com/media/cattle-image/2025/BLF_4665_2.jpg'}, {'id': 'a44373b6-7a47-4b75-b01a-4dd6f971c5a7', 'image': 'https://uploads-master.aws.bengalmeat.com/media/cattle-image/2025/BLF_4665_3.jpg'}, {'id': 'ad402a08-f115-4fdd-a961-b442c3f53a87', 'image': 'https://uploads-master.aws.bengalmeat.com/media/cattle-image/2025/BLF_4665_4.jpg'}]",0.0,6 Months,2,0,42.0,P-MBVuC3eXE,227.0,148000.00,False,True,True,True,True,MINIMUM,https://uploads-master.aws.bengalmeat.com/media/cattle-thumbnail/2025/BLF_4665_1.jpg,2025-04-24T08:28:25.386841+06:00,AVAILABLE
5f4abaff-cc6c-4467-adbc-95d3db8658da,BLF 4895,COW,MALE_BULL,RED,LOCAL,['GRASS_GRAIN_FED'],2 Years,"[{'id': '952f17c1-81d6-40f5-9fa6-f0617268b2b0', 'image': 'https://uploads-master.aws.bengalmeat.com/media/cattle-image/2025/BLF_4895_2.jpg'}, {'id': 'b0806df7-fd9c-409f-b3bb-f46db3e71d94', 'image': 'https://uploads-master.aws.bengalmeat.com/media/cattle-image/2025/BLF_4895_3.jpg'}, {'id': '3a69c6ed-14a2-4f35-9ed8-4fc00a558e33', 'image': 'https://uploads-master.aws.bengalmeat.com/media/cattle-image/2025/BLF_4895_4.jpg'}]",0.0,6 Months,2,0,42.5,wrNq1HdMPWQ,225.0,145000.00,False,True,True,True,True,MINIMUM,https://uploads-master.aws.bengalmeat.com/media/cattle-thumbnail/2025/BLF_4895_1.jpg,2025-05-11T16:04:05.589048+06:00,AVAILABLE
8561d1d4-2b24-4f96-bd1c-bd30aba5a36f,BLF 4659,COW,MALE_BULL,RED,LOCAL,['GRASS_GRAIN_FED'],2 Years,"[{'id': 'b274705b-2232-45c1-8419-e544607be3a8', 'image': 'https://uploads-master.aws.bengalmeat.com/media/cattle-image/2025/BLF_4659_2_CdFiYa5.jpg'}, {'id': '1ce6c1f7-7ad3-4a74-9317-998c725025f8', 'image': 'https://uploads-master.aws.bengalmeat.com/media/cattle-image/2025/BLF_4659.jpg'}, {'id': '7d98048d-6fbb-49f5-b019-72402305c898', 'image': 'https://uploads-master.aws.bengalmeat.com/media/cattle-image/2025/BLF_4659_4_7VSGuS9.jpg'}]",0.0,6 Months,2,0,40.3,-6o2eX4k8Ek,220.0,144000.00,False,True,True,True,True,MINIMUM,https://uploads-master.aws.bengalmeat.com/media/cattle-thumbnail/2025/BLF_4659_1.jpg,2025-04-24T08:19:17.832215+06:00,AVAILABLE
5a1fe5e6-2e28-4e9e-ae7f-0181c07d1730,BLF 4881,COW,MALE_BULL,RED,LOCAL,['GRASS_GRAIN_FED'],2.5 Years,"[{'id': 'c1abc957-e74c-47d0-a002-1099ff0e0733', 'image': 'https://uploads-master.aws.bengalmeat.com/media/cattle-image/2025/BLF_4881_2.jpg'}, {'id': '0381e74a-4704-40e8-a946-5d662b06f794', 'image': 'https://uploads-master.aws.bengalmeat.com/media/cattle-image/2025/BLF_4881_3.jpg'}, {'id': '3d85786c-6057-427c-b5d6-05ccbfafcaea', 'image': 'https://uploads-master.aws.bengalmeat.com/media/cattle-image/2025/BLF_4881_4.jpg'}]",0.0,6 Months,4,0,43.1,LBqxXjhKm48,320.0,205000.00,False,True,True,True,True,MINIMUM,https://uploads-master.aws.bengalmeat.com/media/cattle-thumbnail/2025/BLF_4881_1.jpg,2025-05-05T15:52:38.827036+06:00,AVAILABLE
cf834eed-56bb-4474-804c-08651a5ca9c7,BLF 4922,COW,MALE_BULL,RED,HOSTINE_CROSS,['GRASS_GRAIN_FED'],2 Years,"[{'id': '91893777-f8a3-48a8-b05f-1878178bc451', 'image': 'https://uploads-master.aws.bengalmeat.com/media/cattle-image/2025/BLF_4922_2.jpg'}, {'id': 'fe7c5577-e810-4c85-8e5c-ad1d7c5a548a', 'image': 'https://uploads-master.aws.bengalmeat.com/media/cattle-image/2025/BLF_4922_3.jpg'}, {'id': '6779f217-0a27-43ff-8f9f-334817d2d0da', 'image': 'https://uploads-master.aws.bengalmeat.com/media/cattle-image/2025/BLF_4922_4.jpg'}]",0.0,6 Months,2,0,48.3,dS7BibogSVU,306.0,194000.00,False,True,True,True,True,MEDIUM,https://uploads-master.aws.bengalmeat.com/media/cattle-thumbnail/2025/BLF_4922_1.jpg,2025-05-11T16:14:32.732760+06:00,AVAILABLE
c1ec1901-9553-4ec7-bc69-b8838c4717d4,BLF 4936,COW,MALE_BULL,RED,LOCAL,['GRASS_GRAIN_FED'],2 Years,"[{'id': '91f2fe1d-567c-481e-a44a-caa54ea363c6', 'image': 'https://uploads-master.aws.bengalmeat.com/media/cattle-image/2025/BLF_4936_2.jpg'}, {'id': 'e163d422-efea-40a9-a2ad-6fdc5c70c8dc', 'image': 'https://uploads-master.aws.bengalmeat.com/media/cattle-image/2025/BLF_4936_3.jpg'}, {'id': '10ab4d40-477a-4f27-8198-860bf4c551c0', 'image': 'https://uploads-master.aws.bengalmeat.com/media/cattle-image/2025/BLF_4936_4.jpg'}]",0.0,3 Months,2,0,39.1,89y24okUxGQ,200.0,130000.00,False,True,True,True,True,MINIMUM,https://uploads-master.aws.bengalmeat.com/media/cattle-thumbnail/2025/BLF_4936_1.jpg,2025-05-22T09:52:16.602400+06:00,ORDERED
71a45240-8f6c-4533-9c46-d192457b70a8,BLF 4705,COW,MALE_BULL,RED,LOCAL,['GRASS_GRAIN_FED'],2 Years,"[{'id': 'd0b31c65-0590-44d9-9be8-af3c6da4566b', 'image': 'https://uploads-master.aws.bengalmeat.com/media/cattle-image/2025/BLF_4705_2.jpg'}, {'id': '5ed4755d-f3d1-48b3-a53a-83883401bcfc', 'image': 'https://uploads-master.aws.bengalmeat.com/media/cattle-image/2025/BLF_4705_3.jpg'}, {'id': 'c42815e3-97ce-458c-995b-0c89dedf95c3', 'image': 'https://uploads-master.aws.bengalmeat.com/media/cattle-image/2025/BLF_4705_4.jpg'}]",0.0,6 Months,2,0,41.5,Gp6wbmgSQ34,216.0,141000.00,False,True,True,True,True,MINIMUM,https://uploads-master.aws.bengalmeat.com/media/cattle-thumbnail/2025/BLF_4705.jpg,2025-04-24T15:07:36.489436+06:00,AVAILABLE
5015cdeb-25c8-455e-b03c-63f55722da21,BLF 4711,COW,MALE_BULL,NON_RED,LOCAL,['GRASS_GRAIN_FED'],2 Years,"[{'id': 'ecfc6460-e339-4539-83dd-1fad6c1a98b0', 'image': 'https://uploads-master.aws.bengalmeat.com/media/cattle-image/2025/BLF_4711_2.jpg'}, {'id': '96727900-6d86-4df2-bf16-6637828bc16e', 'image': 'https://uploads-master.aws.bengalmeat.com/media/cattle-image/2025/BLF_4711_3.jpg'}, {'id': '5bf306c8-fb63-4f76-89b0-f8d8d5a46e6b', 'image': 'https://uploads-master.aws.bengalmeat.com/media/cattle-image/2025/BLF_4711_4.jpg'}]",0.0,6 Months,2,0,41.0,p69jTUkHnF4,245.0,157000.00,False,True,True,True,True,MINIMUM,https://uploads-master.aws.bengalmeat.com/media/cattle-thumbnail/2025/BLF_4711_1.jpg,2025-05-07T09:24:59.546330+06:00,ORDERED
f9cd2723-7257-462e-a6d6-7aa0179d07f6,BLF 4739,COW,MALE_BULL,NON_RED,LOCAL,['GRASS_GRAIN_FED'],2 Years,"[{'id': '6687e64c-263a-403b-b549-f34b80ae9305', 'image': 'https://uploads-master.aws.bengalmeat.com/media/cattle-image/2025/BLF_4739_2.jpg'}, {'id': '2a5627aa-626c-41a3-882a-d804a3ff16f3', 'image': 'https://uploads-master.aws.bengalmeat.com/media/cattle-image/2025/BLF_4739_3.jpg'}, {'id': 'b1f6a6de-1b07-4051-aef9-dd6126eaf60b', 'image': 'https://uploads-master.aws.bengalmeat.com/media/cattle-image/2025/BLF_4739_4.jpg'}]",0.0,6 Months,2,0,40.3,V1SnvzQv4n4,193.0,127000.00,False,True,True,True,True,MINIMUM,https://uploads-master.aws.bengalmeat.com/media/cattle-thumbnail/2025/BLF_4739_1.jpg,2025-04-24T15:49:46.180771+06:00,ORDERED
f443f155-d822-40bf-8994-7676ae3ec5a2,BLF 4738,COW,MALE_BULL,NON_RED,LOCAL,['GRASS_GRAIN_FED'],2 Years,"[{'id': 'e1808fb2-77ab-46d9-a456-4ef7b920a99f', 'image': 'https://uploads-master.aws.bengalmeat.com/media/cattle-image/2025/BLF_4738_2.jpg'}, {'id': '97c81616-c0ff-4e38-97d8-0a5b52698d87', 'image': 'https://uploads-master.aws.bengalmeat.com/media/cattle-image/2025/BLF_4738_3.jpg'}, {'id': 'a44f039a-af07-4721-8706-031af0e39b8a', 'image': 'https://uploads-master.aws.bengalmeat.com/media/cattle-image/2025/BLF_4738_2_OwYqXc0.jpg'}]",0.0,6 Months,2,0,39.1,VE5pre72S5Q,192.0,127000.00,False,True,True,True,True,MINIMUM,https://uploads-master.aws.bengalmeat.com/media/cattle-thumbnail/2025/BLF_4738_1_zF8puxH.jpg,2025-04-24T15:33:11.742221+06:00,ORDERED
495e6909-8288-4461-86c3-aa10fba98220,BLF 4710,COW,MALE_BULL,RED,,['GRASS_FED_GRASS_FINISHED'],2.5 Years,"[{'id': 'f67e924b-7c02-47b8-bcd6-69bc2d649f2b', 'image': 'https://uploads-master.aws.bengalmeat.com/media/cattle-image/2025/BLF_4710_2.jpg'}, {'id': '6ea9669d-b65e-466d-937f-5f8ae088ba8a', 'image': 'https://uploads-master.aws.bengalmeat.com/media/cattle-image/2025/BLF_4710_3.jpg'}, {'id': '10187f44-9641-44d1-9955-1fec78a9f7f6', 'image': 'https://uploads-master.aws.bengalmeat.com/media/cattle-image/2025/BLF_4710_4.jpg'}]",0.0,6 Months,4,0,43.2,rJsqfJFi4PY,284.0,180000.00,False,True,True,True,True,MINIMUM,https://uploads-master.aws.bengalmeat.com/media/cattle-thumbnail/2025/BLF_4710_1.jpg,2025-05-01T19:32:47.864358+06:00,AVAILABLE
1fb55adb-36d6-4774-a0a0-588ff72068aa,BLF 4704,COW,MALE_BULL,RED,LOCAL,['GRASS_GRAIN_FED'],2 Years,"[{'id': '682f14d7-d15d-4976-82bd-22f1985c3947', 'image': 'https://uploads-master.aws.bengalmeat.com/media/cattle-image/2025/BLF_4704_Ul5iIGE.jpg'}, {'id': '2d8333d9-1107-479e-a09c-51dc5891a4eb', 'image': 'https://uploads-master.aws.bengalmeat.com/media/cattle-image/2025/BLF_4704_3_zizDvUV.jpg'}, {'id': '23b522d9-8325-45ce-91b4-d2338ee98a83', 'image': 'https://uploads-master.aws.bengalmeat.com/media/cattle-image/2025/BLF_4704_4_R3XNX3w.jpg'}]",0.0,6 Months,2,0,36.3,hdKPIuGfRis,182.0,120000.00,False,True,True,True,True,MINIMUM,https://uploads-master.aws.bengalmeat.com/media/cattle-thumbnail/2025/BLF_4704_1.jpg,2025-04-24T15:05:04.529739+06:00,ORDERED
7902182c-64f9-4106-9061-3b1678b6f52f,BLF 4937,COW,MALE_BULL,RED,LOCAL,['GRASS_GRAIN_FED'],2 Years,"[{'id': 'd4d884ee-97b7-43a6-92bc-1759156a0218', 'image': 'https://uploads-master.aws.bengalmeat.com/media/cattle-image/2025/BLF_4937_2.jpg'}, {'id': 'a841116d-7584-4249-afa6-fa6ec777932c', 'image': 'https://uploads-master.aws.bengalmeat.com/media/cattle-image/2025/BLF_4937_3.jpg'}, {'id': 'bb26cdcb-44e8-4b6e-a786-5b838c960179', 'image': 'https://uploads-master.aws.bengalmeat.com/media/cattle-image/2025/BLF_4937_4.jpg'}]",0.0,3 Months,2,0,42.0,JZirYF01wZo,185.0,121000.00,False,True,True,True,True,MINIMUM,https://uploads-master.aws.bengalmeat.com/media/cattle-thumbnail/2025/BLF_4937_1.jpg,2025-05-22T09:53:32.448484+06:00,ORDERED
a27023b9-8472-43cd-aee6-814e282eef05,BLF 4923,COW,MALE_BULL,NON_RED,LOCAL,['GRASS_GRAIN_FED'],2 Years,"[{'id': '5ba6f743-e810-4bab-bd25-3264b3c79b17', 'image': 'https://uploads-master.aws.bengalmeat.com/media/cattle-image/2025/BLF_4923_2.jpg'}, {'id': 'b1e69660-344e-4534-a65e-e2173ade5474', 'image': 'https://uploads-master.aws.bengalmeat.com/media/cattle-image/2025/BLF_4923_3.jpg'}, {'id': '90822801-0dff-4129-95e2-2ed5365c7f49', 'image': 'https://uploads-master.aws.bengalmeat.com/media/cattle-image/2025/BLF_4923_4.jpg'}]",0.0,6 Months,2,0,44.4,WjzmKTrxhk4,308.0,195000.00,False,True,True,True,True,MINIMUM,https://uploads-master.aws.bengalmeat.com/media/cattle-thumbnail/2025/BLF_4923_1.jpg,2025-05-11T16:16:35.478342+06:00,AVAILABLE
35796aa6-06c1-49ff-9f46-613f6538b675,BLF 4880,COW,MALE_BULL,RED,LOCAL,['GRASS_GRAIN_FED'],2 Years,"[{'id': '1da81de0-e415-433a-8020-5b8564e32e1b', 'image': 'https://uploads-master.aws.bengalmeat.com/media/cattle-image/2025/BLF_4880_2.jpg'}, {'id': 'bbf70f1b-1c1a-4ddc-8cd9-a50ee88bee6c', 'image': 'https://uploads-master.aws.bengalmeat.com/media/cattle-image/2025/BLF_4880_3.jpg'}, {'id': '0f9676af-bd22-484c-ba06-434260f53901', 'image': 'https://uploads-master.aws.bengalmeat.com/media/cattle-image/2025/BLF_4880_4.jpg'}]",0.0,6 Months,2,0,44.3,pesks_3p6wY,295.0,189000.00,False,True,True,True,True,MINIMUM,https://uploads-master.aws.bengalmeat.com/media/cattle-thumbnail/2025/BLF_4880_1.jpg,2025-05-05T15:35:47.316369+06:00,AVAILABLE
ac418328-fb03-4e07-a428-a4f9a44970ff,BLF 4658,COW,MALE_BULL,RED,LOCAL,['GRASS_GRAIN_FED'],2 Years,"[{'id': '71dc76a1-6e37-4629-ba71-027f13590599', 'image': 'https://uploads-master.aws.bengalmeat.com/media/cattle-image/2025/BLF_4658_2.jpg'}, {'id': '517dabc0-ed78-40c4-92ad-a12a1e32ed79', 'image': 'https://uploads-master.aws.bengalmeat.com/media/cattle-image/2025/BLF_4658_3.jpg'}, {'id': 'e4e3f2d6-960d-4aea-86e4-0cbd1be7f904', 'image': 'https://uploads-master.aws.bengalmeat.com/media/cattle-image/2025/BLF_4658_4.jpg'}]",0.0,6 Months,2,0,40.3,K8V92s2e-aw,232.0,152000.00,False,True,True,True,True,MINIMUM,https://uploads-master.aws.bengalmeat.com/media/cattle-thumbnail/2025/BLF_4658_1.jpg,2025-04-24T08:15:47.382469+06:00,AVAILABLE
db9bab4d-5778-46fe-b524-a872564a5842,BLF 4894,COW,MALE_BULL,RED,LOCAL,['GRASS_GRAIN_FED'],2 Years,"[{'id': '100ff806-6278-4347-9cc6-70db14ba4228', 'image': 'https://uploads-master.aws.bengalmeat.com/media/cattle-image/2025/BLF_4894_2.jpg'}, {'id': 'fb666477-2895-45da-a24d-d43bfb7718a3', 'image': 'https://uploads-master.aws.bengalmeat.com/media/cattle-image/2025/BLF_4894_3.jpg'}, {'id': '78bcb0b7-ad10-46d6-9ad9-fc54a8e716c3', 'image': 'https://uploads-master.aws.bengalmeat.com/media/cattle-image/2025/BLF_4894_4.jpg'}]",0.0,6 Months,2,0,40.3,utwGM9prYZM,194.0,127000.00,False,True,True,True,True,MINIMUM,https://uploads-master.aws.bengalmeat.com/media/cattle-thumbnail/2025/BLF_4894_1.jpg,2025-05-08T11:05:00.962574+06:00,ORDERED
af29e7f4-f231-412c-b433-4d8de59aa814,BLF 4664,COW,MALE_BULL,RED,SAHIWAL,['GRASS_FED_GRASS_FINISHED'],2 Years,"[{'id': '0b12fc10-66f9-4172-a7c2-955d83abe480', 'image': 'https://uploads-master.aws.bengalmeat.com/media/cattle-image/2025/BLF_4664_2.jpg'}, {'id': 'e2d11e9b-dd7e-4ddc-855f-4b60268a1038', 'image': 'https://uploads-master.aws.bengalmeat.com/media/cattle-image/2025/BLF_4664_3.jpg'}, {'id': '273aecf6-4a4e-4453-aea1-ec7e767d1972', 'image': 'https://uploads-master.aws.bengalmeat.com/media/cattle-image/2025/BLF_4664.jpg'}]",0.0,6 Months,2,0,42.4,zIj8uL3HMGg,250.0,161000.00,True,True,True,True,True,MINIMUM,https://uploads-master.aws.bengalmeat.com/media/cattle-thumbnail/2025/BLF_4664_1.jpg,2025-04-24T08:27:16.988380+06:00,AVAILABLE
c35a9232-2f47-4358-8662-b426de5237ff,BLF 4670,COW,MALE_BULL,RED,LOCAL,['GRASS_GRAIN_FED'],2.5 Years,"[{'id': '15615768-c08a-4f60-b1cf-2ff6a0fb8a9b', 'image': 'https://uploads-master.aws.bengalmeat.com/media/cattle-image/2025/BLF_4670_2.jpg'}, {'id': '38053285-024c-44ba-bafd-1fee8ad38d20', 'image': 'https://uploads-master.aws.bengalmeat.com/media/cattle-image/2025/BLF_4670_3.jpg'}, {'id': '2271c9a6-0462-48e2-bbc5-795b04dbece7', 'image': 'https://uploads-master.aws.bengalmeat.com/media/cattle-image/2025/BLF_4670_2_C5Lnz7l.jpg'}]",0.0,6 Months,4,0,40.0,NbST0btCcZo,224.0,146000.00,False,True,True,True,True,MINIMUM,https://uploads-master.aws.bengalmeat.com/media/cattle-thumbnail/2025/BLF_4670_1_LNC9BV2.jpg,2025-04-24T10:27:34.720411+06:00,ORDERED
73d931dc-b591-48aa-87fd-d05cbb1e6af6,BLF 4843,COW,MALE_BULL,RED,LOCAL,['GRASS_FED_GRAIN_FINISHED'],2 Years,"[{'id': '6b7731bd-00c9-4df7-807a-b7ebcad87743', 'image': 'https://uploads-master.aws.bengalmeat.com/media/cattle-image/2025/BLF_4843_2.jpg'}, {'id': '65638297-5784-43e6-9d06-914e0c83093e', 'image': 'https://uploads-master.aws.bengalmeat.com/media/cattle-image/2025/BLF_4843_3.jpg'}, {'id': 'c91b9db4-3c5e-482a-8b66-5e2041a825fa', 'image': 'https://uploads-master.aws.bengalmeat.com/media/cattle-image/2025/BLF_4843_4.jpg'}]",0.0,12 Months,2,0,45.6,ZR5vync28Sc,300.0,190000.00,False,True,True,True,True,MEDIUM,https://uploads-master.aws.bengalmeat.com/media/cattle-thumbnail/2025/BLF_4843_1.jpg,2025-05-04T15:13:26.320480+06:00,AVAILABLE
49db46c8-e01e-46b9-9bbb-f00bdd53e1bd,BLF 4857,COW,MALE_BULL,RED,HOSTINE_CROSS,['GRASS_GRAIN_FED'],2.5 Years,"[{'id': '4d3e7be7-f776-47e7-b8c6-0f4939f03b7d', 'image': 'https://uploads-master.aws.bengalmeat.com/media/cattle-image/2025/BLF_4857_2.jpg'}, {'id': '5066b3cd-0fa4-475d-9e9e-e1fc5243eb69', 'image': 'https://uploads-master.aws.bengalmeat.com/media/cattle-image/2025/BLF_4857_3.jpg'}, {'id': '2ea90220-fdc4-4ba5-b9b3-98e29a25f13f', 'image': 'https://uploads-master.aws.bengalmeat.com/media/cattle-image/2025/BLF_4857_4.jpg'}]",0.0,6 Months,4,0,42.2,HZ8ZmXmneGU,272.0,173000.00,False,True,True,True,True,MINIMUM,https://uploads-master.aws.bengalmeat.com/media/cattle-thumbnail/2025/BLF_4857_1.jpg,2025-05-03T15:58:36.753436+06:00,AVAILABLE
